id,title,summary,link,source,source_type,source_reliability,published,collected_at,sentiment_score,sentiment,impact,relevance,weighted_signal
f56b7e40e0948fae32b489b168c51738a3d36e9696ce18691cb00049c157eeeb,Coal based Projects,Coal based Projects,https://www.reliancepower.co.in/web/reliance-power/coal-based-projects,Reliance Power,OFFICIAL_RPOWER,1.0,,2026-09-01T22:46:39.085002+00:00,0.0,NEUTRAL,3,0.35,0.0
7c06f6b0bcdbac980d082cffdb3f08e67f52e069e6496842ccf6af4b2e3ea0fa,Hydroelectricity Projects,Hydroelectricity Projects,https://www.reliancepower.co.in/web/reliance-power/hydroelectricity-projects,Reliance Power,OFFICIAL_RPOWER,1.0,,2026-09-01T22:46:39.085084+00:00,0.0,NEUTRAL,3,0.35,0.0
6c40ff4d7e8346b251fc432dc0cd56547c38a24c31892ca8965e5a437e19113e,Power Projects,Power Projects,https://www.reliancepower.co.in/web/reliance-power/projects-overview,Reliance Power,OFFICIAL_RPOWER,1.0,,2026-09-01T22:46:39.084982+00:00,0.0,NEUTRAL,3,0.1,0.0
678f1cdc75cfbb25350d4de2f8efb13761f0ee86a76de6be0409da688a7e14f2,Gas based Projects,Gas based Projects,https://www.reliancepower.co.in/web/reliance-power/gas-based-projects,Reliance Power,OFFICIAL_RPOWER,1.0,,2026-09-01T22:46:39.085023+00:00,0.0,NEUTRAL,3,0.1,0.0
792107bd64d1924673937e0d826f997a9fd688f454ab2bc2cb3c38ad66568ba1,Financials,Financials Financial Results Annual Report Annual Return Financial Statement of Subsidiaries,https://www.reliancepower.co.in/web/reliance-power/financials,Reliance Power,OFFICIAL_RPOWER,1.0,,2026-09-01T22:46:39.085181+00:00,0.0,NEUTRAL,3,0.1,0.0
3249a1494040933bd8e436b0ab8ffd704c856d7b3a0b92e5107da0354d520bde,Financial Results,Financial Results,https://www.reliancepower.co.in/web/reliance-power/financial-results,Reliance Power,OFFICIAL_RPOWER,1.0,,2026-09-01T22:46:39.085203+00:00,0.0,NEUTRAL,3,0.1,0.0
dfdd9818a8f362c8678b4c89d6f74af94d2c1a7b91ae24b347ec762fdf42cb58,Filing with Regulatory,Filing with Regulatory,https://www.reliancepower.co.in/web/reliance-power/filing-with-regulatory,Reliance Power,OFFICIAL_RPOWER,1.0,,2026-09-01T22:46:39.085313+00:00,0.0,NEUTRAL,3,0.1,0.0
0d5a9cb5436786247ccbac15275fae8e85579fc31fdc4f6b21926bea9a8fa016,US Exim Files IBC Application Against Reliance Power Subsidiary SPL Alleging Debt Default - scanx.trade,"<a href=""https://news.google.com/rss/articles/CBMi_AFBVV95cUxQcmgyUEhrNUxBRXNLUnM2Z3dpYll0al80MHJTMksxZTBYdXhiMmRSWG9QbklmTThNZWZVWmpRa21RVmNlTi03bGxHVGZOSS10M2F1VXBJdHlDYjhWdmlIOGNCTEtxNDdiY0llOW9JY2NuVEFJSmtoRVE5OTgwWUZoaTRlRXRNYzNHRXdpc2phZWVPaTZSUlhFcVFGOURKbEFObTNCbTQ0RFpWcUNBY2dQamwwM0ZQMTBxUW40Y0JhamthNDNXc3lLM1d3UER3bGZEZnc2bkNOODZ6TTJKN1ZZOEJQNDA3REpsd3hHNnBhblM4ZE40WkF5SWFoRjc?oc=5"" target=""_blank"">US Exim Files IBC Application Against Reliance Power Subsidiary SPL Alleging Debt Default</a>&nbsp;&nbsp;<font color=""#6f6f6f"">scanx.trade</font>",https://news.google.com/rss/articles/CBMi_AFBVV95cUxQcmgyUEhrNUxBRXNLUnM2Z3dpYll0al80MHJTMksxZTBYdXhiMmRSWG9QbklmTThNZWZVWmpRa21RVmNlTi03bGxHVGZOSS10M2F1VXBJdHlDYjhWdmlIOGNCTEtxNDdiY0llOW9JY2NuVEFJSmtoRVE5OTgwWUZoaTRlRXRNYzNHRXdpc2phZWVPaTZSUlhFcVFGOURKbEFObTNCbTQ0RFpWcUNBY2dQamwwM0ZQMTBxUW40Y0JhamthNDNXc3lLM1d3UER3bGZEZnc2bkNOODZ6TTJKN1ZZOEJQNDA3REpsd3hHNnBhblM4ZE40WkF5SWFoRjc?oc=5,Google News - Risk,RSS,0.7,"Thu, 30 Apr 2026 07:00:00 GMT",2026-09-01T22:46:06.731230+00:00,-0.7124,BEARISH,3,1.0,-1.4960399999999998
264f5ee493df098a67622b21e7c05715b23ef5b7c0c512dbb74a1588d8d2015c,Reliance Power Q3 results: Net profit drops 40% YoY to ₹25 crore; revenues up 1% — Details here - Livemint,"<a href=""https://news.google.com/rss/articles/CBMi8wFBVV95cUxOeE9ibVJhODhjTDZVZU5qUENQQTY4RDVabk9BVEJtVE4tYld1R2dsNDRRTUg2eUZWRl9XU211UE1aZFZLVlQ4MWFwcXJ1c2FRRDBNTzAtU1hSUGY1Y3VOVDJMV2FoLURMZWlMaUtjVlViYXZtS2huZzJ6ZHhuMnNnTGtnamhTM0dMczUxM04wcV9lNE80TGtJLVAzamlYdE11MzZ6RFVWbTZkZWpBeWY1YlBPQ1F2dzR2bmVXTTlhQi1VU0FnX1hMRlQtaDQzTEgyenJkdU5kb0QwSDNHZTlCeFduRVhwS1RXWm1ldjZWY0pac2vSAfgBQVVfeXFMTTIzUzQ1TzBLbG5Hd0JRaUV5UDgwZHlhYUt5SEpMQzZ4WDRPNEFDVDNoWkUwT2F3TE5fMWhheEZlWVc4NFE3TXMyYTdNeEVVV0d4MDlmQUxwUFhvdm51NU4tSGEzdXNqb3NwOUtHOVg0TVRZUFA4N0FCbjN0ZUxoVnpDZm1hUUlCclRiNVJLVE5qUThPZzF0REpOYnBPMm52TGpLVVA4ODJmaWhCODhZc0V1WDhoamhjOXMxdXVOY3VkYVBJaG9YT3BpLWlFVVhjLVRDZExuZWVRSXFQc1F5QVM3NWVkcWI4UW1jVm5hQ1BsMGlmOU9iZkk?oc=5"" target=""_blank"">Reliance Power Q3 results: Net profit drops 40% YoY to ₹25 crore; revenues up 1% — Details here</a>&nbsp;&nbsp;<font color=""#6f6f6f"">Livemint</font>",https://news.google.com/rss/articles/CBMi8wFBVV95cUxOeE9ibVJhODhjTDZVZU5qUENQQTY4RDVabk9BVEJtVE4tYld1R2dsNDRRTUg2eUZWRl9XU211UE1aZFZLVlQ4MWFwcXJ1c2FRRDBNTzAtU1hSUGY1Y3VOVDJMV2FoLURMZWlMaUtjVlViYXZtS2huZzJ6ZHhuMnNnTGtnamhTM0dMczUxM04wcV9lNE80TGtJLVAzamlYdE11MzZ6RFVWbTZkZWpBeWY1YlBPQ1F2dzR2bmVXTTlhQi1VU0FnX1hMRlQtaDQzTEgyenJkdU5kb0QwSDNHZTlCeFduRVhwS1RXWm1ldjZWY0pac2vSAfgBQVVfeXFMTTIzUzQ1TzBLbG5Hd0JRaUV5UDgwZHlhYUt5SEpMQzZ4WDRPNEFDVDNoWkUwT2F3TE5fMWhheEZlWVc4NFE3TXMyYTdNeEVVV0d4MDlmQUxwUFhvdm51NU4tSGEzdXNqb3NwOUtHOVg0TVRZUFA4N0FCbjN0ZUxoVnpDZm1hUUlCclRiNVJLVE5qUThPZzF0REpOYnBPMm52TGpLVVA4ODJmaWhCODhZc0V1WDhoamhjOXMxdXVOY3VkYVBJaG9YT3BpLWlFVVhjLVRDZExuZWVRSXFQc1F5QVM3NWVkcWI4UW1jVm5hQ1BsMGlmOU9iZkk?oc=5,Google News - Stock,RSS,0.7,"Fri, 30 Jan 2026 08:00:00 GMT",2026-09-01T22:46:05.199135+00:00,0.7503000000000001,BULLISH,3,1.0,1.57563
1f7ae857ee741d8bea1b0171045fb5a7ac78cc316dca657e8f49164e0074eae1,Reliance Power Q4 FY26 Results: Loss Rs 494 Cr - Univest,"<a href=""https://news.google.com/rss/articles/CBMiZkFVX3lxTE5PVDlvUjVtenN6Ui01MU41RWZrejllSTlPZlN6MHk4MU1KbnV3ZnhFaVJqVC15ci1Ib1JKVnBLZWQxM1J5d0I0TzBZNHdZaGFRMjVrZGpjMU5vSG9yQmo4dWF4R2REUQ?oc=5"" target=""_blank"">Reliance Power Q4 FY26 Results: Loss Rs 494 Cr</a>&nbsp;&nbsp;<font color=""#6f6f6f"">Univest</font>",https://news.google.com/rss/articles/CBMiZkFVX3lxTE5PVDlvUjVtenN6Ui01MU41RWZrejllSTlPZlN6MHk4MU1KbnV3ZnhFaVJqVC15ci1Ib1JKVnBLZWQxM1J5d0I0TzBZNHdZaGFRMjVrZGpjMU5vSG9yQmo4dWF4R2REUQ?oc=5,Google News - Company,RSS,0.7,"Fri, 22 May 2026 07:00:00 GMT",2026-09-01T22:46:04.767351+00:00,-0.6074,BEARISH,3,1.0,-1.27554
29ebbb2849abb32ba5e1ea79c18c3985000e766dac1c7d7f40941351b28bb0f6,Ex-Reliance Power CFO Ashok Pal sent to judicial custody; court reserves order till October 18 - The Economic Times,"<a href=""https://news.google.com/rss/articles/CBMi7wFBVV95cUxNYktKREdSLXUyM3pqNG1NMXVXbnM3R0pVX3h4cnBwbTFSRUxUSERLeWx1OVBMb19mTkFqNmVpbmFNRTdlRG1DOFdzMTc5ZDBBbFBrMXc2ZGw0TVNROTdFbzFCM3VVbVAzS3VmM2FDOXBSRlRpb2FzRy1Wb2p3NXV6bjBTeWMtQkZLUkR4WUR0ZFUtT2RIaTJxSDZ3bjR1cXJieEZwbDZTNWhDVHRFWHVPNkhFMmE3eHdCUFBKRVBjREdTSkVJaEFETDQwTlJrY181UEt0cEdzZElfU0xJTVkwQ0plSHh3eXJiVDMzZUM3RdIB9AFBVV95cUxNRjdnNDhYLUp3aFdqcmlwMjJMNnNXWVBLVFcwSjZBVEM4cjItVXZXelpNZ2h2VkJfcVd4M19IeDF2ZFBlSEVJb01hZEpmRlJIMHQ2NmwzT0l4ei0yT0dKanZQT1RlTjdUNDRYMDR6RldJZENOaW10V1RCWC1DQS1XeldrWHB1WFdiWEZxTU9ZZGRaalVibF9XUzZHQ1lvQ3VBeU5nYU94R19ZWlNDNVRzcl9JRHVKVmY0elFiOUhNM3hvZ2x2ZEhrQjVUaDlkdGNteG9HaXg4NUVMdk5MMl90NjFPODdNQzF6MGNzLU5vb3g3TkR4?oc=5"" target=""_blank"">Ex-Reliance Power CFO Ashok Pal sent to judicial custody; court reserves order till October 18</a>&nbsp;&nbsp;<font color=""#6f6f6f"">The Economic Times</font>",https://news.google.com/rss/articles/CBMi7wFBVV95cUxNYktKREdSLXUyM3pqNG1NMXVXbnM3R0pVX3h4cnBwbTFSRUxUSERLeWx1OVBMb19mTkFqNmVpbmFNRTdlRG1DOFdzMTc5ZDBBbFBrMXc2ZGw0TVNROTdFbzFCM3VVbVAzS3VmM2FDOXBSRlRpb2FzRy1Wb2p3NXV6bjBTeWMtQkZLUkR4WUR0ZFUtT2RIaTJxSDZ3bjR1cXJieEZwbDZTNWhDVHRFWHVPNkhFMmE3eHdCUFBKRVBjREdTSkVJaEFETDQwTlJrY181UEt0cEdzZElfU0xJTVkwQ0plSHh3eXJiVDMzZUM3RdIB9AFBVV95cUxNRjdnNDhYLUp3aFdqcmlwMjJMNnNXWVBLVFcwSjZBVEM4cjItVXZXelpNZ2h2VkJfcVd4M19IeDF2ZFBlSEVJb01hZEpmRlJIMHQ2NmwzT0l4ei0yT0dKanZQT1RlTjdUNDRYMDR6RldJZENOaW10V1RCWC1DQS1XeldrWHB1WFdiWEZxTU9ZZGRaalVibF9XUzZHQ1lvQ3VBeU5nYU94R19ZWlNDNVRzcl9JRHVKVmY0elFiOUhNM3hvZ2x2ZEhrQjVUaDlkdGNteG9HaXg4NUVMdk5MMl90NjFPODdNQzF6MGNzLU5vb3g3TkR4?oc=5,Google News - Deals,RSS,0.7,"Thu, 16 Oct 2025 07:00:00 GMT",2026-09-01T22:46:06.163722+00:00,0.05,NEUTRAL,3,1.0,0.10500000000000001
c0b355d651ce3c5d3e81fe0c31aeb6f9579e93e4ae689997ab0f7d26eb961bd4,US Exim Bank Drags Reliance Power To Bankruptcy Court For $165 Million Default - ndtvprofit.com,"<a href=""https://news.google.com/rss/articles/CBMixAFBVV95cUxQd0FKRlBkcW1PbzUwMEpPM2xfTlRGUS0zYUQ4NFlnajlJeDdMc1hDdVhmSi1vaVUxYXdzOFZIX2xKYkFHYldZbjBmM0o1OXh1TmswSUc0YXRiekozMDVUSHljbWhDWklsTUZiNUQwZ1plN1JxRFF2a3hYYTJEQTVtSjl5bmtvdUJ5WElIcVZUWmdGQ3lmZUEwTGI1NnhJZFh3SVRNN0dmb2xSbUs0bFh1NlNBbm8xSDhnWWQybldPald5N0hi0gHMAUFVX3lxTFBfRTJhRHJMU1hIdVdiVWhjcTI1STV4UEtRcE53RnBrWHVYeTljOHdudnd0bm96TEQ5VFhKOHN6dEhna0ZFZTF1T09YRzlhNUJ1VTZLX192SlZITjNGTTJLSFJ4NllrUElHOWkwaEV6d0pDSGNkQkpVcDBmYnJqbER6WTNwMVdCQlhtb2l1aXZkTmxVMFl2R2s1T2hjVnZyczVnT2trMzk4ZTNNYjNMWl8xUFNGQ2JwczZDSXdydFl6Z190RTVNTEIzNUt0RA?oc=5"" target=""_blank"">US Exim Bank Drags Reliance Power To Bankruptcy Court For $165 Million Default</a>&nbsp;&nbsp;<font color=""#6f6f6f"">ndtvprofit.com</font>",https://news.google.com/rss/articles/CBMixAFBVV95cUxQd0FKRlBkcW1PbzUwMEpPM2xfTlRGUS0zYUQ4NFlnajlJeDdMc1hDdVhmSi1vaVUxYXdzOFZIX2xKYkFHYldZbjBmM0o1OXh1TmswSUc0YXRiekozMDVUSHljbWhDWklsTUZiNUQwZ1plN1JxRFF2a3hYYTJEQTVtSjl5bmtvdUJ5WElIcVZUWmdGQ3lmZUEwTGI1NnhJZFh3SVRNN0dmb2xSbUs0bFh1NlNBbm8xSDhnWWQybldPald5N0hi0gHMAUFVX3lxTFBfRTJhRHJMU1hIdVdiVWhjcTI1STV4UEtRcE53RnBrWHVYeTljOHdudnd0bm96TEQ5VFhKOHN6dEhna0ZFZTF1T09YRzlhNUJ1VTZLX192SlZITjNGTTJLSFJ4NllrUElHOWkwaEV6d0pDSGNkQkpVcDBmYnJqbER6WTNwMVdCQlhtb2l1aXZkTmxVMFl2R2s1T2hjVnZyczVnT2trMzk4ZTNNYjNMWl8xUFNGQ2JwczZDSXdydFl6Z190RTVNTEIzNUt0RA?oc=5,Google News - Risk,RSS,0.7,"Thu, 30 Apr 2026 07:00:00 GMT",2026-09-01T22:46:06.731089+00:00,-0.34,BEARISH,3,1.0,-0.714
deb35f7a266eb23a5b316a8bdbd4302f443702cb883bc8457fdaec67539dceef,"Reliance Power shares: Anil Ambani group stock jumps 12% on Q4 results, large order win by subsidiary - Livemint","<a href=""https://news.google.com/rss/articles/CBMi-wFBVV95cUxNUXotdThZLWtEUnhpb3BXWVNQN29GQ0hlcm1NYkVTbzBHeldNbVBHZHJteExSUFNRc2FhdDBxVE9WSEpta25jUU9pLXY1ZkFjMDRXV3VNdWlWTnVNTC1IMkxVczhvVllIU2NjZEZVUnplVnpHczdvMUh2TlFvRlREVmpzelFObTcxeFJJT0pkSU1wVGJNUWJTUmE2anZiWlpsOEF1MTV3RXZiQi1mSUp3RTNOd1RIREJqVWdEYmhXOWpmWEhJQ3E5OHZxcWQ0d1JYSE1STF9XWUg1TWkyQ3RYOVRpZ3JBREdpc05qN2VLaDFmZm5VMmc0V3hhMNIBgAJBVV95cUxOZzBfS2xqUUk1Q190RFBoenBKR1hlZjNweWJ5QjNwdjV2ZlNTOEhPcWR1QkNIa1hmZHI2VWc1UkhxWHJyUjYyVWM2OTM5YXNUZi1mVXJOSjIyUDRWZXdaYUwyZzFaanJBeWpIcGFQUmR3MW0tNzM3NDVlZ2NsZWJ3Z2NJcm95SUV1ZjFxWHp5ay1xNUhrcnNDeXZhbnFSS0R0YWlVRlBwRndvaWpzWmRqNE9CMElhQ3dyU05DR2dsTE12Y2VGM094V2JwTGhCRlJMNGdaLVhkbXp6aUt4eG1GVEhJMXZRSEhFSlJkN2VNa3VNZ01yUDhEbEs5dTA5NkJK?oc=5"" target=""_blank"">Reliance Power shares: Anil Ambani group stock jumps 12% on Q4 results, large order win by subsidiary</a>&nbsp;&nbsp;<font color=""#6f6f6f"">Livemint</font>",https://news.google.com/rss/articles/CBMi-wFBVV95cUxNUXotdThZLWtEUnhpb3BXWVNQN29GQ0hlcm1NYkVTbzBHeldNbVBHZHJteExSUFNRc2FhdDBxVE9WSEpta25jUU9pLXY1ZkFjMDRXV3VNdWlWTnVNTC1IMkxVczhvVllIU2NjZEZVUnplVnpHczdvMUh2TlFvRlREVmpzelFObTcxeFJJT0pkSU1wVGJNUWJTUmE2anZiWlpsOEF1MTV3RXZiQi1mSUp3RTNOd1RIREJqVWdEYmhXOWpmWEhJQ3E5OHZxcWQ0d1JYSE1STF9XWUg1TWkyQ3RYOVRpZ3JBREdpc05qN2VLaDFmZm5VMmc0V3hhMNIBgAJBVV95cUxOZzBfS2xqUUk1Q190RFBoenBKR1hlZjNweWJ5QjNwdjV2ZlNTOEhPcWR1QkNIa1hmZHI2VWc1UkhxWHJyUjYyVWM2OTM5YXNUZi1mVXJOSjIyUDRWZXdaYUwyZzFaanJBeWpIcGFQUmR3MW0tNzM3NDVlZ2NsZWJ3Z2NJcm95SUV1ZjFxWHp5ay1xNUhrcnNDeXZhbnFSS0R0YWlVRlBwRndvaWpzWmRqNE9CMElhQ3dyU05DR2dsTE12Y2VGM094V2JwTGhCRlJMNGdaLVhkbXp6aUt4eG1GVEhJMXZRSEhFSlJkN2VNa3VNZ01yUDhEbEs5dTA5NkJK?oc=5,Google News - Deals,RSS,0.7,"Mon, 12 May 2025 07:00:00 GMT",2026-09-01T22:46:06.163876+00:00,0.9501000000000001,BULLISH,3,1.0,1.9952100000000002
20ebe6ba64e6096fc56a890eea7287acb24e2362aae7b24adf18d47866412925,Reliance Power Q2 Results 2025: Net Profit Falls by 96.97% YoY - Univest,"<a href=""https://news.google.com/rss/articles/CBMiZkFVX3lxTFBZUTJYeDNkTmJBMkJuMlZ5anNNb2ZTZXpadG9lelprNTRVUUpGRmxZcWYtUURDRmdkRENqRmpISWxybkp1UjJKSEZQS0x5TFlQeWY0b2hKZGgzRFdWdmtaMDNlYmYtZw?oc=5"" target=""_blank"">Reliance Power Q2 Results 2025: Net Profit Falls by 96.97% YoY</a>&nbsp;&nbsp;<font color=""#6f6f6f"">Univest</font>",https://news.google.com/rss/articles/CBMiZkFVX3lxTFBZUTJYeDNkTmJBMkJuMlZ5anNNb2ZTZXpadG9lelprNTRVUUpGRmxZcWYtUURDRmdkRENqRmpISWxybkp1UjJKSEZQS0x5TFlQeWY0b2hKZGgzRFdWdmtaMDNlYmYtZw?oc=5,Google News - Results,RSS,0.7,"Thu, 13 Nov 2025 08:00:00 GMT",2026-09-01T22:46:05.711605+00:00,0.7503000000000001,BULLISH,3,1.0,1.57563
30acda0047af482c3f9b5d3cf646348b2a564eb586f56d83d624be513905b57b,"Reliance Power Q2FY26 results: Net profit at ₹87 crore, rebounds from loss - Business Standard","<a href=""https://news.google.com/rss/articles/CBMi6AFBVV95cUxNeW1ib0NiV0ZlLTh3Yk5WVmhCeFNKcEM2MkUwcGx4cEltck5aWnFlM1YycDlnMWVRdnNyT2FiMmU2MWpqVFlucnRibzZtNHEwcm1FWHRzMEQ4emZHdnpTMDBKRHZ3STI0WVMydHFybGxITkVEcGpmeHB4OTg0MVBGMGt4RFZkb0VfN2xwRnROUEpTV183SWNEd2ZEbjJCTk00cFRXV2pLRWRmMDNJcmtkMnUxVnVDSmlWZFQzUW1IekhDYlY2VzRtSC03TUZhT29JWWtMcDZnNlU2M09xUmhfS2tQT09xeTNz0gHuAUFVX3lxTE9NREZud0tuc3k2cFBFTEx3cEFCWC1kSTBxcURoNVNKdUc3R0NvUy1FdTFNdlloMFlaTnZrb1N1cHdQN1FCTUU4T3d4TnJfZmh1SzBkaEpQaFU4QXFwNS1VQ1FybkJsNWIyOF83Qm1sNlEzdkVNVmpzcUYtcE9UbTZNVGRIZ1A2ckUzT3hXbm16X2dqZFRRWmdNR2UwaFBWUGcwOVRHbmJDYjV5czhOYWtFR2poQlg4aUtjN3NHTEJKM2F6OXd2b3locnhXVXV4c1FGM2tLSk9UZUJVX1RwN0hoZGNXVFg2cW93aklyYmc?oc=5"" target=""_blank"">Reliance Power Q2FY26 results: Net profit at ₹87 crore, rebounds from loss</a>&nbsp;&nbsp;<font color=""#6f6f6f"">Business Standard</font>",https://news.google.com/rss/articles/CBMi6AFBVV95cUxNeW1ib0NiV0ZlLTh3Yk5WVmhCeFNKcEM2MkUwcGx4cEltck5aWnFlM1YycDlnMWVRdnNyT2FiMmU2MWpqVFlucnRibzZtNHEwcm1FWHRzMEQ4emZHdnpTMDBKRHZ3STI0WVMydHFybGxITkVEcGpmeHB4OTg0MVBGMGt4RFZkb0VfN2xwRnROUEpTV183SWNEd2ZEbjJCTk00cFRXV2pLRWRmMDNJcmtkMnUxVnVDSmlWZFQzUW1IekhDYlY2VzRtSC03TUZhT29JWWtMcDZnNlU2M09xUmhfS2tQT09xeTNz0gHuAUFVX3lxTE9NREZud0tuc3k2cFBFTEx3cEFCWC1kSTBxcURoNVNKdUc3R0NvUy1FdTFNdlloMFlaTnZrb1N1cHdQN1FCTUU4T3d4TnJfZmh1SzBkaEpQaFU4QXFwNS1VQ1FybkJsNWIyOF83Qm1sNlEzdkVNVmpzcUYtcE9UbTZNVGRIZ1A2ckUzT3hXbm16X2dqZFRRWmdNR2UwaFBWUGcwOVRHbmJDYjV5czhOYWtFR2poQlg4aUtjN3NHTEJKM2F6OXd2b3locnhXVXV4c1FGM2tLSk9UZUJVX1RwN0hoZGNXVFg2cW93aklyYmc?oc=5,Google News - Results,RSS,0.7,"Tue, 11 Nov 2025 08:00:00 GMT",2026-09-01T22:46:05.711522+00:00,0.5423,BULLISH,3,1.0,1.13883
787e34e31644ec45ec7ad5b0ec9a7f1013d4067d82f4fb3d3be4169045db2569,Reliance Power (RPOWER.NS) Q2 2026 Earnings: Revenue Expansion Amidst Net Loss and Broad Market Weakness - Estimate Accuracy - vinanet.vn,"<a href=""https://news.google.com/rss/articles/CBMi2AFBVV95cUxOeUF2ZFNsREhCbVBfSHJOVWtzeTNjcjNKQzFQV2p5MnB0RUc4Y29TVVZKQTFueUFkNWtCUmtoc2RjZjc2MHo5STJpcS1tMUZtLW8tYS1wNnFrZk9hdzVGQmRaMUlKUU1VLWJDWkpZdVZXc0VlVk5aYnBNRUxwb2dOUUpvT3V1em9QOEdjOGh6ZTlpdUpDR1ctOWEyWEVtdmlTc2w5cmpFbzJTbEh3WGI1YVlzSC1QamFWeTlaQzRSeHNDUlNUTzQ0cHhnNmlIUGxOazNNSFpGeU0?oc=5"" target=""_blank"">Reliance Power (RPOWER.NS) Q2 2026 Earnings: Revenue Expansion Amidst Net Loss and Broad Market Weakness - Estimate Accuracy</a>&nbsp;&nbsp;<font color=""#6f6f6f"">vinanet.vn</font>",https://news.google.com/rss/articles/CBMi2AFBVV95cUxOeUF2ZFNsREhCbVBfSHJOVWtzeTNjcjNKQzFQV2p5MnB0RUc4Y29TVVZKQTFueUFkNWtCUmtoc2RjZjc2MHo5STJpcS1tMUZtLW8tYS1wNnFrZk9hdzVGQmRaMUlKUU1VLWJDWkpZdVZXc0VlVk5aYnBNRUxwb2dOUUpvT3V1em9QOEdjOGh6ZTlpdUpDR1ctOWEyWEVtdmlTc2w5cmpFbzJTbEh3WGI1YVlzSC1QamFWeTlaQzRSeHNDUlNUTzQ0cHhnNmlIUGxOazNNSFpGeU0?oc=5,Google News - Results,RSS,0.7,"Mon, 01 Jun 2026 07:00:00 GMT",2026-09-01T22:46:05.711439+00:00,-0.8980999999999999,BEARISH,3,1.0,-1.8860099999999997
2a9702c65a2bcdd6ce465aab3ff681671443d123ddd80bae496fd61e068dcb66,Reliance Power Q2 2026 Earnings: Loss Per Share of ₹0.817 Despite 49% Revenue Growth - Profit Warning Alert - vinanet.vn,"<a href=""https://news.google.com/rss/articles/CBMivAFBVV95cUxPOFFpN3A2Uk85YjNZZ2hCYzJTaGp6QjN2YTk5Q2dkNWFnbERyMUlXREk4ZnJMMkNfX0lGVUMyV1lDeDFQYkk4Ymh4RFBpX1RfY19ROHFaenh4cWJadmNMVktneXdFenhlMVpHM25Gd05RWHlmR3V5bHFOVUJadFhxeHZnMUFlM1MzUjRhazJEN1dwOTVSWFNQZHdkVnYxaDFOc1BDMmQ4a3ZfZWRSUUk1SzVTZGpBQVEwNG5OUg?oc=5"" target=""_blank"">Reliance Power Q2 2026 Earnings: Loss Per Share of ₹0.817 Despite 49% Revenue Growth - Profit Warning Alert</a>&nbsp;&nbsp;<font color=""#6f6f6f"">vinanet.vn</font>",https://news.google.com/rss/articles/CBMivAFBVV95cUxPOFFpN3A2Uk85YjNZZ2hCYzJTaGp6QjN2YTk5Q2dkNWFnbERyMUlXREk4ZnJMMkNfX0lGVUMyV1lDeDFQYkk4Ymh4RFBpX1RfY19ROHFaenh4cWJadmNMVktneXdFenhlMVpHM25Gd05RWHlmR3V5bHFOVUJadFhxeHZnMUFlM1MzUjRhazJEN1dwOTVSWFNQZHdkVnYxaDFOc1BDMmQ4a3ZfZWRSUUk1SzVTZGpBQVEwNG5OUg?oc=5,Google News - Results,RSS,0.7,"Wed, 17 Jun 2026 07:00:00 GMT",2026-09-01T22:46:05.711432+00:00,-0.0446,NEUTRAL,3,1.0,-0.09366
43ba95f8480d9b3329a199375400c7580aa91c1e9ac8689558d8528602d75f07,Reliance Power Q4 results: Net loss at ₹494 crore as income declines - Business Standard,"<a href=""https://news.google.com/rss/articles/CBMi4gFBVV95cUxPNm5KRU9aU1hZU3VPa2tObUMyUzVLdXRtSVRvTy1TbGkxQ1BBa2ZiSlY0a0VhWkFLRlZpaUluaGc3QU9EcEI5TXJ5SkgwWVZzRVZwWDBDd1IxeHFyU1Z2YWxTZk9nOFhDQTF2R3ZscExTT2lTbjZ5ZlZfQ2Jma19HazBITmI1LVN2ZkhnM0hHVnhOazN3dmFpRzYxakV4Tl9FaUdWajhxei04U0d1VG1oNWVmRU1PS1VJNEl1OXZxWFBGSUVhTVRndmNEbFJOSlBHUmFhTzl6aGlQMFlSa0R4T1930gHnAUFVX3lxTFBkZ2NORjhzaDFrM2Vzc1NtcTZKa190TDlKd0l4NUJCOHY1cUpKZklRcFplWjYxeEtkNG9uWFJjeWU4Rk5UMG13T1RVZlN5elJjVUVFYWtEMTFHQ2lnWDZwSkFRUmpwQVF0RnAwWENwakY4ZS0xRWwwSVdyNUdER3NrN1h2a3JNeFZqdTM5RVFIQ0w2dlM0UmdUMHNjRGZTTElEcHZGWnJVaXQ3WUpqYVphVUxHTXFjTEhzRjRyYmhLU0drdE5HZmhEQ1MweG5kbzVFbDN6Z3hPY0tCMGRkRThoQUtKTEFORQ?oc=5"" target=""_blank"">Reliance Power Q4 results: Net loss at ₹494 crore as income declines</a>&nbsp;&nbsp;<font color=""#6f6f6f"">Business Standard</font>",https://news.google.com/rss/articles/CBMi4gFBVV95cUxPNm5KRU9aU1hZU3VPa2tObUMyUzVLdXRtSVRvTy1TbGkxQ1BBa2ZiSlY0a0VhWkFLRlZpaUluaGc3QU9EcEI5TXJ5SkgwWVZzRVZwWDBDd1IxeHFyU1Z2YWxTZk9nOFhDQTF2R3ZscExTT2lTbjZ5ZlZfQ2Jma19HazBITmI1LVN2ZkhnM0hHVnhOazN3dmFpRzYxakV4Tl9FaUdWajhxei04U0d1VG1oNWVmRU1PS1VJNEl1OXZxWFBGSUVhTVRndmNEbFJOSlBHUmFhTzl6aGlQMFlSa0R4T1930gHnAUFVX3lxTFBkZ2NORjhzaDFrM2Vzc1NtcTZKa190TDlKd0l4NUJCOHY1cUpKZklRcFplWjYxeEtkNG9uWFJjeWU4Rk5UMG13T1RVZlN5elJjVUVFYWtEMTFHQ2lnWDZwSkFRUmpwQVF0RnAwWENwakY4ZS0xRWwwSVdyNUdER3NrN1h2a3JNeFZqdTM5RVFIQ0w2dlM0UmdUMHNjRGZTTElEcHZGWnJVaXQ3WUpqYVphVUxHTXFjTEhzRjRyYmhLU0drdE5HZmhEQ1MweG5kbzVFbDN6Z3hPY0tCMGRkRThoQUtKTEFORQ?oc=5,Google News - Results,RSS,0.7,"Fri, 22 May 2026 07:00:00 GMT",2026-09-01T22:46:05.711297+00:00,-0.6074,BEARISH,3,1.0,-1.27554
76fd14c33997ba24d264273eb87ba0eae03413ed91fac5f28b3b6a416226774a,Reliance Power Q1 Results: Co swings to net profit of Rs 45 crore; revenue dips 5% YoY - The Economic Times,"<a href=""https://news.google.com/rss/articles/CBMi7wFBVV95cUxPTHZwRGJza2lYcXNNdnBfUkU5TzBrQzZwN1lyQUtYYjJXU0JaRnhfNV9aWVNTVVNvNFBHRXNXTU91TnRvbmJZTkRkQlpLd0JOcDItSGtCOFJwLW9BR2otaTBDb1lBd2l1c2E3cFZuVU5MeFpCRVlicG16SWphWnhQTHZ1NUVVU1ZRTGVSN1gybDdUVzFzNXJyUGtuSnVsRkFRQ0U3QnktQzI0UlNJYm5Fd3A4azdnQ0JITEhaQWpZcGNZVFVUdDNneUxYcTlXbERhY3RXQjQzZDNzT2lFNnRoZ3p2Sk9YNVNCVnRPdTZZWdIB9AFBVV95cUxObFNGODhyWEFPMmJqOERzOHR5dHRsNTVOb0Z0YVlBUVpLZEhwdXZCNkI3bnJwNXlKa2lRZ3l1LWpJWmo5a3p0ZTRCRXVVcUxzSmQ3TXl0Z1I3NnBtTXEtVnlmRTlYVUxnQXd5V2dUaE5PTFdtWEZ0ZHBZWWU4RjZRWDhkMXR0eFZKdGRpU01XTHNjMURNVVMyWjBNeWRaaktueGRWN25VemFGNE4zMTJQV09QVkIyclZHVnlKZ2pxQjJLUG9ZcklOY1pVRER5RkQ5TEFiX19LT3Z5SVVMcFBTRFpCVm1ZNXRLMFlwaWJ6eFppRFph?oc=5"" target=""_blank"">Reliance Power Q1 Results: Co swings to net profit of Rs 45 crore; revenue dips 5% YoY</a>&nbsp;&nbsp;<font color=""#6f6f6f"">The Economic Times</font>",https://news.google.com/rss/articles/CBMi7wFBVV95cUxPTHZwRGJza2lYcXNNdnBfUkU5TzBrQzZwN1lyQUtYYjJXU0JaRnhfNV9aWVNTVVNvNFBHRXNXTU91TnRvbmJZTkRkQlpLd0JOcDItSGtCOFJwLW9BR2otaTBDb1lBd2l1c2E3cFZuVU5MeFpCRVlicG16SWphWnhQTHZ1NUVVU1ZRTGVSN1gybDdUVzFzNXJyUGtuSnVsRkFRQ0U3QnktQzI0UlNJYm5Fd3A4azdnQ0JITEhaQWpZcGNZVFVUdDNneUxYcTlXbERhY3RXQjQzZDNzT2lFNnRoZ3p2Sk9YNVNCVnRPdTZZWdIB9AFBVV95cUxObFNGODhyWEFPMmJqOERzOHR5dHRsNTVOb0Z0YVlBUVpLZEhwdXZCNkI3bnJwNXlKa2lRZ3l1LWpJWmo5a3p0ZTRCRXVVcUxzSmQ3TXl0Z1I3NnBtTXEtVnlmRTlYVUxnQXd5V2dUaE5PTFdtWEZ0ZHBZWWU4RjZRWDhkMXR0eFZKdGRpU01XTHNjMURNVVMyWjBNeWRaaktueGRWN25VemFGNE4zMTJQV09QVkIyclZHVnlKZ2pxQjJLUG9ZcklOY1pVRER5RkQ5TEFiX19LT3Z5SVVMcFBTRFpCVm1ZNXRLMFlwaWJ6eFppRFph?oc=5,Google News - Results,RSS,0.7,"Sat, 19 Jul 2025 07:00:00 GMT",2026-09-01T22:46:05.711746+00:00,0.7503000000000001,BULLISH,3,1.0,1.57563
da8e2a44497c559a311b95d8df4f36dc796ca820b76f4da43c34addcff7cbdfd,"Q2 results: Bajaj Finance, ONGC, Vodafone Idea, Solar Industries, Ather Energy, Reliance Power, Gujarat Gas, others to post earnings on Nov 10; check list - Upstox","<a href=""https://news.google.com/rss/articles/CBMirwJBVV95cUxQaTVPenUtV3NGYURUckRaTmd6dkJMaVBVaXFpdnlYaDlpS0VRZmhOTXZRaE03WFc2NzdtSVVWOWxhS21oWlV5QTZrWTdZWTN1WERrMXdyN2FhMXhXdG1mWU5SMTFnY3BLWHFZOVg3RVgwdld4YkRFcWNScjhTQmNobm1QamJDcExEajZLWjNDYkpXZVRwaVJrdW4tbEp0akhIaWM3aElaTm0xNjEyaHZac09ZM2wwVzFwUnZKZFd1TGE4MGtNVmVwem52ODFzc3JJNVF1Tl9aR1g1dkR2VVNPU1dfWDVtQXZMR3BuVGVrNkdfemZnR19vR0dCR3o5S1hVa3UxT1hLSWVkS0gtb3RfdkZXOWppU2R2MFFFTFM3QVF5TlkwQXQ5TDItaVNkck0?oc=5"" target=""_blank"">Q2 results: Bajaj Finance, ONGC, Vodafone Idea, Solar Industries, Ather Energy, Reliance Power, Gujarat Gas, others to post earnings on Nov 10; check list</a>&nbsp;&nbsp;<font color=""#6f6f6f"">Upstox</font>",https://news.google.com/rss/articles/CBMirwJBVV95cUxQaTVPenUtV3NGYURUckRaTmd6dkJMaVBVaXFpdnlYaDlpS0VRZmhOTXZRaE03WFc2NzdtSVVWOWxhS21oWlV5QTZrWTdZWTN1WERrMXdyN2FhMXhXdG1mWU5SMTFnY3BLWHFZOVg3RVgwdld4YkRFcWNScjhTQmNobm1QamJDcExEajZLWjNDYkpXZVRwaVJrdW4tbEp0akhIaWM3aElaTm0xNjEyaHZac09ZM2wwVzFwUnZKZFd1TGE4MGtNVmVwem52ODFzc3JJNVF1Tl9aR1g1dkR2VVNPU1dfWDVtQXZMR3BuVGVrNkdfemZnR19vR0dCR3o5S1hVa3UxT1hLSWVkS0gtb3RfdkZXOWppU2R2MFFFTFM3QVF5TlkwQXQ5TDItaVNkck0?oc=5,Google News - Results,RSS,0.7,"Sun, 09 Nov 2025 08:00:00 GMT",2026-09-01T22:46:05.711636+00:00,0.4939,BULLISH,3,1.0,1.03719
75d9a06b1b246fc1a3148b421c0908dd4f51d5f0a445d8fbc9dc45c1f3170b50,Reliance Power Q1FY26 results: Posts ₹44.7 cr profit on lower costs - Business Standard,"<a href=""https://news.google.com/rss/articles/CBMi4gFBVV95cUxNQm9NaC0xNVdpdV9jZ0VtU1VTNFpXZDRTYUl0MUtNT1M3a082R001cDNiZnV0MWxaOXRFMDlaRFVIRVNaaWtNRmZ3R0ItcjFTaU5sQmhxeEtQX0F1RF9RSmpiRG91Z2NMYm5oOS0zbWZybk9YbS05QzZJbTY4T3VNQkJnVGoybVlDc20yRkFvZG05eWU4dHlEUUdfVGdxR0t4XzBiRC04SFE4Vy1kVlRNVTdzdi1JbE02WGZBQXRLSVh0N0Z5bDBzWkhRSFQ4RWg1RFRETjdKTDBRTGt2dVlRM2xB0gHnAUFVX3lxTE41emlfem0xQWV3VDFvRm9JS3h6a25hcXNtcGt1TFhRZVZ5NTZ2SExqTWpMOXJqYnF5Z0oyVVlCdDVIWWJFZF9QdG85S2tSRXRxZHlubVhCaWFSZ2lkV3BURFIyRFVpT2Vfc2lWenRWNjBPcHk5eEVqbWJJSzJZWFQzdzE5WlJ6WndCT3NXSjZrb1k3WVBLa3NtMk9tY3Q3S1N3cmtjV2lUUkhZdlM0cEJra2ljd2p5aElYV1hlLTFsQlpnMTk0eHhFWXdISHZiRk9kTU1ER0xCbU9uQm1FT1ZWN1JBWUdLNA?oc=5"" target=""_blank"">Reliance Power Q1FY26 results: Posts ₹44.7 cr profit on lower costs</a>&nbsp;&nbsp;<font color=""#6f6f6f"">Business Standard</font>",https://news.google.com/rss/articles/CBMi4gFBVV95cUxNQm9NaC0xNVdpdV9jZ0VtU1VTNFpXZDRTYUl0MUtNT1M3a082R001cDNiZnV0MWxaOXRFMDlaRFVIRVNaaWtNRmZ3R0ItcjFTaU5sQmhxeEtQX0F1RF9RSmpiRG91Z2NMYm5oOS0zbWZybk9YbS05QzZJbTY4T3VNQkJnVGoybVlDc20yRkFvZG05eWU4dHlEUUdfVGdxR0t4XzBiRC04SFE4Vy1kVlRNVTdzdi1JbE02WGZBQXRLSVh0N0Z5bDBzWkhRSFQ4RWg1RFRETjdKTDBRTGt2dVlRM2xB0gHnAUFVX3lxTE41emlfem0xQWV3VDFvRm9JS3h6a25hcXNtcGt1TFhRZVZ5NTZ2SExqTWpMOXJqYnF5Z0oyVVlCdDVIWWJFZF9QdG85S2tSRXRxZHlubVhCaWFSZ2lkV3BURFIyRFVpT2Vfc2lWenRWNjBPcHk5eEVqbWJJSzJZWFQzdzE5WlJ6WndCT3NXSjZrb1k3WVBLa3NtMk9tY3Q3S1N3cmtjV2lUUkhZdlM0cEJra2ljd2p5aElYV1hlLTFsQlpnMTk0eHhFWXdISHZiRk9kTU1ER0xCbU9uQm1FT1ZWN1JBWUdLNA?oc=5,Google News - Results,RSS,0.7,"Sat, 19 Jul 2025 07:00:00 GMT",2026-09-01T22:46:05.711628+00:00,0.39,BULLISH,3,1.0,0.819
ffb15e61b0e723aa1d05ebd761666556e9b0341659fbc690fb44bc0adb5e2bb7,"Corporate earnings today (July 19): HDFC Bank, Reliance Power, ICICI Bank among 11 companies that announced Q1FY26 results - The Indian Express","<a href=""https://news.google.com/rss/articles/CBMi5wFBVV95cUxPbWlVazJRVnhFS1lUTjZRM0kyS2dVVnkzbG5XaTR6WDBYVlBjZUxHcjdhVGpRbFVuTHRyQ2tLdTA5Y1dYazhKSGZHWENWMVlTUmhFaFYzaHN5b19MOGJrRUpWZENMVUFqYWE4YzAzbW9OOVB2WXY2bVJOMTFfcjlybmRDRWltQU5jZWZhY1REbUdFUzVkdmxPWFJGLVNUYUJaTUo4eFR1MmY1SnQxMXpfanhmVmVOQVBYN0Y2ODVrVkgtNTMtcEtoMFR0cHoyd2JoQ3ZjZ3dYRG9aVFhBTDVlTjlNUmNQZlHSAe4BQVVfeXFMTnRHOXViVnU1MjVDZklLUVQwS200MTJpWF90VTM0aGNOaklhVjdydnNCRnZiMDRESGpZSEVWdXBmMXotUktlODQ1QlBLemtIZW9vRkNvRnk0THdvdVZEU1FJWmd4azhhWGthSEpCX1BpUnNWLUxJUFRRT0R2bExZTEtUSWM2RGJIei15S1dFYVBqNDhsekhNUFdlVUM2Y3NSbW1kc05BUzRKRWNCMVNpRTFEdkUzT1FCeWdIY1BXeVBUNUtTWW9BcVkzcWdIQTJKYW9uSDMyZzRBejJtNXJYZjRRUTZrRllaQlVlUUdYUQ?oc=5"" target=""_blank"">Corporate earnings today (July 19): HDFC Bank, Reliance Power, ICICI Bank among 11 companies that announced Q1FY26 results</a>&nbsp;&nbsp;<font color=""#6f6f6f"">The Indian Express</font>",https://news.google.com/rss/articles/CBMi5wFBVV95cUxPbWlVazJRVnhFS1lUTjZRM0kyS2dVVnkzbG5XaTR6WDBYVlBjZUxHcjdhVGpRbFVuTHRyQ2tLdTA5Y1dYazhKSGZHWENWMVlTUmhFaFYzaHN5b19MOGJrRUpWZENMVUFqYWE4YzAzbW9OOVB2WXY2bVJOMTFfcjlybmRDRWltQU5jZWZhY1REbUdFUzVkdmxPWFJGLVNUYUJaTUo4eFR1MmY1SnQxMXpfanhmVmVOQVBYN0Y2ODVrVkgtNTMtcEtoMFR0cHoyd2JoQ3ZjZ3dYRG9aVFhBTDVlTjlNUmNQZlHSAe4BQVVfeXFMTnRHOXViVnU1MjVDZklLUVQwS200MTJpWF90VTM0aGNOaklhVjdydnNCRnZiMDRESGpZSEVWdXBmMXotUktlODQ1QlBLemtIZW9vRkNvRnk0THdvdVZEU1FJWmd4azhhWGthSEpCX1BpUnNWLUxJUFRRT0R2bExZTEtUSWM2RGJIei15S1dFYVBqNDhsekhNUFdlVUM2Y3NSbW1kc05BUzRKRWNCMVNpRTFEdkUzT1FCeWdIY1BXeVBUNUtTWW9BcVkzcWdIQTJKYW9uSDMyZzRBejJtNXJYZjRRUTZrRllaQlVlUUdYUQ?oc=5,Google News - Results,RSS,0.7,"Sat, 19 Jul 2025 07:00:00 GMT",2026-09-01T22:46:05.711717+00:00,0.0,NEUTRAL,3,1.0,0.0
8a636b23e91df0fd13ce9762d275eb5ceb88fbc978588d905b2e9a70c3d389c8,"RPower shares: US Exim flags 'debt default'; stock in focus, check details - Business Today","<a href=""https://news.google.com/rss/articles/CBMi3gFBVV95cUxOM0xtaExfWC13TjRJM0VBYmZQV05rYjZ6SXFWNzRnMFJMR3lTX2xXM1NqUzV0SXZaMGw0NTRnY200OGtVR0F6bGF4M2RDMVZGVDhZZzJBb2VjMlQ5MHJJaWJ5QXMxeVZBQ3k3TllvS1JHWVVpUWVoRHJDQVluWVcwdHJmM0JZZThWOEJoLUprS3FDd1huT3VtM3VWTFJ5dnBSd0JkUWtaRUhGNGxiVlNWR2pUQUhocmd4cTFQUEc0VWxJbjBZWTVCZG1lb3V2dm0xaUlWTG9tSzdtT0JHRnfSAeMBQVVfeXFMTUFqZkx6UHBPajF2VWVCVUY1MEQtYzhmby0teUZIU2hqYk9PX3VfSHpzTTZNMjI3YjNjd0ttaG5rSlRVc3NwbVJDSDJVT1d4TTRtYnlMLWNDR1Vyb1Qydm1DUGFCbHA3azl5am1LcFVKRi1pcWE5bHFhd2Q1bkp0STRfMUpVNWhFM1ZLYnJDS3RHLXdXal9JWC1ZZl9DdUlVYWoxNnVSSERZZDVxRzVMMkYwM0FITWtLUWtMNG01d3dxb2hfeHNtWGgtOVRfd3ByRVBYbnotOEdGLU5oTjRlMDV4YmM?oc=5"" target=""_blank"">RPower shares: US Exim flags 'debt default'; stock in focus, check details</a>&nbsp;&nbsp;<font color=""#6f6f6f"">Business Today</font>",https://news.google.com/rss/articles/CBMi3gFBVV95cUxOM0xtaExfWC13TjRJM0VBYmZQV05rYjZ6SXFWNzRnMFJMR3lTX2xXM1NqUzV0SXZaMGw0NTRnY200OGtVR0F6bGF4M2RDMVZGVDhZZzJBb2VjMlQ5MHJJaWJ5QXMxeVZBQ3k3TllvS1JHWVVpUWVoRHJDQVluWVcwdHJmM0JZZThWOEJoLUprS3FDd1huT3VtM3VWTFJ5dnBSd0JkUWtaRUhGNGxiVlNWR2pUQUhocmd4cTFQUEc0VWxJbjBZWTVCZG1lb3V2dm0xaUlWTG9tSzdtT0JHRnfSAeMBQVVfeXFMTUFqZkx6UHBPajF2VWVCVUY1MEQtYzhmby0teUZIU2hqYk9PX3VfSHpzTTZNMjI3YjNjd0ttaG5rSlRVc3NwbVJDSDJVT1d4TTRtYnlMLWNDR1Vyb1Qydm1DUGFCbHA3azl5am1LcFVKRi1pcWE5bHFhd2Q1bkp0STRfMUpVNWhFM1ZLYnJDS3RHLXdXal9JWC1ZZl9DdUlVYWoxNnVSSERZZDVxRzVMMkYwM0FITWtLUWtMNG01d3dxb2hfeHNtWGgtOVRfd3ByRVBYbnotOEdGLU5oTjRlMDV4YmM?oc=5,Google News - Risk,RSS,0.7,"Thu, 30 Apr 2026 07:00:00 GMT",2026-09-01T22:46:06.731323+00:00,-0.2531,BEARISH,3,0.1,-0.053151
b29db7a5ed06cc999a86ca79fb3d00f40b17f51b33e6fcb0458720e859ba2b77,Reliance fund diversion case: Supreme Court refuses to order arrest of Anil Ambani - indialegallive.com,"<a href=""https://news.google.com/rss/articles/CBMi-wFBVV95cUxQLXlFa2xmQmxmVFZXTkRLQXhQQXU1eWdNb1RQd21LOFVseW5pcDhWemh0eGtGXzB2NWJSUTdMZ2tvQWdaRE9xVE5LQU9kdFpvdnR0dEFKbE4xLWxYY1B4bGcwUHNHd01TblB5YUM0X1oxRzZLU3cySE1hZlVYaG1TellKdVZ5bW01TTlyc3l4aGJaRzNqUVQ4TVhzM2tHcnQtNkJUcnFyWkJ0NU1DQUZhTTRBU2JveERVTERRbmpfODFieWppX2xBbk1TemFvZkNkeHZaYWh1V1BBMEdvdDF2RHlqLThuNG1pVGxUeGdJZVdQb2d1QXdBcHVnaw?oc=5"" target=""_blank"">Reliance fund diversion case: Supreme Court refuses to order arrest of Anil Ambani</a>&nbsp;&nbsp;<font color=""#6f6f6f"">indialegallive.com</font>",https://news.google.com/rss/articles/CBMi-wFBVV95cUxQLXlFa2xmQmxmVFZXTkRLQXhQQXU1eWdNb1RQd21LOFVseW5pcDhWemh0eGtGXzB2NWJSUTdMZ2tvQWdaRE9xVE5LQU9kdFpvdnR0dEFKbE4xLWxYY1B4bGcwUHNHd01TblB5YUM0X1oxRzZLU3cySE1hZlVYaG1TellKdVZ5bW01TTlyc3l4aGJaRzNqUVQ4TVhzM2tHcnQtNkJUcnFyWkJ0NU1DQUZhTTRBU2JveERVTERRbmpfODFieWppX2xBbk1TemFvZkNkeHZaYWh1V1BBMEdvdDF2RHlqLThuNG1pVGxUeGdJZVdQb2d1QXdBcHVnaw?oc=5,Google News - Deals,RSS,0.7,"Fri, 08 May 2026 07:00:00 GMT",2026-09-01T22:46:06.163678+00:00,0.5767,BULLISH,3,0.1,0.12110699999999999
6c690b7d146ff51aa9d29d5fddf8ddb44f2475d4771e2bbdb1bff14649108771,RPOWER Q2 2026 Earnings: Revenue Surges 49% YoY but Posts Net Loss - Profit Growth Outlook - vinanet.vn,"<a href=""https://news.google.com/rss/articles/CBMiqgFBVV95cUxPVmVsSE9NeEdyT2k2YzdBdDJWTUd2NlJNdU9oM3ZtWnZWVWFORlV0V2lHcEJzV2M4Nm1hZlA4UXdYa2NydWdxMnU1eVhJZ3VvYmhFYVA3OUR1TWhsRDVBdnEzUjNGazE1M2kzd1BHQTZ6bUt3N0VuWV9RSU9HbXlFWlE1eVN3X0wxa1lpYzZWQTlpS29xZmdIYllHeExxNjlHSHJzRzdCZ2I1UQ?oc=5"" target=""_blank"">RPOWER Q2 2026 Earnings: Revenue Surges 49% YoY but Posts Net Loss - Profit Growth Outlook</a>&nbsp;&nbsp;<font color=""#6f6f6f"">vinanet.vn</font>",https://news.google.com/rss/articles/CBMiqgFBVV95cUxPVmVsSE9NeEdyT2k2YzdBdDJWTUd2NlJNdU9oM3ZtWnZWVWFORlV0V2lHcEJzV2M4Nm1hZlA4UXdYa2NydWdxMnU1eVhJZ3VvYmhFYVA3OUR1TWhsRDVBdnEzUjNGazE1M2kzd1BHQTZ6bUt3N0VuWV9RSU9HbXlFWlE1eVN3X0wxa1lpYzZWQTlpS29xZmdIYllHeExxNjlHSHJzRzdCZ2I1UQ?oc=5,Google News - Results,RSS,0.7,"Wed, 01 Jul 2026 07:00:00 GMT",2026-09-01T22:46:05.711461+00:00,0.9625000000000001,BULLISH,3,0.1,0.20212500000000003
ff8f08276232a8cc4117a1fa2d72655d4f836429ff19692399d08fe915e2518a,Initiatives in Renewable Energy,Initiatives in Renewable Energy,https://www.reliancepower.co.in/web/reliance-power/initiatives-in-renewable-energy,Reliance Power,OFFICIAL_RPOWER,1.0,,2026-09-01T22:46:39.085106+00:00,0.4939,BULLISH,2,0.35,0.34573
93417cfe5cfe45d0062fd8fb2ee674b062814257d30ed56adaafce999b718c7b,Credit Ratings,Credit Ratings,https://www.reliancepower.co.in/web/reliance-power/ratings-assigned-by-credit-rating-agency,Reliance Power,OFFICIAL_RPOWER,1.0,,2026-09-01T22:46:39.085460+00:00,0.6369,BULLISH,2,0.1,0.12738000000000002
0c60d156108f4b7e52c09f0b442ca8f0de86303815b70a3f2c1fffce96f95c0b,Debenture Trustees,Debenture Trustees,https://www.reliancepower.co.in/web/reliance-power/updates-on-non-convertible-debentures,Reliance Power,OFFICIAL_RPOWER,1.0,,2026-09-01T22:46:39.085479+00:00,0.1531,NEUTRAL,2,0.1,0.030620000000000005
73c16660b250adf0c651f932bf99b60b125a5eeef8ff7b7f92f5a4c627ec8233,Extraordinary General Meeting,Extraordinary General Meeting,https://www.reliancepower.co.in/web/reliance-power/extraordinary-general-meeting,Reliance Power,OFFICIAL_RPOWER,1.0,,2026-09-01T22:46:39.085640+00:00,0.0,NEUTRAL,2,0.1,0.0
1611a5d522527463a61160143920eb841d9b13f4ab79f573d7aaaec25bf11039,Postal Ballot-Notice & Result,Postal Ballot-Notice & Result,https://www.reliancepower.co.in/web/reliance-power/postal-ballot-notice-and-result,Reliance Power,OFFICIAL_RPOWER,1.0,,2026-09-01T22:46:39.085661+00:00,0.0,NEUTRAL,2,0.1,0.0
ebd0e9097068d7b6dbeacee0d0ad3af638ad7a9f78021d9d1a915d8ac1c18e1e,Newsletter,Newsletter,https://www.reliancepower.co.in/web/reliance-power/newsletter,Reliance Power,OFFICIAL_RPOWER,1.0,,2026-09-01T22:46:39.085681+00:00,0.0,NEUTRAL,2,0.1,0.0
fe6b3922e9060efff4945b91ff44a0230270de5b0ee92ab84e74c879d6ce6355,Investor Presentation,Investor Presentation,https://www.reliancepower.co.in/web/reliance-power/investor-presentation,Reliance Power,OFFICIAL_RPOWER,1.0,,2026-09-01T22:46:39.085703+00:00,0.0,NEUTRAL,2,0.1,0.0
2a341cdb14f4a80e5fc56b96abadecd4881d9524f75dbfa6e6151159af34d719,Shareholder Services,Shareholder Services,https://www.reliancepower.co.in/web/reliance-power/shareholder-services,Reliance Power,OFFICIAL_RPOWER,1.0,,2026-09-01T22:46:39.085722+00:00,0.0,NEUTRAL,2,0.1,0.0
f06d03264cdfe36b05baa4c3cc94ad37fd12ce3ba3ed694a7d47a4132f466415,Shareholder Registration,Shareholder Registration,https://www.reliancepower.co.in/web/reliance-power/shareholder-registration,Reliance Power,OFFICIAL_RPOWER,1.0,,2026-09-01T22:46:39.085742+00:00,0.0,NEUTRAL,2,0.1,0.0
3d9a83f8c29e2eec306700c1348badd265e282e53bd2b9e1b97e9f26343a9061,Investor Education and Protection Fund,Investor Education and Protection Fund,https://www.reliancepower.co.in/web/reliance-power/investor-education-and-protection-fund,Reliance Power,OFFICIAL_RPOWER,1.0,,2026-09-01T22:46:39.085763+00:00,0.0,NEUTRAL,2,0.1,0.0
c5977addbf81f171c821b993d86dc9b2fa41c4e475606823fc5800c99298ce30,Memorandum and Articles of Association,Memorandum and Articles of Association,https://www.reliancepower.co.in/documents/2181716/2359750/Memorandum_and_Articles_of_Association.pdf,Reliance Power,OFFICIAL_RPOWER,1.0,,2026-09-01T22:46:39.085784+00:00,0.0,NEUTRAL,2,0.1,0.0
5e2ef0f8b48c110e81f53705f93cb7ca63993cbfe630bdde493d1c1b6a841f96,Scheme of Amalgamation of RCPPL into RPower,Scheme of Amalgamation of RCPPL into RPower,https://www.reliancepower.co.in/web/reliance-power/scheme-of-amalgamation,Reliance Power,OFFICIAL_RPOWER,1.0,,2026-09-01T22:46:39.085804+00:00,0.0,NEUTRAL,2,0.1,0.0
8bf1bd1f4e32feff05021484947be65ecb15278e85020dd40647adfadeddd2f3,Board of Directors,Board of Directors,https://www.reliancepower.co.in/web/reliance-power/board-of-directors,Reliance Power,OFFICIAL_RPOWER,1.0,,2026-09-01T22:46:39.086361+00:00,0.0,NEUTRAL,2,0.1,0.0
ffa4efd6d3e89a402ade57a5bd86b525411cd3eb461a0134679dc4c650482aca,Overview,Overview,https://www.reliancepower.co.in/web/reliance-power/careers-overview,Reliance Power,OFFICIAL_RPOWER,1.0,,2026-09-01T22:46:39.085901+00:00,0.0,NEUTRAL,2,0.1,0.0
12e52b1960c50b806f329bcf207962ba719c356f70da3ac93cf1b40261d6d288,Work Culture,Work Culture,https://www.reliancepower.co.in/web/reliance-power/work-culture,Reliance Power,OFFICIAL_RPOWER,1.0,,2026-09-01T22:46:39.085924+00:00,0.0,NEUTRAL,2,0.1,0.0
887e97012417da7084a58502c113869bea139684bb6cd0f3994fca70ba173485,People Policy,People Policy,https://www.reliancepower.co.in/web/reliance-power/people-policy,Reliance Power,OFFICIAL_RPOWER,1.0,,2026-09-01T22:46:39.085944+00:00,0.0,NEUTRAL,2,0.1,0.0
10506c734de9121e8baab1ba3a6909be59143de0708e42c808fb7607b28e84d1,Candidate Login,Candidate Login,https://app.reliancepower.co.in/sap/bc/webdynpro/sap/hrrcf_a_startpage_ext_cand?sap-wd-configid=ZHRRCF_A_STARTPAGE_EXT_CAND&sap-client=100&sap-language=EN,Reliance Power,OFFICIAL_RPOWER,1.0,,2026-09-01T22:46:39.085967+00:00,0.0,NEUTRAL,2,0.1,0.0
e644e40794fc54cd71313a2a6f8fc7d5d26da36ff2df0f2b011d3f9c9c160c31,Current Opening,Current Opening,https://app.reliancepower.co.in/sap/bc/webdynpro/sap/hrrcf_a_unreg_job_search?sap-client=100,Reliance Power,OFFICIAL_RPOWER,1.0,,2026-09-01T22:46:39.085989+00:00,0.0,NEUTRAL,2,0.1,0.0
e6989d2893e5b721e01ae673391d006236bcf30168d41e79974e4758b454f103,Abstract of Labour Laws,Abstract of Labour Laws,https://www.reliancepower.co.in/documents/2181716/2359750/Abstract_of_Labour_Laws.pdf,Reliance Power,OFFICIAL_RPOWER,1.0,,2026-09-01T22:46:39.086010+00:00,0.0,NEUTRAL,2,0.1,0.0
ff4ac5d2100c4c9430f199d0fdacdec1de241e4a53d590c3b311e4cf1b614cb4,Contact Us,Contact Us Registered Office,https://www.reliancepower.co.in/web/reliance-power/contact-us,Reliance Power,OFFICIAL_RPOWER,1.0,,2026-09-01T22:46:39.086031+00:00,0.0,NEUTRAL,2,0.1,0.0
1eb09d0b21e8984e68917d76bd04a976611dc2a496e0d1243ea45854d04bd05f,Registered Office,Registered Office,https://www.reliancepower.co.in/web/reliance-power/registered-office,Reliance Power,OFFICIAL_RPOWER,1.0,,2026-09-01T22:46:39.086072+00:00,0.0,NEUTRAL,2,0.1,0.0
6f14f0787a131cd982ef73edd533fdfb32963530037fca673c2766112f86ed3b,Group Companies,Group Companies,https://www.reliancepower.co.in/web/reliance-power/group-companies,Reliance Power,OFFICIAL_RPOWER,1.0,,2026-09-01T22:46:39.086180+00:00,0.0,NEUTRAL,2,0.1,0.0
b92743cb072b24e09b632f2c55404efbcecbc49ea37e289cb59c1a2dc10bddda,Company Structure,Company Structure,https://www.reliancepower.co.in/web/reliance-power/company-structure,Reliance Power,OFFICIAL_RPOWER,1.0,,2026-09-01T22:46:39.086260+00:00,0.0,NEUTRAL,2,0.1,0.0
2172857d2153c15a10dfe21c3efab6246d8240b77bb8122a7015714c279c1a85,Mission and Vision,Mission and Vision,https://www.reliancepower.co.in/web/reliance-power/mission-and-vision,Reliance Power,OFFICIAL_RPOWER,1.0,,2026-09-01T22:46:39.086281+00:00,0.4588,BULLISH,2,0.1,0.09176000000000001
4ffc05df994c8b712e0cbc11a8e76fefaa6b82a9f2bd685bedc381ac111f1b91,Strengths and Strategies,Strengths and Strategies,https://www.reliancepower.co.in/web/reliance-power/strengths-and-strategies,Reliance Power,OFFICIAL_RPOWER,1.0,,2026-09-01T22:46:39.086301+00:00,0.6597,BULLISH,2,0.1,0.13194
c62546edbbfc8442d7582e018c9ee10186338997e17a08da80c5993b054d2839,Press Release,Press Release,https://www.reliancepower.co.in/web/reliance-power/press-release,Reliance Power,OFFICIAL_RPOWER,1.0,,2026-09-01T22:46:39.085872+00:00,0.0,NEUTRAL,2,0.1,0.0
8fbd78dec3ff56cb3d1d1841262be920aff58319a3d3990a63862c5878f10d92,Skip to Content,Skip to Content,https://www.reliancepower.co.in/#main-content,Reliance Power,OFFICIAL_RPOWER,1.0,,2026-09-01T22:46:39.084730+00:00,0.0,NEUTRAL,2,0.1,0.0
7920302bba0145222d3882622bdc316d33b169c7d3ea1992efafe8d3a79c08ff,Company Profile,Company Profile,https://www.reliancepower.co.in/web/reliance-power/company-overview,Reliance Power,OFFICIAL_RPOWER,1.0,,2026-09-01T22:46:39.084848+00:00,0.0,NEUTRAL,2,0.1,0.0
830d094015f148cdd415dc1e92ca6250535f9a1ce970fbad7c48a191515d3164,Our Founder,Our Founder,https://www.reliancepower.co.in/web/reliance-power/our-founder,Reliance Power,OFFICIAL_RPOWER,1.0,,2026-09-01T22:46:39.084877+00:00,0.0,NEUTRAL,2,0.1,0.0
9d9639394f9bbac2b9272e78647522cbdb87b751a957c45b9ee83f724eb5ec5a,Corporate Social Responsibility,Corporate Social Responsibility,https://www.reliancepower.co.in/web/reliance-power/corporate-social-responsibility,Reliance Power,OFFICIAL_RPOWER,1.0,,2026-09-01T22:46:39.084902+00:00,0.0,NEUTRAL,2,0.1,0.0
e7fbe70fb5a7c50cf32654232386684557716651ac5dfcfec208a059b1ebe426,Environmental Initiatives,Environmental Initiatives,https://www.reliancepower.co.in/web/reliance-power/environmental-initiatives,Reliance Power,OFFICIAL_RPOWER,1.0,,2026-09-01T22:46:39.084929+00:00,0.0,NEUTRAL,2,0.1,0.0
a5cd682769787ae1532a3ef0193828a7714cfc660ebd8c1231660e52321a786a,Management Team,Management Team,https://www.reliancepower.co.in/web/reliance-power/management-overview,Reliance Power,OFFICIAL_RPOWER,1.0,,2026-09-01T22:46:39.084951+00:00,0.0,NEUTRAL,2,0.1,0.0
bc8d441a3b6e60e6a92cd71e61a9a8cc7b64dd8c854b0741c0f0d87c73c4b9f5,Shareholding Pattern,Shareholding Pattern,https://www.reliancepower.co.in/web/reliance-power/share-holder-desk,Reliance Power,OFFICIAL_RPOWER,1.0,,2026-09-01T22:46:39.085439+00:00,0.0,NEUTRAL,2,0.1,0.0
2028c93aab579809dc91b889deafd25f9b19201b1ddb77fc003489434e994d5c,Annual Report,Annual Report,https://www.reliancepower.co.in/web/reliance-power/annual-report,Reliance Power,OFFICIAL_RPOWER,1.0,,2026-09-01T22:46:39.085224+00:00,0.0,NEUTRAL,2,0.1,0.0
d14bcc886a1f18a3405cdc5ed2277aca5768ced76aa78c393b8f3bc7c1543ff2,Annual Return,Annual Return,https://www.reliancepower.co.in/web/reliance-power/annual-return,Reliance Power,OFFICIAL_RPOWER,1.0,,2026-09-01T22:46:39.085247+00:00,0.0,NEUTRAL,2,0.1,0.0
625a1b6476f9c2462ca0b6a9f8648acbc25333269aa0f778b5dc4f23ae29c44b,Financial Statement of Subsidiaries,Financial Statement of Subsidiaries,https://www.reliancepower.co.in/web/reliance-power/financial-statement-of-subsidiaries,Reliance Power,OFFICIAL_RPOWER,1.0,,2026-09-01T22:46:39.085269+00:00,0.0,NEUTRAL,2,0.1,0.0
6572a2e709dc6cc125e400be4c775c42af5149a8a85bb2133256f34af0189b3b,Corporate Governance Policies,Corporate Governance Policies,https://www.reliancepower.co.in/web/reliance-power/corporate-governance,Reliance Power,OFFICIAL_RPOWER,1.0,,2026-09-01T22:46:39.085290+00:00,0.0,NEUTRAL,2,0.1,0.0
a96cff07841b161689c3b04683c2bd1da66cf454ef939c75070715f62488ae69,Familiarization of Board Members,Familiarization of Board Members,https://www.reliancepower.co.in/documents/2181716/13395902/Familiarization_Pogramme_for_Independent_Directors.pdf,Reliance Power,OFFICIAL_RPOWER,1.0,,2026-09-01T22:46:39.085334+00:00,0.0,NEUTRAL,2,0.1,0.0
37b8198fdc79689219f625687d4cfc2c919cb2f7fc8d7351e36f840ccc2ea1d7,Composition of the Board and its Committees,Composition of the Board and its Committees,https://www.reliancepower.co.in/documents/2181716/13395902/RPower_Composition_of_Committees.pdf,Reliance Power,OFFICIAL_RPOWER,1.0,,2026-09-01T22:46:39.085355+00:00,0.0,NEUTRAL,2,0.1,0.0
856c69620299c497c94166c45c8f41c2fad9661ce2b9a4f73a2a0222e2fdc214,Employee Stock Option Scheme 2024,Employee Stock Option Scheme 2024,https://www.reliancepower.co.in/web/reliance-power/employee-stock-option-scheme-2024,Reliance Power,OFFICIAL_RPOWER,1.0,,2026-09-01T22:46:39.085375+00:00,0.0,NEUTRAL,2,0.1,0.0
266eca8f0d2bcf46f090227c7c702d5d983243851fb8e793842b1e870f36f131,Business Responsibility Sustainability Report,Business Responsibility Sustainability Report,https://www.reliancepower.co.in/web/reliance-power/business-responsibility-and-sustainability-report,Reliance Power,OFFICIAL_RPOWER,1.0,,2026-09-01T22:46:39.085396+00:00,0.0,NEUTRAL,2,0.1,0.0
085c1cef9579b4c0bf4a279f500e1ab4db6767308924b74fb45220098967bed6,Public Notice,Public Notice,https://www.reliancepower.co.in/web/reliance-power/public-notice,Reliance Power,OFFICIAL_RPOWER,1.0,,2026-09-01T22:46:39.085416+00:00,0.0,NEUTRAL,2,0.1,0.0
93faa0de7d5769a71276cdc5015c6dd30cae9e3f416bbdc88e9d2d725625362c,Carbon Credits,Carbon Credits,https://www.reliancepower.co.in/web/reliance-power/carbon-credits,Reliance Power,OFFICIAL_RPOWER,1.0,,2026-09-01T22:46:39.085126+00:00,0.6124,BULLISH,2,0.1,0.12248000000000002
5eb13ae9d4844d057253194c61dab893881f23ab8bcc2db216dcc9ccb7a62daf,Feedback,Feedback,https://www.reliancepower.co.in/web/reliance-power/feedback,Reliance Power,OFFICIAL_RPOWER,1.0,,2026-09-01T22:46:39.086894+00:00,0.0,NEUTRAL,2,0.1,0.0
31f0224c1a871f5d0f5d3a45a058b7709433cf53c9eb77cb30449de90d199324,- Financial Statements of Subsidiaries,- Financial Statements of Subsidiaries,https://www.reliancepower.co.in/financial-statements-of-subsidiaries,Regulatory Filings,OFFICIAL_RPOWER,1.0,,2026-09-01T22:46:41.520967+00:00,0.0,NEUTRAL,2,0.1,0.0
7e106c3a6ee7cf80d1ec87bc0fbbec63da068d79987226df7d59d254685fcc8a,Business Details,Business Details,https://www.reliancepower.co.in/company-overview,Regulatory Filings,OFFICIAL_RPOWER,1.0,,2026-09-01T22:46:41.520876+00:00,0.0,NEUTRAL,2,0.1,0.0
264addfc951bea45b0e8d93b28f18118bbba6d79ec45893ec0f8192b5369278b,Privacy Policy,Privacy Policy,https://www.reliancepower.co.in/privacy-policy,Reliance Power,OFFICIAL_RPOWER,1.0,,2026-09-01T22:46:39.087330+00:00,0.0,NEUTRAL,2,0.1,0.0
d6a5196eece13051e65ada6f8e6bdac779cdeb9dd078e9980e3a792d5e1b1b51,Disclaimer,Disclaimer,https://www.reliancepower.co.in/disclaimer,Reliance Power,OFFICIAL_RPOWER,1.0,,2026-09-01T22:46:39.087306+00:00,0.0,NEUTRAL,2,0.1,0.0
3eb5c8f8e1e054fa51ed427078631bd594502e4889d8c3cdeeb8754ef86c44ff,Special Window for Re-lodgement of Transfer Requests,Special Window for Re-lodgement of Transfer Requests,https://www.reliancepower.co.in/special-window-for-re-lodgement-of-transfer-requests,Regulatory Filings,OFFICIAL_RPOWER,1.0,,2026-09-01T22:46:41.521429+00:00,0.6597,BULLISH,2,0.1,0.13194
824012e19d811fcea83f627d0a5bc74ea6d52aa607cbb693f861d463db919a3e,Saksham Niveshak – 100 Days Campaign,Saksham Niveshak – 100 Days Campaign,https://www.reliancepower.co.in/saksham-niveshak,Regulatory Filings,OFFICIAL_RPOWER,1.0,,2026-09-01T22:46:41.521453+00:00,0.0,NEUTRAL,2,0.1,0.0
7a099b724300fa4ce7b6bfe4fe4ed415d8cd60a43f8b9ccbc59a7aa596f81cf1,SEBI-Insider Trading and Code for UPSI-RPower-2015,SEBI-Insider Trading and Code for UPSI-RPower-2015,https://www.reliancepower.co.in/documents/2181716/2359750/SEBI.pdf,Regulatory Filings,OFFICIAL_RPOWER,1.0,,2026-09-01T22:46:41.521549+00:00,0.0,NEUTRAL,2,0.1,0.0
a70696b92e67b8ff8b0885d89739f07d6cf41d3c5b5ae6d16b6e5a3664cf9ee3,SEBI Initiates Forensic Audit of Reliance Power Limited Over Alleged Regulatory Violations - scanx.trade,"<a href=""https://news.google.com/rss/articles/CBMi3AFBVV95cUxQQmpZeXVwbEl0U0ExbEJ3Mndma2VyZXRnYVhoVUV0X0RVWDU1ZmxEOWNTYlNXM1hPQVVFdVRZcU56WGNvWWJuQ3pzMjdCMktYSTJXa2RHN3NHa3Q3RmFCZG1vV1ROcUJ6Y1o5cG94NVB0LXJQa2pzc2ctME84RDRRRkRLSW44bDQxR0ZXZDBGaU4yd1M1bnVhZERjSDVKZ2YxXzdodDdTZ0NrVDRlZ1JWbHphMkNkM21zY09WV2tqakRZM19WRDctUU00emxIaFgzNzYtSEtxZDhoNXFQ?oc=5"" target=""_blank"">SEBI Initiates Forensic Audit of Reliance Power Limited Over Alleged Regulatory Violations</a>&nbsp;&nbsp;<font color=""#6f6f6f"">scanx.trade</font>",https://news.google.com/rss/articles/CBMi3AFBVV95cUxQQmpZeXVwbEl0U0ExbEJ3Mndma2VyZXRnYVhoVUV0X0RVWDU1ZmxEOWNTYlNXM1hPQVVFdVRZcU56WGNvWWJuQ3pzMjdCMktYSTJXa2RHN3NHa3Q3RmFCZG1vV1ROcUJ6Y1o5cG94NVB0LXJQa2pzc2ctME84RDRRRkRLSW44bDQxR0ZXZDBGaU4yd1M1bnVhZERjSDVKZ2YxXzdodDdTZ0NrVDRlZ1JWbHphMkNkM21zY09WV2tqakRZM19WRDctUU00emxIaFgzNzYtSEtxZDhoNXFQ?oc=5,Google News - Risk,RSS,0.7,"Wed, 14 Jan 2026 08:00:00 GMT",2026-09-01T22:46:06.731301+00:00,-0.7351,BEARISH,2,1.0,-1.02914
e4de034479e7f51c5bc7e2f91ecca2c2c023d6629c5ca852345cc019021a2215,Reliance Power net profit rises 68% to ₹647 crore in Q1FY27 - scanx.trade,"<a href=""https://news.google.com/rss/articles/CBMiwgFBVV95cUxPSFMxd2JidnJPdFFhVE1Nc0dyUUtTRHhESjRadWxRRVV5Qy16SjNVMlRTdFJZTkJIX1J5d096UUVhRE82SDYxcThWRGt1M1BkcGpXSE1XUTk5Ulk2NUt1VVpuVG9UWnNRSUk4c3oyVWxZREhsOUxyMWdZeFB3bkl5QXFwZXFPY1Fra2pFcDNialZySXVxQXRKQ2NvOGc5ekJUeTl5SFo3al9ETnpfcFpZOXpnQmlUQ0doeHhoMWNNRF85QQ?oc=5"" target=""_blank"">Reliance Power net profit rises 68% to ₹647 crore in Q1FY27</a>&nbsp;&nbsp;<font color=""#6f6f6f"">scanx.trade</font>",https://news.google.com/rss/articles/CBMiwgFBVV95cUxPSFMxd2JidnJPdFFhVE1Nc0dyUUtTRHhESjRadWxRRVV5Qy16SjNVMlRTdFJZTkJIX1J5d096UUVhRE82SDYxcThWRGt1M1BkcGpXSE1XUTk5Ulk2NUt1VVpuVG9UWnNRSUk4c3oyVWxZREhsOUxyMWdZeFB3bkl5QXFwZXFPY1Fra2pFcDNialZySXVxQXRKQ2NvOGc5ekJUeTl5SFo3al9ETnpfcFpZOXpnQmlUQ0doeHhoMWNNRF85QQ?oc=5,Google News - Company,RSS,0.7,"Thu, 06 Aug 2026 07:00:00 GMT",2026-09-01T22:46:04.767158+00:00,0.7503000000000001,BULLISH,2,1.0,1.0504200000000001
23e55ae0e152b4f625331ee6efaf829d41b2d70d1c3a27a53a160c22f63fe1f8,Reliance Power consolidated net profit rises 44.83% in the June 2026 quarter - Business Standard,"<a href=""https://news.google.com/rss/articles/CBMi7gFBVV95cUxQWEdsU3VrLVc3c1JIajVrWUZrcWQwaVdERkJkaWE0SlFRLVg4WU04OGVEdDZwUzByallYazd4UXJkNlVLeE4yWExhcDRvck5PbEtVdTRDa0dqR2RzeDBpR3B5LUc1NEVkSEo3N3JhZEs3SXBUcktFSVRseXlGM2xBbmdCdThBRGh4Uk40Sll5STRxVS1YeDczMi1Dd0I2SHpjYktzNEQwQXVFdmpybzFCV1NFcmVNZ21VWmREM2RIWUExekkxd2k1YV83dnVNUXJfdjE4clNYMU9YRFdZZGg5T28zYzZPMzQwT094MVFR0gHzAUFVX3lxTE1oNzdTeldnQ2x2b2xLWHg4cDM5bHYya2lRTXdzcUEzWVhNTzhKZTZnQ1VlNHBYZDJJWGNsX3RPMkhZQzF6bER1cWJkcUZuanFTWS1BN3NrWHhEVEdGeHM1ci1BNlV3OElVXzRQNndJZnUwX2pCZUJIQjl4aVNRNzhrUWpaVUVnUE45VWdFOHR0b29DUjJhaVdkVVRYblhieE04SFBDaDVFdkxabHdDZS1WdVhSTjBzTE5JdzFXOWdLdjVZeE5LU29OWFFqRkN6Qy04RUkxcmpkUXNSY2F3SW53am5uZE5FcGNrRlRQN3dzeXRYSQ?oc=5"" target=""_blank"">Reliance Power consolidated net profit rises 44.83% in the June 2026 quarter</a>&nbsp;&nbsp;<font color=""#6f6f6f"">Business Standard</font>",https://news.google.com/rss/articles/CBMi7gFBVV95cUxQWEdsU3VrLVc3c1JIajVrWUZrcWQwaVdERkJkaWE0SlFRLVg4WU04OGVEdDZwUzByallYazd4UXJkNlVLeE4yWExhcDRvck5PbEtVdTRDa0dqR2RzeDBpR3B5LUc1NEVkSEo3N3JhZEs3SXBUcktFSVRseXlGM2xBbmdCdThBRGh4Uk40Sll5STRxVS1YeDczMi1Dd0I2SHpjYktzNEQwQXVFdmpybzFCV1NFcmVNZ21VWmREM2RIWUExekkxd2k1YV83dnVNUXJfdjE4clNYMU9YRFdZZGg5T28zYzZPMzQwT094MVFR0gHzAUFVX3lxTE1oNzdTeldnQ2x2b2xLWHg4cDM5bHYya2lRTXdzcUEzWVhNTzhKZTZnQ1VlNHBYZDJJWGNsX3RPMkhZQzF6bER1cWJkcUZuanFTWS1BN3NrWHhEVEdGeHM1ci1BNlV3OElVXzRQNndJZnUwX2pCZUJIQjl4aVNRNzhrUWpaVUVnUE45VWdFOHR0b29DUjJhaVdkVVRYblhieE04SFBDaDVFdkxabHdDZS1WdVhSTjBzTE5JdzFXOWdLdjVZeE5LU29OWFFqRkN6Qy04RUkxcmpkUXNSY2F3SW53am5uZE5FcGNrRlRQN3dzeXRYSQ?oc=5,Google News - Company,RSS,0.7,"Fri, 07 Aug 2026 07:00:00 GMT",2026-09-01T22:46:04.767165+00:00,0.7503000000000001,BULLISH,2,1.0,1.0504200000000001
5b56354aa685c9a3aec15b00334052c43356871cc72d6f3e623f5f461934e53d,Supreme Court Refuses Bail To Former Reliance Power CFO Ashok Pal In ₹68.20 Crore PMLA Case - LiveLawBiz,"<a href=""https://news.google.com/rss/articles/CBMi0AFBVV95cUxNRFFqS1FYZlcwOGV0NHN5WjVYdlNvdmtzVW1kQl85em0wOVo1MjROcnRQMGNPcEFpMzNqWHhTejJ6T21nTUR0bndPSXlaVlVkRldaWC0xVWFoeE1GaU5MRXFMVVZKWlhLOGRkcEdUbmR3YmNoTk4tc0o3bGFsWnl1NnpSelBteklGR040TTQ0WHE0WHBDQXFHZVVsb0RJVmJVUE5qMm5mVllwTFNhWjVkbDV6TTFmMWZDM2tVMXRoOTNsSGJwbE5IU1lmZWhBVGlr0gHWAUFVX3lxTE5XYmRDbHBwSE5IaHU4MlV5eWhMLXROelU0Q1J0dnlYRkQ0bVNtZ1hETFNsRDdFcFVkWGtSZUQzNS1WNVZwTTFtbHBhQmZ6cTNlakRVYUZlYnRad0lwOWIzaDEzaVhVdFZ4aXRlU3c4Y08xd0hWM2hBMENicFEwX0J6QW5hZnAtVWxGUXp2YjZhSDJkNnY5TmZTMWRhTlJFN2FtT2dXNkMwVVNZQ0RKUUlDWHlRaU9Dd1YyOURscDlobVVpWU1hbVhIV1dtT3Z0VHFkNnhldnc?oc=5"" target=""_blank"">Supreme Court Refuses Bail To Former Reliance Power CFO Ashok Pal In ₹68.20 Crore PMLA Case</a>&nbsp;&nbsp;<font color=""#6f6f6f"">LiveLawBiz</font>",https://news.google.com/rss/articles/CBMi0AFBVV95cUxNRFFqS1FYZlcwOGV0NHN5WjVYdlNvdmtzVW1kQl85em0wOVo1MjROcnRQMGNPcEFpMzNqWHhTejJ6T21nTUR0bndPSXlaVlVkRldaWC0xVWFoeE1GaU5MRXFMVVZKWlhLOGRkcEdUbmR3YmNoTk4tc0o3bGFsWnl1NnpSelBteklGR040TTQ0WHE0WHBDQXFHZVVsb0RJVmJVUE5qMm5mVllwTFNhWjVkbDV6TTFmMWZDM2tVMXRoOTNsSGJwbE5IU1lmZWhBVGlr0gHWAUFVX3lxTE5XYmRDbHBwSE5IaHU4MlV5eWhMLXROelU0Q1J0dnlYRkQ0bVNtZ1hETFNsRDdFcFVkWGtSZUQzNS1WNVZwTTFtbHBhQmZ6cTNlakRVYUZlYnRad0lwOWIzaDEzaVhVdFZ4aXRlU3c4Y08xd0hWM2hBMENicFEwX0J6QW5hZnAtVWxGUXp2YjZhSDJkNnY5TmZTMWRhTlJFN2FtT2dXNkMwVVNZQ0RKUUlDWHlRaU9Dd1YyOURscDlobVVpWU1hbVhIV1dtT3Z0VHFkNnhldnc?oc=5,Google News - Company,RSS,0.7,"Mon, 27 Jul 2026 07:00:00 GMT",2026-09-01T22:46:04.767188+00:00,0.5574,BULLISH,2,1.0,0.7803599999999999
5ad9df9110c110be33e27b71648ec91dc307847738c64dbe2f0790401e80dc30,Twin Conditions U/S 45 PMLA Not Satisfied: Delhi High Court Denies Bail To Former Reliance Power CFO In... - Verdictum,"<a href=""https://news.google.com/rss/articles/CBMiqgFBVV95cUxOQmt5cFVVR3BEaW9aM242NkRpbFdmM3kxdWdPc29KWFdUZXk2c01kMWNaVUNZMWFINWg1Ulplc1FoVmJBR3A0V3pOVC1tZEZodVMxOWtpdU5yNmZfQzZGUHZtZTZTdkYzWEZWRzdPYmYtVlVKTjk0VDhEX2k1cmVzLVJyaWRFdTFZNTJNTTJuREwxSWt6cDNQbjZZZlRVQzdZdngxbkRKcXc3UdIBrwFBVV95cUxQSmpITGVwd2phUmtPVEpqYWZyTlZ1MWRzYk5JZ2tQU0lUTTNVSlZhV1Q0VUhGNThtdGREV01DM25nTWdvSmJ1c1p4b0ZLcjVYbTNDUmRfUkEzSGtoZS1aczc1bWcwQUNuUW8wcTZNbmVic1N1ak1KYkItMkd0b1dORUxTNXFVblY2ZTZscWpnX011WGxlcFNxS25SaVhZUENzT3c4b2NFVXptVEp3cWRZ?oc=5"" target=""_blank"">Twin Conditions U/S 45 PMLA Not Satisfied: Delhi High Court Denies Bail To Former Reliance Power CFO In...</a>&nbsp;&nbsp;<font color=""#6f6f6f"">Verdictum</font>",https://news.google.com/rss/articles/CBMiqgFBVV95cUxOQmt5cFVVR3BEaW9aM242NkRpbFdmM3kxdWdPc29KWFdUZXk2c01kMWNaVUNZMWFINWg1Ulplc1FoVmJBR3A0V3pOVC1tZEZodVMxOWtpdU5yNmZfQzZGUHZtZTZTdkYzWEZWRzdPYmYtVlVKTjk0VDhEX2k1cmVzLVJyaWRFdTFZNTJNTTJuREwxSWt6cDNQbjZZZlRVQzdZdngxbkRKcXc3UdIBrwFBVV95cUxQSmpITGVwd2phUmtPVEpqYWZyTlZ1MWRzYk5JZ2tQU0lUTTNVSlZhV1Q0VUhGNThtdGREV01DM25nTWdvSmJ1c1p4b0ZLcjVYbTNDUmRfUkEzSGtoZS1aczc1bWcwQUNuUW8wcTZNbmVic1N1ak1KYkItMkd0b1dORUxTNXFVblY2ZTZscWpnX011WGxlcFNxS25SaVhZUENzT3c4b2NFVXptVEp3cWRZ?oc=5,Google News - Company,RSS,0.7,"Thu, 11 Jun 2026 07:00:00 GMT",2026-09-01T22:46:04.767626+00:00,-0.8506,BEARISH,2,1.0,-1.19084
08bd3d796cc264ffbe7c9f983dea4214f4feec6dcc120739cae4b83bcaec6202,"Reliance Power, Reliance Infra appeal Sebi order blocking fundraising plans - Business Standard","<a href=""https://news.google.com/rss/articles/CBMi2wFBVV95cUxQNWVwcUdrU0ZvUWhCTEtxZmpLcTgyaE1NMlU5R0FVZ2VMUTBqRFBrMFZoZUxEMjJ1MFV5bnNsNUpGWVR1b3BDNXZqeWxwNEg4Y2Z0bFNtMEV5OVhSSV9CSkdVR1ZDdnQzdTFXOThKLXlwcmtfMWdHZi1vakdFUkU3Mm9WZm1UbTZ3RFBQdndlV1QtNHB6dWVJUDVNQUtybTZxeXdiV2I2Rkh0TVFvZS1ETmU2a0p6ZHN2VzhES015QUpYVHdXN0RsLTNEM3FacURRNW5EMmc5dXQyMlXSAeABQVVfeXFMTmpvTE1XMTFYNi1Ub3JkWFY2STVCMDRSOGlfZFR2bmRPM1VxR0h5NXBVeTdSd2dxOTdjanY5M3laa2xQaFRLR2xmNmstUzB1YlNZa05qd3UtRUFnajdYbnM2TEkySmt2S1EyMzk1Sm5adzNxTW4yRmdjN19SOTZGUUo3TDV4d0lrWEJfM1c0cTZ2ME4xTlZuN3RkUFduQ2UxN2tuQTE5bEFpa0ZDb2EzR1BxT2lLS2JreER2OXVGTU1oaGtJbGZCdGhtM203VDFnck1TYlF5eS15ZktmZHotYVI?oc=5"" target=""_blank"">Reliance Power, Reliance Infra appeal Sebi order blocking fundraising plans</a>&nbsp;&nbsp;<font color=""#6f6f6f"">Business Standard</font>",https://news.google.com/rss/articles/CBMi2wFBVV95cUxQNWVwcUdrU0ZvUWhCTEtxZmpLcTgyaE1NMlU5R0FVZ2VMUTBqRFBrMFZoZUxEMjJ1MFV5bnNsNUpGWVR1b3BDNXZqeWxwNEg4Y2Z0bFNtMEV5OVhSSV9CSkdVR1ZDdnQzdTFXOThKLXlwcmtfMWdHZi1vakdFUkU3Mm9WZm1UbTZ3RFBQdndlV1QtNHB6dWVJUDVNQUtybTZxeXdiV2I2Rkh0TVFvZS1ETmU2a0p6ZHN2VzhES015QUpYVHdXN0RsLTNEM3FacURRNW5EMmc5dXQyMlXSAeABQVVfeXFMTmpvTE1XMTFYNi1Ub3JkWFY2STVCMDRSOGlfZFR2bmRPM1VxR0h5NXBVeTdSd2dxOTdjanY5M3laa2xQaFRLR2xmNmstUzB1YlNZa05qd3UtRUFnajdYbnM2TEkySmt2S1EyMzk1Sm5adzNxTW4yRmdjN19SOTZGUUo3TDV4d0lrWEJfM1c0cTZ2ME4xTlZuN3RkUFduQ2UxN2tuQTE5bEFpa0ZDb2EzR1BxT2lLS2JreER2OXVGTU1oaGtJbGZCdGhtM203VDFnck1TYlF5eS15ZktmZHotYVI?oc=5,Google News - Company,RSS,0.7,"Fri, 12 Jun 2026 07:00:00 GMT",2026-09-01T22:46:04.767541+00:00,-0.5869,BEARISH,2,1.0,-0.82166
e9b55f8e6558d047ce65c055d5233cd071e33c21b4a467f0a03910fc709f616a,Delhi High Court refuses bail to ex-CFO of Reliance Power in money laundering case - Deccan Herald,"<a href=""https://news.google.com/rss/articles/CBMiywFBVV95cUxNQlZ6c0VvNmUtUTZSZzZuOUxsN09wTENKSVZjRVNILU9yR1hHNmRqc19iWEtWSDI5M20wT0p3VUhETWVfOWtkQktYT0p6cGN1UnRidHlnOXM3Y1EwdVl4c1FKUi03VzhhQXB1MHVmbWYxdTVlWlBQd09ESUE5ZXJuSGJRQlp0MUViZXR0ZVhVUGUzZUJVcTdPZ2dZQThINnR4SzUxV1VSMTJQVlVYdGlKcXdvV0lCMGY5RGVDWmt0WDl0LXJVaVVJRkdZbw?oc=5"" target=""_blank"">Delhi High Court refuses bail to ex-CFO of Reliance Power in money laundering case</a>&nbsp;&nbsp;<font color=""#6f6f6f"">Deccan Herald</font>",https://news.google.com/rss/articles/CBMiywFBVV95cUxNQlZ6c0VvNmUtUTZSZzZuOUxsN09wTENKSVZjRVNILU9yR1hHNmRqc19iWEtWSDI5M20wT0p3VUhETWVfOWtkQktYT0p6cGN1UnRidHlnOXM3Y1EwdVl4c1FKUi03VzhhQXB1MHVmbWYxdTVlWlBQd09ESUE5ZXJuSGJRQlp0MUViZXR0ZVhVUGUzZUJVcTdPZ2dZQThINnR4SzUxV1VSMTJQVlVYdGlKcXdvV0lCMGY5RGVDWmt0WDl0LXJVaVVJRkdZbw?oc=5,Google News - Company,RSS,0.7,"Thu, 11 Jun 2026 07:00:00 GMT",2026-09-01T22:46:04.767534+00:00,0.0,NEUTRAL,2,1.0,0.0
8162d632dc28dfb1718673a88afc98a3372bfeb049dce09b25cd0f173f7c0507,"Anil Ambani-owned Reliance Power shares jump, rise 40% in April. Trap or an opportunity before Q4 results 2026? - Livemint","<a href=""https://news.google.com/rss/articles/CBMiigJBVV95cUxOQ21KM0REbW5XUXFBQjlQaXFpSGZBODl6cnllRklUeFdlcHF6YUJ6MzRna0tVckxMSWU1MG9yWkg1SzNmb2Nhbk9IRzRiSVJNSTZNWnBibnRucG5zRnhHQmRmSDZmYWx1Mzl2M2d4Q0x6WnY2VGtZaW9KOFpQZkc1VFdnWmIxc09lVjZWVVVsNGZNQ2hscGJVcXQ1UElDZzdDQXNyeFkyejdmWTNhTDh3NVR5bGtIeGJnS2FnZG1ySDZ6VU5CaUNFS3Y5b1Q1UmloeE5OeGZVeHpjMFpkaVN6d0ZadXIxU0MtNlE4RkJLWmplU0NvbUZHZWVJdHI0M1hYbHF0R2Z0ZzdjUdIBjwJBVV95cUxQYTNyVHpOa2JsSVdRSTJtWWRoellxZWpmXzVTZElpdGtURDZsRGpZd19hTlVGTVV5aTZ6dkRBZjJEUm93Tk1MaGRxWHRKZ1VRaEJGWHhjcVRnbEloT2FMakt6T09fLW9PeHN2MjhBRnlTbEFoeTRLSGYwNkRJMHhVdXY1ZHdpTkR6VHhfZTk3UnBEYUltZ1B3TFNXNEtvZE9jdVdnQXRuRU5NSG5kZ1FCMlpIQ1huZGtxOXhWYWJybk1wdENYal91WjdOUkVzdE9iQVdRaXB0bFZEUFJIQWxzaFJWenlDNGN6cEhmSlYwal9ZVGdlUVkwLWpWMW1qU1ZrU0g3TjBoUF9MVC1nSnpj?oc=5"" target=""_blank"">Anil Ambani-owned Reliance Power shares jump, rise 40% in April. Trap or an opportunity before Q4 results 2026?</a>&nbsp;&nbsp;<font color=""#6f6f6f"">Livemint</font>",https://news.google.com/rss/articles/CBMiigJBVV95cUxOQ21KM0REbW5XUXFBQjlQaXFpSGZBODl6cnllRklUeFdlcHF6YUJ6MzRna0tVckxMSWU1MG9yWkg1SzNmb2Nhbk9IRzRiSVJNSTZNWnBibnRucG5zRnhHQmRmSDZmYWx1Mzl2M2d4Q0x6WnY2VGtZaW9KOFpQZkc1VFdnWmIxc09lVjZWVVVsNGZNQ2hscGJVcXQ1UElDZzdDQXNyeFkyejdmWTNhTDh3NVR5bGtIeGJnS2FnZG1ySDZ6VU5CaUNFS3Y5b1Q1UmloeE5OeGZVeHpjMFpkaVN6d0ZadXIxU0MtNlE4RkJLWmplU0NvbUZHZWVJdHI0M1hYbHF0R2Z0ZzdjUdIBjwJBVV95cUxQYTNyVHpOa2JsSVdRSTJtWWRoellxZWpmXzVTZElpdGtURDZsRGpZd19hTlVGTVV5aTZ6dkRBZjJEUm93Tk1MaGRxWHRKZ1VRaEJGWHhjcVRnbEloT2FMakt6T09fLW9PeHN2MjhBRnlTbEFoeTRLSGYwNkRJMHhVdXY1ZHdpTkR6VHhfZTk3UnBEYUltZ1B3TFNXNEtvZE9jdVdnQXRuRU5NSG5kZ1FCMlpIQ1huZGtxOXhWYWJybk1wdENYal91WjdOUkVzdE9iQVdRaXB0bFZEUFJIQWxzaFJWenlDNGN6cEhmSlYwal9ZVGdlUVkwLWpWMW1qU1ZrU0g3TjBoUF9MVC1nSnpj?oc=5,Google News - Company,RSS,0.7,"Tue, 21 Apr 2026 07:00:00 GMT",2026-09-01T22:46:04.767526+00:00,0.7131,BULLISH,2,1.0,0.9983399999999999
6e5a9ba0f876971fc9cdf9d46b06f60df20d2e1b2d6c555c8e030916b426a877,Reliance Power Share Price Jumps 3% Ahead Of Q3 Results | Stock Market Today - Samco,"<a href=""https://news.google.com/rss/articles/CBMivgFBVV95cUxPVmpSZEd4cVNOZF9mSEtIYnVBcEJjM3QzREctMkg0cW5wblpSZUVHbzFyZGs0bmVJVDVjYS1WS081V2V4dmlIT0x3WWREZEpaT1ZvSUx6ZVBXZTdZekdrcU9PbzNyNVVxekNmOC0takFKa2tlUDFaakhPRElTUzJITDRLSklOMGwwaUhySkRQanp4TklaUnhNbTVKd0R1cy1lZHpMcm9yS01FR0FQTGhJczB4blRRQ3kwUEFDaFhR?oc=5"" target=""_blank"">Reliance Power Share Price Jumps 3% Ahead Of Q3 Results | Stock Market Today</a>&nbsp;&nbsp;<font color=""#6f6f6f"">Samco</font>",https://news.google.com/rss/articles/CBMivgFBVV95cUxPVmpSZEd4cVNOZF9mSEtIYnVBcEJjM3QzREctMkg0cW5wblpSZUVHbzFyZGs0bmVJVDVjYS1WS081V2V4dmlIT0x3WWREZEpaT1ZvSUx6ZVBXZTdZekdrcU9PbzNyNVVxekNmOC0takFKa2tlUDFaakhPRElTUzJITDRLSklOMGwwaUhySkRQanp4TklaUnhNbTVKd0R1cy1lZHpMcm9yS01FR0FQTGhJczB4blRRQ3kwUEFDaFhR?oc=5,Google News - Stock,RSS,0.7,"Fri, 30 Jan 2026 08:00:00 GMT",2026-09-01T22:46:05.199090+00:00,0.5267,BULLISH,2,1.0,0.7373799999999999
fca7ebdf567e00c75946be149d74ac8579e58cd6dced0af834d315f0a26fb8b3,"Reliance Power Board Meeting Scheduled for May 21, 2026 to Approve FY26 Financial Results and Consider Fund Raising - scanx.trade","<a href=""https://news.google.com/rss/articles/CBMigAJBVV95cUxQUnBzSDI2Ni01NmVpdGlQZUd5cjBxNDlITDk5MkE4TTU1MGdkbzhGZENaWHVOLWR0WU8xeks2Tk1Zc0ljVHdOQVFzd0hwUmVMNFk3ODNQQUdITWlXYkVHdWlFOGhGZ3B6Tkhac1poSWZzaFlTdTFubjBZNi1xUXNoNGdmb05FQjVPdG5aQ3k1VEkzcGY1ckszNGFWZ29vRWpnZmdRYVZRVEJtT3BBZ2RxbFRKbmFoNk9GMFBxZ05XSkF0XzNXY1JxYjgzRkkybDB5bWk3Z3VvZ1NWeVY1U05adzUwNkRFd3NZazJaWVJZVkhGNkJsRVhyM0NHbHpuTWJn?oc=5"" target=""_blank"">Reliance Power Board Meeting Scheduled for May 21, 2026 to Approve FY26 Financial Results and Consider Fund Raising</a>&nbsp;&nbsp;<font color=""#6f6f6f"">scanx.trade</font>",https://news.google.com/rss/articles/CBMigAJBVV95cUxQUnBzSDI2Ni01NmVpdGlQZUd5cjBxNDlITDk5MkE4TTU1MGdkbzhGZENaWHVOLWR0WU8xeks2Tk1Zc0ljVHdOQVFzd0hwUmVMNFk3ODNQQUdITWlXYkVHdWlFOGhGZ3B6Tkhac1poSWZzaFlTdTFubjBZNi1xUXNoNGdmb05FQjVPdG5aQ3k1VEkzcGY1ckszNGFWZ29vRWpnZmdRYVZRVEJtT3BBZ2RxbFRKbmFoNk9GMFBxZ05XSkF0XzNXY1JxYjgzRkkybDB5bWk3Z3VvZ1NWeVY1U05adzUwNkRFd3NZazJaWVJZVkhGNkJsRVhyM0NHbHpuTWJn?oc=5,Google News - Stock,RSS,0.7,"Thu, 21 May 2026 07:00:00 GMT",2026-09-01T22:46:05.198938+00:00,0.0,NEUTRAL,2,1.0,0.0
c77d91decc41ac58cc755f91cfdd40f4334600e0479e393d77d779ab6cc8b2e7,Reliance Power reports consolidated net loss of Rs 494.00 crore in the March 2026 quarter - Business Standard,"<a href=""https://news.google.com/rss/articles/CBMigAJBVV95cUxQUmx1MDBDdjNMN3NBXzhQWTd1Y3lYVHZYMkJOQmZiUnlQMG94cHRiN0k5RFhVUmtram9XbU5uT2hybHh6Smd2S19ERXp1N3lyWFlTQnBHU1JmT1RKSy16SG5idnRVdXNjbTFwZElsQ3drZERhSVZrZkw3Ylh6TS1Va3ZKZnd3VkpBeVYzREV0MUN5TUNrdE1wZ0F3YmozTXB6N05RNmE4V0p3aldYWjZJM2s3NjNlYjJ2U2dlMGhha3ZXYzQ2TWhhSXFuOE9Ka1ctYW8zMGRLQnFmaFp1MlY4Q0NmMGtZa0xNVnlTOU54UFZZMVRxMEtOMGF3MV83T0dt0gGGAkFVX3lxTE9QcXNNeDVrYUpiSFNjTjBjX0p6ZThYRFlIcHVYdkRIN0tEek1HVnhSUEdabXhvY2pkS1FuM21EUVVUQjExZnpBVEMwTUJ6aC10a0FzVWoyWEQzSDRKcWhmT2dhOEZnbk9yTVp1enFuNlI4djUyVEh0VWEyczYtQ2F3dl90ZC1KSVJxWTF4N2Z3TGt1UHp2OWJqMHNOdDhteHBralJLZXNKQ29TeHprLTFETVl0RWN1c3pyVzdwRjlod3gyWTAyQ0M3bGFyaXhYaVJCel9pTFNtRkdsZWVZcXpJcjBwVThvZlRMazZEeXQxVnBnM1AzUy1abDJKN2EyOHc5eEJmdHc?oc=5"" target=""_blank"">Reliance Power reports consolidated net loss of Rs 494.00 crore in the March 2026 quarter</a>&nbsp;&nbsp;<font color=""#6f6f6f"">Business Standard</font>",https://news.google.com/rss/articles/CBMigAJBVV95cUxQUmx1MDBDdjNMN3NBXzhQWTd1Y3lYVHZYMkJOQmZiUnlQMG94cHRiN0k5RFhVUmtram9XbU5uT2hybHh6Smd2S19ERXp1N3lyWFlTQnBHU1JmT1RKSy16SG5idnRVdXNjbTFwZElsQ3drZERhSVZrZkw3Ylh6TS1Va3ZKZnd3VkpBeVYzREV0MUN5TUNrdE1wZ0F3YmozTXB6N05RNmE4V0p3aldYWjZJM2s3NjNlYjJ2U2dlMGhha3ZXYzQ2TWhhSXFuOE9Ka1ctYW8zMGRLQnFmaFp1MlY4Q0NmMGtZa0xNVnlTOU54UFZZMVRxMEtOMGF3MV83T0dt0gGGAkFVX3lxTE9QcXNNeDVrYUpiSFNjTjBjX0p6ZThYRFlIcHVYdkRIN0tEek1HVnhSUEdabXhvY2pkS1FuM21EUVVUQjExZnpBVEMwTUJ6aC10a0FzVWoyWEQzSDRKcWhmT2dhOEZnbk9yTVp1enFuNlI4djUyVEh0VWEyczYtQ2F3dl90ZC1KSVJxWTF4N2Z3TGt1UHp2OWJqMHNOdDhteHBralJLZXNKQ29TeHprLTFETVl0RWN1c3pyVzdwRjlod3gyWTAyQ0M3bGFyaXhYaVJCel9pTFNtRkdsZWVZcXpJcjBwVThvZlRMazZEeXQxVnBnM1AzUy1abDJKN2EyOHc5eEJmdHc?oc=5,Google News - Company,RSS,0.7,"Fri, 22 May 2026 07:00:00 GMT",2026-09-01T22:46:04.767298+00:00,-0.6074,BEARISH,2,1.0,-0.85036
8a3e1db2425080b8d7264c556f4b5a0247c24736ab3875752411da5f2f069b56,"Stocks To Watch Today: JSW Cement, Piramal Finance, UltraTech Cement, Karur Vysaya Bank And Reliance Power - ndtvprofit.com","<a href=""https://news.google.com/rss/articles/CBMi3wFBVV95cUxOUWJtRWNSODVMOWUyUUwzNUp4cndpbnA4QzNjaHBsTHJvZUdQNVE5OXhsNVJibjgxLWVhS2dXUkJpZzVlX0NueGN2WFowNENDazVwNXBLZjlBTXhkNDhOVkFIaHY4bFNDZUNDdVdFcEVlX2lDRTFwWWVDM3BaMzk5czZycHc5U25jdW5yM0kyRkQ2eXVvRDlPYnFidFFOTUdBTlhfWTRGYlJoVzh2X1pBX3FpTHhGNmlfeHgyTURHcGI5cmFydG0tNTFVYVhZUkNoa25CdzJRa1dsU3czX2Fz0gHnAUFVX3lxTE5kX2ZXRkFQNTd0eFFLRGdXeWtCLVlZR2dqbnJCb3kxMER2dzV5NXBHaUZDS1ZUbmUxV2ZsWm5ob2JGdUMyMFBRb0Y5b1pfMWVpbTdET2NscXVSRi1CZHZQMXpmMHJYc2VBaWNIVkZTaXA4UExWR1FfaWJDWERKX3hTMXlycVk0U0ttNXJ3aFlQcWl0N1kxY3V0ekZBbGJKbFBLNURrYWFHeXpHWjRFclFhMmxsb01IQ0xzM1Q0VnFRMWZXTVVhcXhNRWRST1JXTW13c2xTeEpob2UydE1JYXBVZVc1ZEdTUQ?oc=5"" target=""_blank"">Stocks To Watch Today: JSW Cement, Piramal Finance, UltraTech Cement, Karur Vysaya Bank And Reliance Power</a>&nbsp;&nbsp;<font color=""#6f6f6f"">ndtvprofit.com</font>",https://news.google.com/rss/articles/CBMi3wFBVV95cUxOUWJtRWNSODVMOWUyUUwzNUp4cndpbnA4QzNjaHBsTHJvZUdQNVE5OXhsNVJibjgxLWVhS2dXUkJpZzVlX0NueGN2WFowNENDazVwNXBLZjlBTXhkNDhOVkFIaHY4bFNDZUNDdVdFcEVlX2lDRTFwWWVDM3BaMzk5czZycHc5U25jdW5yM0kyRkQ2eXVvRDlPYnFidFFOTUdBTlhfWTRGYlJoVzh2X1pBX3FpTHhGNmlfeHgyTURHcGI5cmFydG0tNTFVYVhZUkNoa25CdzJRa1dsU3czX2Fz0gHnAUFVX3lxTE5kX2ZXRkFQNTd0eFFLRGdXeWtCLVlZR2dqbnJCb3kxMER2dzV5NXBHaUZDS1ZUbmUxV2ZsWm5ob2JGdUMyMFBRb0Y5b1pfMWVpbTdET2NscXVSRi1CZHZQMXpmMHJYc2VBaWNIVkZTaXA4UExWR1FfaWJDWERKX3hTMXlycVk0U0ttNXJ3aFlQcWl0N1kxY3V0ekZBbGJKbFBLNURrYWFHeXpHWjRFclFhMmxsb01IQ0xzM1Q0VnFRMWZXTVVhcXhNRWRST1JXTW13c2xTeEpob2UydE1JYXBVZVc1ZEdTUQ?oc=5,Google News - Company,RSS,0.7,"Mon, 20 Jul 2026 07:00:00 GMT",2026-09-01T22:46:04.767267+00:00,0.05,NEUTRAL,2,1.0,0.06999999999999999
2ff671c8b25d1690cd273fa1a94b7034fe1ed2593de7389eb0b2c181eb3f06fc,Reliance Power share price rises 3% ahead of the Q3 results today - Livemint,"<a href=""https://news.google.com/rss/articles/CBMizwFBVV95cUxNNy12bFhuSVVPbkNjNnVTdndhU1JNa1FtOFRadDdKcDluLWF1T2tGdk55eWJwWmJWdkpPQWNLdDhHaktod0VVUTVhY1ZXU0Q2NENydFcwMjU3UjlqRDl3Y2pMNDZoS0xGZHNsN3hhTE0xSUJ5OWpJdFdJdjlmMnB3a0tIYnlaQkNIaHM4UTV6UXNvQjFyVkNQb1pGaTl0WTdBeDhQeks4MFk4QzJSbjdvTFRJdWdPTUZIR1pVbVVnNlgxRy1wWGlWZ2tpa0c5c0HSAdQBQVVfeXFMTmp0cFNYNXJNZ2hoM1d4MDBIQUtYM3ZZOVFhcjN1Y3lLSS1xbFl5ZUw1QWJ0WVNBYW5qNlc0a2Qxb21xT1hWLVlSa2RnLWhHWmt2eHpOSDFPSWFNdnFmb0d3emN1NUxab2Y0T1Zjc3JRYmd4a2FIZFN1M0pLSVRnUVlucFRycmlxTTJzcVVVYngtak95Sm1iU0tkZHdBQ3cyRkVNYnhWUzdYR0VwUWZsZEMtS1Nya01qQTFqUlFjaXRCQkRGcU9NWTh3VmFpWDN3YXNiOVQ?oc=5"" target=""_blank"">Reliance Power share price rises 3% ahead of the Q3 results today</a>&nbsp;&nbsp;<font color=""#6f6f6f"">Livemint</font>",https://news.google.com/rss/articles/CBMizwFBVV95cUxNNy12bFhuSVVPbkNjNnVTdndhU1JNa1FtOFRadDdKcDluLWF1T2tGdk55eWJwWmJWdkpPQWNLdDhHaktod0VVUTVhY1ZXU0Q2NENydFcwMjU3UjlqRDl3Y2pMNDZoS0xGZHNsN3hhTE0xSUJ5OWpJdFdJdjlmMnB3a0tIYnlaQkNIaHM4UTV6UXNvQjFyVkNQb1pGaTl0WTdBeDhQeks4MFk4QzJSbjdvTFRJdWdPTUZIR1pVbVVnNlgxRy1wWGlWZ2tpa0c5c0HSAdQBQVVfeXFMTmp0cFNYNXJNZ2hoM1d4MDBIQUtYM3ZZOVFhcjN1Y3lLSS1xbFl5ZUw1QWJ0WVNBYW5qNlc0a2Qxb21xT1hWLVlSa2RnLWhHWmt2eHpOSDFPSWFNdnFmb0d3emN1NUxab2Y0T1Zjc3JRYmd4a2FIZFN1M0pLSVRnUVlucFRycmlxTTJzcVVVYngtak95Sm1iU0tkZHdBQ3cyRkVNYnhWUzdYR0VwUWZsZEMtS1Nya01qQTFqUlFjaXRCQkRGcU9NWTh3VmFpWDN3YXNiOVQ?oc=5,Google News - Company,RSS,0.7,"Fri, 30 Jan 2026 08:00:00 GMT",2026-09-01T22:46:04.767519+00:00,0.5267,BULLISH,2,1.0,0.7373799999999999
071e760acb75cc331b4cce99a20d937b5eea366f548612f3694455c750d41a7b,"Reliance Power Q1 FY27 Results: Revenue, PAT & Key Highlights - Univest","<a href=""https://news.google.com/rss/articles/CBMid0FVX3lxTE5jNzgwMnpVSHFBZTdCTkw5Z0lKQzdZR0dwQmxXRjgxT2ZJX2ZKQXBqbmdFWmc3SGxyTG5HS3F1NGpHM1RlQXlnNi12Yl9xX2dySFlBRVI1MGtuWmRxYmVObmhrN29rQlZkZEwweDVGQUdKSmVNeXlv?oc=5"" target=""_blank"">Reliance Power Q1 FY27 Results: Revenue, PAT & Key Highlights</a>&nbsp;&nbsp;<font color=""#6f6f6f"">Univest</font>",https://news.google.com/rss/articles/CBMid0FVX3lxTE5jNzgwMnpVSHFBZTdCTkw5Z0lKQzdZR0dwQmxXRjgxT2ZJX2ZKQXBqbmdFWmc3SGxyTG5HS3F1NGpHM1RlQXlnNi12Yl9xX2dySFlBRVI1MGtuWmRxYmVObmhrN29rQlZkZEwweDVGQUdKSmVNeXlv?oc=5,Google News - Company,RSS,0.7,"Fri, 07 Aug 2026 07:00:00 GMT",2026-09-01T22:46:04.767225+00:00,0.0,NEUTRAL,2,1.0,0.0
e2feada14f0050f9295e542440b48266bd08f034c9dc380ec54999a9efdb41e7,"Reliance Power Q1 Results: PAT jumps 44% to ₹65 cr; flags CBI, ED probes - BusinessLine","<a href=""https://news.google.com/rss/articles/CBMi6AFBVV95cUxPWGdoOEhoREs3RldsWWFlTWtyLWFLel9DdzJrQmlqcUdPVVRCVmtHN0RadnE4UkxtTFU5TG00UWhNSV9jZDZSUGlHaDB3TTNzaVlPVEpITFlkLThSSHVIOVNtZ3drTC1QVjZRS1RtZUw5V0g2a0VZQkkwMURlR0NmWEVhclNhOTllS3BrcHVDc2wzOGFPYnBFZkg1VzZyRnJQMXhOdVJVQTktbnUycU1Vd3JsYVVkS1BEdDNWSTdjXzhBZWIySm9aNjk0OVhYUW1jd3dURldKNkVkUXN3bEJzTHlmN1g1UHdU0gHvAUFVX3lxTE9QLTRxSTYza0tHbnI3OFFNcU9jY3BrYXVONXlHcGw3aGwwN2pRTWh0SVlCM1RqM1BBVUJkX2d4Rk1lTUE5b3Bjbi1oOEUyQVhlMDJGd0pES1FDc0VQWGRLdUZEXzFON3dBdEUzLUZFT1JOWXBnX09SQURuTjZad1lHZXV0ZUZ4MDF1bEtxcGtGZnJLUmk3dUljVjRaTThzbzNTRzR4WXlTM1YxODBoWkJKb2s2cHd4VzJ0REVQaE10MGRBZFJCb1VHYjJWSEtlMHdNbk41ZUdUb19NX0VidVc3SVYydU1reTE3RjFDVkVr?oc=5"" target=""_blank"">Reliance Power Q1 Results: PAT jumps 44% to ₹65 cr; flags CBI, ED probes</a>&nbsp;&nbsp;<font color=""#6f6f6f"">BusinessLine</font>",https://news.google.com/rss/articles/CBMi6AFBVV95cUxPWGdoOEhoREs3RldsWWFlTWtyLWFLel9DdzJrQmlqcUdPVVRCVmtHN0RadnE4UkxtTFU5TG00UWhNSV9jZDZSUGlHaDB3TTNzaVlPVEpITFlkLThSSHVIOVNtZ3drTC1QVjZRS1RtZUw5V0g2a0VZQkkwMURlR0NmWEVhclNhOTllS3BrcHVDc2wzOGFPYnBFZkg1VzZyRnJQMXhOdVJVQTktbnUycU1Vd3JsYVVkS1BEdDNWSTdjXzhBZWIySm9aNjk0OVhYUW1jd3dURldKNkVkUXN3bEJzTHlmN1g1UHdU0gHvAUFVX3lxTE9QLTRxSTYza0tHbnI3OFFNcU9jY3BrYXVONXlHcGw3aGwwN2pRTWh0SVlCM1RqM1BBVUJkX2d4Rk1lTUE5b3Bjbi1oOEUyQVhlMDJGd0pES1FDc0VQWGRLdUZEXzFON3dBdEUzLUZFT1JOWXBnX09SQURuTjZad1lHZXV0ZUZ4MDF1bEtxcGtGZnJLUmk3dUljVjRaTThzbzNTRzR4WXlTM1YxODBoWkJKb2s2cHd4VzJ0REVQaE10MGRBZFJCb1VHYjJWSEtlMHdNbk41ZUdUb19NX0VidVc3SVYydU1reTE3RjFDVkVr?oc=5,Google News - Company,RSS,0.7,"Sat, 08 Aug 2026 07:00:00 GMT",2026-09-01T22:46:04.766985+00:00,0.0,NEUTRAL,2,1.0,0.0
044d4eeb3f1f1c6d9d9fa2f5d554119d34af268bd8d7cbe89a3cf7809037170f,Reliance Power reports Rs 494 crore loss in March quarter - Deccan Herald,"<a href=""https://news.google.com/rss/articles/CBMipgFBVV95cUxQbUFiSDdtejFqaXEyLVZmcTh5SHVCbVZhbmZubjF6eWVQRk1iWXNSTHBhalZ2SWFEckVrZGFIbG9BRTJra2FlNzZGNnB6eWRYUUV6clExVVhFMi1CQTk5UGxBMDMxSm40M0J5VDFhLWJXb2h0YWdBLVBJUFp3WTdyWjBVcGJWY2tOWm40ZGJaR3o5Xzh3Z3JYLTlVZVp1OVFUZnY3OU53?oc=5"" target=""_blank"">Reliance Power reports Rs 494 crore loss in March quarter</a>&nbsp;&nbsp;<font color=""#6f6f6f"">Deccan Herald</font>",https://news.google.com/rss/articles/CBMipgFBVV95cUxQbUFiSDdtejFqaXEyLVZmcTh5SHVCbVZhbmZubjF6eWVQRk1iWXNSTHBhalZ2SWFEckVrZGFIbG9BRTJra2FlNzZGNnB6eWRYUUV6clExVVhFMi1CQTk5UGxBMDMxSm40M0J5VDFhLWJXb2h0YWdBLVBJUFp3WTdyWjBVcGJWY2tOWm40ZGJaR3o5Xzh3Z3JYLTlVZVp1OVFUZnY3OU53?oc=5,Google News - Company,RSS,0.7,"Thu, 21 May 2026 07:00:00 GMT",2026-09-01T22:46:04.767504+00:00,-0.6074,BEARISH,2,1.0,-0.85036
5b602fedce0033e6c6d04d6db06efa0c01b292505cb7c14dd516feedf4c74d75,Reliance Power Q1 FY27 Results: Uniresearch Prediction - Univest,"<a href=""https://news.google.com/rss/articles/CBMiZkFVX3lxTFBPSVJQS1VOSFFwYUNnaUdkSWtoTjJxTHVVOWxXRDBMTEJ1dThyd3VwS0pRRHlZMFEtSnA0WjFKMVFhOWhaMFpkTUJVRXVKNHNNc1lVbGU4akd5UWlMbHF2Y3RzcXc4UQ?oc=5"" target=""_blank"">Reliance Power Q1 FY27 Results: Uniresearch Prediction</a>&nbsp;&nbsp;<font color=""#6f6f6f"">Univest</font>",https://news.google.com/rss/articles/CBMiZkFVX3lxTFBPSVJQS1VOSFFwYUNnaUdkSWtoTjJxTHVVOWxXRDBMTEJ1dThyd3VwS0pRRHlZMFEtSnA0WjFKMVFhOWhaMFpkTUJVRXVKNHNNc1lVbGU4akd5UWlMbHF2Y3RzcXc4UQ?oc=5,Google News - Company,RSS,0.7,"Mon, 29 Jun 2026 07:00:00 GMT",2026-09-01T22:46:04.767418+00:00,0.0,NEUTRAL,2,1.0,0.0
e2ad34a094660059333d3cc621878c417a552d0c4dfcdf26907505c63babe9d0,"Reliance Power Ltd. Share Price, Stock Price - NSE/BSE Live - ndtvprofit.com","<a href=""https://news.google.com/rss/articles/CBMie0FVX3lxTE9ZX2llQ3BPVXBia2NoVEdXcVpscG9tdGIydjRYOUhZSWZIVnRvZy1iTHlJRl9maDFVZWpjOGtLczktQzlOcURJZklCVV9QUTdLTllkOEY3Mm5neEVSY3hIUUJWcDRxcUhCMDVCMTdQTE1adzFfeWdvUHVJUQ?oc=5"" target=""_blank"">Reliance Power Ltd. Share Price, Stock Price - NSE/BSE Live</a>&nbsp;&nbsp;<font color=""#6f6f6f"">ndtvprofit.com</font>",https://news.google.com/rss/articles/CBMie0FVX3lxTE9ZX2llQ3BPVXBia2NoVEdXcVpscG9tdGIydjRYOUhZSWZIVnRvZy1iTHlJRl9maDFVZWpjOGtLczktQzlOcURJZklCVV9QUTdLTllkOEY3Mm5neEVSY3hIUUJWcDRxcUhCMDVCMTdQTE1adzFfeWdvUHVJUQ?oc=5,Google News - Company,RSS,0.7,"Wed, 20 May 2026 17:37:15 GMT",2026-09-01T22:46:04.767402+00:00,0.5767,BULLISH,2,1.0,0.80738
d81e16efe9dd19ecdc58554833b864aeda25a192288d0ca006fe02015bfa5a69,"Reliance Power partners with Bhutan on nation’s largest solar project worth ₹2,000 crore - Energies Media","<a href=""https://news.google.com/rss/articles/CBMifkFVX3lxTE9XTHNrR1RIQ19DS1VrVUNhSEtpbGYxTktnWElaUTFPbkhkLXU3WnhTNmI2bGgxVE9ObnlWa2RhcGJLUldmUy1sZHB5ZlNWdjRNLVlZWDc3UU9JVWRVYV9LeDg4Q050Z0pVSkk2OWs3UTM3SEU3SDVZQ1E4ZHRiQQ?oc=5"" target=""_blank"">Reliance Power partners with Bhutan on nation’s largest solar project worth ₹2,000 crore</a>&nbsp;&nbsp;<font color=""#6f6f6f"">Energies Media</font>",https://news.google.com/rss/articles/CBMifkFVX3lxTE9XTHNrR1RIQ19DS1VrVUNhSEtpbGYxTktnWElaUTFPbkhkLXU3WnhTNmI2bGgxVE9ObnlWa2RhcGJLUldmUy1sZHB5ZlNWdjRNLVlZWDc3UU9JVWRVYV9LeDg4Q050Z0pVSkk2OWs3UTM3SEU3SDVZQ1E4ZHRiQQ?oc=5,Google News - Deals,RSS,0.7,"Wed, 19 Nov 2025 08:00:00 GMT",2026-09-01T22:46:06.163799+00:00,0.5719,BULLISH,2,1.0,0.8006599999999999
d823404fdb7271133837f161ffa9bb0593b4d587fb467fcd28a5980f6ef1a623,"Reliance Power Hits 52-Week High on Clean Energy Order Win, Volume Increases - groww.in","<a href=""https://news.google.com/rss/articles/CBMihwFBVV95cUxQOUVJY0FFU3ZQRGxjTVNFZkFGM1RFQklBMERtSFBnSzhQNEROVFhSaDVnZ1lwWlFkS1R1YWFweUhpNXljcENZTjJMSk9EeUtZdmFuYlRkMksxRUVlaXFZc01PNE9LYTZHRml0NVY5akQxTmwtOC1YazZrWldsSVloVE9mTFljaFE?oc=5"" target=""_blank"">Reliance Power Hits 52-Week High on Clean Energy Order Win, Volume Increases</a>&nbsp;&nbsp;<font color=""#6f6f6f"">groww.in</font>",https://news.google.com/rss/articles/CBMihwFBVV95cUxQOUVJY0FFU3ZQRGxjTVNFZkFGM1RFQklBMERtSFBnSzhQNEROVFhSaDVnZ1lwWlFkS1R1YWFweUhpNXljcENZTjJMSk9EeUtZdmFuYlRkMksxRUVlaXFZc01PNE9LYTZHRml0NVY5akQxTmwtOC1YazZrWldsSVloVE9mTFljaFE?oc=5,Google News - Deals,RSS,0.7,"Mon, 02 Jun 2025 07:00:00 GMT",2026-09-01T22:46:06.163743+00:00,0.9951000000000001,BULLISH,2,1.0,1.39314
521eb682604ae8f6599753eba1838c2e8830c1dfa1ab1a8a5fd4671c9851d949,Sebi Orders Forensic Audit Of Reliance Power - businessworld.in,"<a href=""https://news.google.com/rss/articles/CBMikgFBVV95cUxNUjRia09wcC1ZbmhoZWxwTFRHNFAtMnlKMVFPeUk1bVlEM0libGJJT1dJUTgwNXNIMDY5OWZmcFNaTU5wcHNQaHlkal9zem5wckxxclY2TUdnOFlVaWJ2TU44c3BjZ1ROSGZBWm5aVjRQdWU0OUVVOGhCLU1QSk40RkRsWHpaemI3V1F0NmZQSTlJQQ?oc=5"" target=""_blank"">Sebi Orders Forensic Audit Of Reliance Power</a>&nbsp;&nbsp;<font color=""#6f6f6f"">businessworld.in</font>",https://news.google.com/rss/articles/CBMikgFBVV95cUxNUjRia09wcC1ZbmhoZWxwTFRHNFAtMnlKMVFPeUk1bVlEM0libGJJT1dJUTgwNXNIMDY5OWZmcFNaTU5wcHNQaHlkal9zem5wckxxclY2TUdnOFlVaWJ2TU44c3BjZ1ROSGZBWm5aVjRQdWU0OUVVOGhCLU1QSk40RkRsWHpaemI3V1F0NmZQSTlJQQ?oc=5,Google News - Deals,RSS,0.7,"Fri, 16 Jan 2026 08:00:00 GMT",2026-09-01T22:46:06.163729+00:00,0.05,NEUTRAL,2,1.0,0.06999999999999999
166034f9de306687ba86e101d5cdd54b0dc0b10af5c263eba940f68fa6e3a011,"Reliance Nu Energies Secures 750 MW Solar Project, Boosting Reliance Power's Renewable Portfolio - scanx.trade","<a href=""https://news.google.com/rss/articles/CBMi6wFBVV95cUxOcXBTcHF4UjZHd2YtM0pzS3pxRENoZ0Y3QXdhZ0R3cGNldkpGQThJMDhIeWlVWDRoZWlVSk5rZkFJa1B3T2pEVFA1TkdMeDNSQTY3Ull0VERvcHpBd3RRRldtRThEbm85VElhTkpVbzBJckJfbVlRcHFfVVdjcW1pUlN0RE5fblVJN01vb2piR2Y1T2tTaElRd2Q3b20yRUUyY0tpUmxpUjRmNklMbFZmeGhPd3h4UGVrVzBpVnp5TGdnUWlXQkxwbEthY0UxdXBsN1llUTJJbjgxNUVySDRLS2E4WEE0Mm5PY0Fj?oc=5"" target=""_blank"">Reliance Nu Energies Secures 750 MW Solar Project, Boosting Reliance Power's Renewable Portfolio</a>&nbsp;&nbsp;<font color=""#6f6f6f"">scanx.trade</font>",https://news.google.com/rss/articles/CBMi6wFBVV95cUxOcXBTcHF4UjZHd2YtM0pzS3pxRENoZ0Y3QXdhZ0R3cGNldkpGQThJMDhIeWlVWDRoZWlVSk5rZkFJa1B3T2pEVFA1TkdMeDNSQTY3Ull0VERvcHpBd3RRRldtRThEbm85VElhTkpVbzBJckJfbVlRcHFfVVdjcW1pUlN0RE5fblVJN01vb2piR2Y1T2tTaElRd2Q3b20yRUUyY0tpUmxpUjRmNklMbFZmeGhPd3h4UGVrVzBpVnp5TGdnUWlXQkxwbEthY0UxdXBsN1llUTJJbjgxNUVySDRLS2E4WEE0Mm5PY0Fj?oc=5,Google News - Deals,RSS,0.7,"Tue, 11 Nov 2025 08:00:00 GMT",2026-09-01T22:46:06.163640+00:00,0.8807,BULLISH,2,1.0,1.23298
9bcda67ace0fa60759ec3919a2c6f311041e3b81ee13dd9884d1dc21a86d6e13,Reliance Power subsidiary bags key project in SJVN’s firm and dispatchable renewables bid - ET EnergyWorld,"<a href=""https://news.google.com/rss/articles/CBMi1wFBVV95cUxOalk4U0VLeEwzSkRVWnlUU2ttX2pLQ3pzMllJQ3NjNVk3RWVvWlJhcjhINTRQOWxueWItTGlBXzhHSnEzWmhyMGJ4ZWNxV1NHQms1QmYzaVlOTGpkckx5SHZLRVBqTDE5ZEZhRDNQUVJCRkxET194Rjhha0FkYnNUeno3WHNPT3VtTmFBYklXQmRHMFUwYV9kaUI4eEJxbVliX3MyRTZud3FyNnNvVm8xelQ0OTgzbl9XaGpZX0w4VEs4MGxhSTUwRTNuZS1FWmY0RE8taWtiRdIB3AFBVV95cUxPamZsbno5eWQwbVR1MEJfOUpFQjlxbUZDM0l1NDlHZ3dGcjhwVVRqNS1pTXZja1ZObC1oZnRCeEdvbmNtbXZzUUVTZ19OLS1JaVJOcldCek9NMy1FNlB1cl9RSUhHelZhaUhQcDJXYl9fNDFVV29ubUU4eWRqcHBNNVhaQ1pLWkZ0ZzZic0JfVjRlODBvbHZudUFxVWlOR2t4c19VeTltR3lUMjlrdlVWcUQwRHE2WW5tODNfcnhIaGtxa1VJSzF5aGZvVzFGaGx4TzczVE4xZ2RoRjVQ?oc=5"" target=""_blank"">Reliance Power subsidiary bags key project in SJVN’s firm and dispatchable renewables bid</a>&nbsp;&nbsp;<font color=""#6f6f6f"">ET EnergyWorld</font>",https://news.google.com/rss/articles/CBMi1wFBVV95cUxOalk4U0VLeEwzSkRVWnlUU2ttX2pLQ3pzMllJQ3NjNVk3RWVvWlJhcjhINTRQOWxueWItTGlBXzhHSnEzWmhyMGJ4ZWNxV1NHQms1QmYzaVlOTGpkckx5SHZLRVBqTDE5ZEZhRDNQUVJCRkxET194Rjhha0FkYnNUeno3WHNPT3VtTmFBYklXQmRHMFUwYV9kaUI4eEJxbVliX3MyRTZud3FyNnNvVm8xelQ0OTgzbl9XaGpZX0w4VEs4MGxhSTUwRTNuZS1FWmY0RE8taWtiRdIB3AFBVV95cUxPamZsbno5eWQwbVR1MEJfOUpFQjlxbUZDM0l1NDlHZ3dGcjhwVVRqNS1pTXZja1ZObC1oZnRCeEdvbmNtbXZzUUVTZ19OLS1JaVJOcldCek9NMy1FNlB1cl9RSUhHelZhaUhQcDJXYl9fNDFVV29ubUU4eWRqcHBNNVhaQ1pLWkZ0ZzZic0JfVjRlODBvbHZudUFxVWlOR2t4c19VeTltR3lUMjlrdlVWcUQwRHE2WW5tODNfcnhIaGtxa1VJSzF5aGZvVzFGaGx4TzczVE4xZ2RoRjVQ?oc=5,Google News - Deals,RSS,0.7,"Tue, 11 Nov 2025 08:00:00 GMT",2026-09-01T22:46:06.163620+00:00,0.0,NEUTRAL,2,1.0,0.0
c7c7bf087c8c7c5348efff83976c1ba83add7510340eec61c68ffb33c0ebbdf9,Delhi High Court Denies Bail To Former Reliance Power CFO In Rs 68.20 Cr Forged Bank Guarantee Case - BW Legal World,"<a href=""https://news.google.com/rss/articles/CBMi2wFBVV95cUxOdTduU0xYMGh0cEJXYWZjeGE2SkVsaWtVRDhEWjdwUGItMi15MlB3Yy1xUnppc21KNkhWNU5zNVVETWdKc2ZiRWFsNFRYb0dKQTFwTE1IZW5vUnpuQVRpS1VuOS1ua1h6a21MSnNwNllPaWkwdnVkaThXa0NtX1NGZjRuVG1LTXBRZ284LTd6TXh5NGlUM3hkVkF0Nk9Va0dHczcyVnBleVZnNm9uOXA2ZWRxcFc0NV82M0w5Zmd5a0xpTnVRdExQUDAyZnNoQmVpb2FVRjQ5UmJIbTA?oc=5"" target=""_blank"">Delhi High Court Denies Bail To Former Reliance Power CFO In Rs 68.20 Cr Forged Bank Guarantee Case</a>&nbsp;&nbsp;<font color=""#6f6f6f"">BW Legal World</font>",https://news.google.com/rss/articles/CBMi2wFBVV95cUxOdTduU0xYMGh0cEJXYWZjeGE2SkVsaWtVRDhEWjdwUGItMi15MlB3Yy1xUnppc21KNkhWNU5zNVVETWdKc2ZiRWFsNFRYb0dKQTFwTE1IZW5vUnpuQVRpS1VuOS1ua1h6a21MSnNwNllPaWkwdnVkaThXa0NtX1NGZjRuVG1LTXBRZ284LTd6TXh5NGlUM3hkVkF0Nk9Va0dHczcyVnBleVZnNm9uOXA2ZWRxcFc0NV82M0w5Zmd5a0xpTnVRdExQUDAyZnNoQmVpb2FVRjQ5UmJIbTA?oc=5,Google News - Deals,RSS,0.7,"Wed, 10 Jun 2026 07:00:00 GMT",2026-09-01T22:46:06.163604+00:00,-0.1531,NEUTRAL,2,1.0,-0.21434
5a6853a220f8f61edc6d9497718c43ba213dbc54627a0cd2e81f2d6fd5b40191,"Reliance Power Limited Files Half-Yearly Debt Securities Statement for March 31, 2026 - scanx.trade","<a href=""https://news.google.com/rss/articles/CBMi2AFBVV95cUxNV2RjRGVFcl9hRkZUdzkwQjZMdGN0dUk4MkduSDI2VDNuSlBERlcxZW14UG94ZXJJWWFzVVBjaEU5dnVadzk3aXgyZUlUbk0wOWpLQTZmYU05ZEFTRmJQck1xa0dadzdsdUZiV0RNSGtNdGZ6bmJlVzFYdUVndlYxNklyeDNsUHd2VTVHQ252SVd2WjJwcy1EbW1YTTd6SkxBY1ViSkVmMVg3WWtTWTROcG9uVXM4SDVoM1RFb1lPTV91X25NVkpCUDk5S2YzNkVaZUhVMkw1VGQ?oc=5"" target=""_blank"">Reliance Power Limited Files Half-Yearly Debt Securities Statement for March 31, 2026</a>&nbsp;&nbsp;<font color=""#6f6f6f"">scanx.trade</font>",https://news.google.com/rss/articles/CBMi2AFBVV95cUxNV2RjRGVFcl9hRkZUdzkwQjZMdGN0dUk4MkduSDI2VDNuSlBERlcxZW14UG94ZXJJWWFzVVBjaEU5dnVadzk3aXgyZUlUbk0wOWpLQTZmYU05ZEFTRmJQck1xa0dadzdsdUZiV0RNSGtNdGZ6bmJlVzFYdUVndlYxNklyeDNsUHd2VTVHQ252SVd2WjJwcy1EbW1YTTd6SkxBY1ViSkVmMVg3WWtTWTROcG9uVXM4SDVoM1RFb1lPTV91X25NVkpCUDk5S2YzNkVaZUhVMkw1VGQ?oc=5,Google News - Risk,RSS,0.7,"Fri, 10 Apr 2026 23:34:12 GMT",2026-09-01T22:46:06.731157+00:00,-0.5767,BEARISH,2,1.0,-0.80738
7c327e2e1e93bd5591b84115c891d788ae2502236363847e672a6de6abe5117a,SEBI orders forensic audit of Reliance Power; head of business and legal exits - BusinessLine,"<a href=""https://news.google.com/rss/articles/CBMi3AFBVV95cUxNWS1rcGZWdDFOM1ZEM2dkY0JoeGlRTGh2Wkh6b0Q1QlR6cGw0N1JSR2JTOHh6OXMwY3czTWhhc2FJSkFTWWIwdGxueTJWdDA5MmxNQ1lJZ1BxejZoNC1CTGc5T3ZJRDRFZ1JWdHd3MGJ2dWx2OU4yQ3pxY0Z1SlhucDJaSldYTTFscGlMY3c3c2pLZDBZMmFSQ3RCOENOa3ZUTmlrMGZVV0drWWtWbTFTWi02WGpBZUNkNm53bGFwS2UzRDhTYkFrbmRic19iVWxxek9MQ0FiSXY2dDhf0gHjAUFVX3lxTE5ialpGLXc1bTB1TWl2YlQwSWJUaU5UOFJiOHpacTRlYTJsRzRTcm1YY2hMdWJ2R3FxTm5XUVJOVWtXaUFjQWQ0dzhjcXFBeTI0RHZIdjhaZ1h1b2hfNUFMb0hlc0JfeWYzZkdId0t1VHJLRjVZUzJYV0liV3ZrbE5XNFZ1ZWVXQlhtV1p0YzBHeWVCUmg2X0ZjX3Z4bnphd0VqVjZDMjJKekJ2bGV0YVBWOHUtajFvVXN0bFEzV2ZlalVHeTQwdm5PZWhNQkxtN0dYakVyckRvYmVrMl90N0Y5MEdj?oc=5"" target=""_blank"">SEBI orders forensic audit of Reliance Power; head of business and legal exits</a>&nbsp;&nbsp;<font color=""#6f6f6f"">BusinessLine</font>",https://news.google.com/rss/articles/CBMi3AFBVV95cUxNWS1rcGZWdDFOM1ZEM2dkY0JoeGlRTGh2Wkh6b0Q1QlR6cGw0N1JSR2JTOHh6OXMwY3czTWhhc2FJSkFTWWIwdGxueTJWdDA5MmxNQ1lJZ1BxejZoNC1CTGc5T3ZJRDRFZ1JWdHd3MGJ2dWx2OU4yQ3pxY0Z1SlhucDJaSldYTTFscGlMY3c3c2pLZDBZMmFSQ3RCOENOa3ZUTmlrMGZVV0drWWtWbTFTWi02WGpBZUNkNm53bGFwS2UzRDhTYkFrbmRic19iVWxxek9MQ0FiSXY2dDhf0gHjAUFVX3lxTE5ialpGLXc1bTB1TWl2YlQwSWJUaU5UOFJiOHpacTRlYTJsRzRTcm1YY2hMdWJ2R3FxTm5XUVJOVWtXaUFjQWQ0dzhjcXFBeTI0RHZIdjhaZ1h1b2hfNUFMb0hlc0JfeWYzZkdId0t1VHJLRjVZUzJYV0liV3ZrbE5XNFZ1ZWVXQlhtV1p0YzBHeWVCUmg2X0ZjX3Z4bnphd0VqVjZDMjJKekJ2bGV0YVBWOHUtajFvVXN0bFEzV2ZlalVHeTQwdm5PZWhNQkxtN0dYakVyckRvYmVrMl90N0Y5MEdj?oc=5,Google News - Risk,RSS,0.7,"Thu, 15 Jan 2026 08:00:00 GMT",2026-09-01T22:46:06.731126+00:00,0.3,BULLISH,2,1.0,0.42
4c650d845bb17a6a9aa52f2408793b298cd0ea2303f5b3b1ab508b2f7db343ab,"Anil Ambani group stock Reliance Power gains 4% on ₹2,000 crore solar power project from Bhutan. Details here - Livemint","<a href=""https://news.google.com/rss/articles/CBMiigJBVV95cUxQX2JqS2FQZHVCTmhwQzItcU0ycGVBd0NNbDg5aHJkTnF1RkdjZ3VYWUJTYlg1NllidHFDVnpjM28zR0lPUEN5WVdDekFwRzkzVVpDdk5MdVB5ZFpuMVcwZEpJRXZleWx4VnNLenJhUXpnYndPN191S0wzSzVXa2xpaGYxQzF6cGtsUjBKS1VPVklsZTgxMGxkYXdNbFpWam45QzBINExDOERTU2dLNTR6blhBRXA4alNYWmlId0F0azU5MTh4MGgxTkFPWmcwMHNubDZKeVFrMDdXVFVZeW15Y3c0TDQ0RW1HLWE0MENSTUNPQnNHbnNsMHlKVlV5UUQ2dTJBWTM4MERYQdIBjwJBVV95cUxQTGl1aV9PUVdUdXI2Yk5GMUFoLXZIaUUyT1dFQ1duS2ZyNk9wSUZEWkJybGNaUU9mNmlzSzZuUDUwRXZScmROdnRrVkhINjlNc0lMQzFkbU1wUTltVExOVDgwUVZtQ21Oa0FrSThJa3otNHFuaWc2bE9SS2hTb2FUbWl2clNWTVg4ZWRWX29MWHZFSlZMamlZbmxZa05IVjdJNHVxSXZPTzhkSjRzcVVBT2ZvWnlseWJ1aENUSjZwNk1kQ0RxQy1SaGlXbENDSi1xOHBGR2NLMU1KUWluUVpVZHRzeXd6UHdfa1lFY3o4Y1dCSFpTdmQwaGdxbXBHSDE1R0lueG5SVUc4UEJKN21J?oc=5"" target=""_blank"">Anil Ambani group stock Reliance Power gains 4% on ₹2,000 crore solar power project from Bhutan. Details here</a>&nbsp;&nbsp;<font color=""#6f6f6f"">Livemint</font>",https://news.google.com/rss/articles/CBMiigJBVV95cUxQX2JqS2FQZHVCTmhwQzItcU0ycGVBd0NNbDg5aHJkTnF1RkdjZ3VYWUJTYlg1NllidHFDVnpjM28zR0lPUEN5WVdDekFwRzkzVVpDdk5MdVB5ZFpuMVcwZEpJRXZleWx4VnNLenJhUXpnYndPN191S0wzSzVXa2xpaGYxQzF6cGtsUjBKS1VPVklsZTgxMGxkYXdNbFpWam45QzBINExDOERTU2dLNTR6blhBRXA4alNYWmlId0F0azU5MTh4MGgxTkFPWmcwMHNubDZKeVFrMDdXVFVZeW15Y3c0TDQ0RW1HLWE0MENSTUNPQnNHbnNsMHlKVlV5UUQ2dTJBWTM4MERYQdIBjwJBVV95cUxQTGl1aV9PUVdUdXI2Yk5GMUFoLXZIaUUyT1dFQ1duS2ZyNk9wSUZEWkJybGNaUU9mNmlzSzZuUDUwRXZScmROdnRrVkhINjlNc0lMQzFkbU1wUTltVExOVDgwUVZtQ21Oa0FrSThJa3otNHFuaWc2bE9SS2hTb2FUbWl2clNWTVg4ZWRWX29MWHZFSlZMamlZbmxZa05IVjdJNHVxSXZPTzhkSjRzcVVBT2ZvWnlseWJ1aENUSjZwNk1kQ0RxQy1SaGlXbENDSi1xOHBGR2NLMU1KUWluUVpVZHRzeXd6UHdfa1lFY3o4Y1dCSFpTdmQwaGdxbXBHSDE1R0lueG5SVUc4UEJKN21J?oc=5,Google News - Deals,RSS,0.7,"Mon, 19 May 2025 07:00:00 GMT",2026-09-01T22:46:06.163970+00:00,0.5859,BULLISH,2,1.0,0.8202599999999999
346ca5b772d163eced77fbd075613a814caedd87dad2d5281c5e3a9a241a5bfd,Reliance Power to develop 500 MW solar project in Bhutan in JV with DHI - ET EnergyWorld,"<a href=""https://news.google.com/rss/articles/CBMi0gFBVV95cUxNNGxwcWU3NENCdVdzblJUZERnTDJjcDhBbkhxT1QxYlN3d1hacU40TUZIaFF3NTFSQURLYUVublk1MEY0UmJGT2djdXBueGZQdGFXbU5qSG1NaDNJUHRKOXY3alF3OEEzdnlGaGZURVN3RVFjLVA2bXdrUTZTOTNDb2I5V2dQRWFKSjZQQXRta0gtTmRLcm9aamNYNFI5UW9ETnVyX08tWDNfQS1CZWhWc0VLSDVvWEg5V3FrTmFGeDRNUFNOTWFGdTNJcGRkanZVVHfSAdcBQVVfeXFMTUtWUG40WFI4NnlnVWtva1drNjBFZ29ZaGZhYUZXZUc3Tk9xbllZMFVkYjJuZzZqMXk4cjJoUi03ZlgwT20xemZEenBJQkZjTGNKdjJxcXkyb2FyLW00cHJyMXYtdVJXcU1iQ3pUVUlSNV9DWld3MnZEZGNhM2NLblFCN0FDaUtnUXdJeWNFNlZxN1FvQnQ2Mk80Y3p1NElDRVhZc1Qwbm1YLWpGRWRZdkRiN3RHbTRiNExhYnhlNXAtVERDVndsRlRvVUF6OTZHRDBUMEx6MUk?oc=5"" target=""_blank"">Reliance Power to develop 500 MW solar project in Bhutan in JV with DHI</a>&nbsp;&nbsp;<font color=""#6f6f6f"">ET EnergyWorld</font>",https://news.google.com/rss/articles/CBMi0gFBVV95cUxNNGxwcWU3NENCdVdzblJUZERnTDJjcDhBbkhxT1QxYlN3d1hacU40TUZIaFF3NTFSQURLYUVublk1MEY0UmJGT2djdXBueGZQdGFXbU5qSG1NaDNJUHRKOXY3alF3OEEzdnlGaGZURVN3RVFjLVA2bXdrUTZTOTNDb2I5V2dQRWFKSjZQQXRta0gtTmRLcm9aamNYNFI5UW9ETnVyX08tWDNfQS1CZWhWc0VLSDVvWEg5V3FrTmFGeDRNUFNOTWFGdTNJcGRkanZVVHfSAdcBQVVfeXFMTUtWUG40WFI4NnlnVWtva1drNjBFZ29ZaGZhYUZXZUc3Tk9xbllZMFVkYjJuZzZqMXk4cjJoUi03ZlgwT20xemZEenBJQkZjTGNKdjJxcXkyb2FyLW00cHJyMXYtdVJXcU1iQ3pUVUlSNV9DWld3MnZEZGNhM2NLblFCN0FDaUtnUXdJeWNFNlZxN1FvQnQ2Mk80Y3p1NElDRVhZc1Qwbm1YLWpGRWRZdkRiN3RHbTRiNExhYnhlNXAtVERDVndsRlRvVUF6OTZHRDBUMEx6MUk?oc=5,Google News - Deals,RSS,0.7,"Mon, 19 May 2025 07:00:00 GMT",2026-09-01T22:46:06.163946+00:00,0.0,NEUTRAL,2,1.0,0.0
410f2b73ed1ec0574ad5b6faced81ce54ad2da727a61f354d4cfc5e76bdf7f6b,Reliance Power share price: Anil Ambani-owned ADAG stock hits 52-week high after order from THIS Navratna PSU - Livemint,"<a href=""https://news.google.com/rss/articles/CBMiigJBVV95cUxOdGRieXNWVXRaYkQxUmZKNV9FclZLaE40U0JiQTRNQk51c2F2bHJ4T3kzYzRCalJ3WUJ3Rjd6NmZiWFlVcjVZcXFGYmdoajdDa1l6b2NobW5obkh1VENhbXR6S3d5S2RGNHVrRENJQlE2eHBYTEItS2MxdmpZLUZSWnNwM0FQaGxyNFNGSUl2SFIwWk1WSkVFLWdQX1lQSkRPQjh0MU83djVReDdjVnA3UTFRNG1oYWRFU3FId1pZOE5OTkxLQVZ3aHB4RHRlc3k2Qndtd1ZwLUR0VWxPMmktS3czbHZaUExNSFdqZ2JtR1VoWUg2bHFHUW5HSGpEeDRrWHZYQ2dnUkpfQdIBjwJBVV95cUxPRU1RVlVTQ2JjM1EyVXhmRVZHVWwyOEtJazF4RElGbGQ3cmozR24xeHctRVFzdEtlcVVSRUYwR0trTWpHOEtiV0FIZW9qUkQ3WnQzU0FRRTlyX1BPRTh4VXFWcnJTMUpVS0hkamhUWllsUHVhZFNTaXpfR0RmdEhVTDRubG55ZWUzZE9JTWxxS3VtdkFpNFZ3X1dmTDBOVERDTWNqYVQtVzhUMmVDZGZ1OXJaVlQxd2RBUVppei12WUVQYk5mZXhTaDY4ZDFyUkJsWHFqWi1EVEZGWjdqbU9Nc1JmZDVwenlWeVlpRHVFODRhb0lOdk1lZ3lUUWQzVVFST3NqS0pxUnhQX2VDcGNr?oc=5"" target=""_blank"">Reliance Power share price: Anil Ambani-owned ADAG stock hits 52-week high after order from THIS Navratna PSU</a>&nbsp;&nbsp;<font color=""#6f6f6f"">Livemint</font>",https://news.google.com/rss/articles/CBMiigJBVV95cUxOdGRieXNWVXRaYkQxUmZKNV9FclZLaE40U0JiQTRNQk51c2F2bHJ4T3kzYzRCalJ3WUJ3Rjd6NmZiWFlVcjVZcXFGYmdoajdDa1l6b2NobW5obkh1VENhbXR6S3d5S2RGNHVrRENJQlE2eHBYTEItS2MxdmpZLUZSWnNwM0FQaGxyNFNGSUl2SFIwWk1WSkVFLWdQX1lQSkRPQjh0MU83djVReDdjVnA3UTFRNG1oYWRFU3FId1pZOE5OTkxLQVZ3aHB4RHRlc3k2Qndtd1ZwLUR0VWxPMmktS3czbHZaUExNSFdqZ2JtR1VoWUg2bHFHUW5HSGpEeDRrWHZYQ2dnUkpfQdIBjwJBVV95cUxPRU1RVlVTQ2JjM1EyVXhmRVZHVWwyOEtJazF4RElGbGQ3cmozR24xeHctRVFzdEtlcVVSRUYwR0trTWpHOEtiV0FIZW9qUkQ3WnQzU0FRRTlyX1BPRTh4VXFWcnJTMUpVS0hkamhUWllsUHVhZFNTaXpfR0RmdEhVTDRubG55ZWUzZE9JTWxxS3VtdkFpNFZ3X1dmTDBOVERDTWNqYVQtVzhUMmVDZGZ1OXJaVlQxd2RBUVppei12WUVQYk5mZXhTaDY4ZDFyUkJsWHFqWi1EVEZGWjdqbU9Nc1JmZDVwenlWeVlpRHVFODRhb0lOdk1lZ3lUUWQzVVFST3NqS0pxUnhQX2VDcGNr?oc=5,Google News - Deals,RSS,0.7,"Fri, 30 May 2025 07:00:00 GMT",2026-09-01T22:46:06.163921+00:00,0.5767,BULLISH,2,1.0,0.80738
95f5eee59e9e1a3e2d01b9d591fa1b5ff55456f94721bf957877109525563cea,Reliance Power signs PPA for huge solar-plus-storage project in India - Renewables Now,"<a href=""https://news.google.com/rss/articles/CBMirgFBVV95cUxQdnQtV0c4TXdWQ0Y1bXpSQWE5akQyZTlDSlFMYTF1Y19kRktIUkZGalFGZU5HZ1RmeUlwbmRvTmxaUGhGTE9JbFdZYkh1ck9xMVZGSmRPWjR5b25pVFg2NVl2N2FINm93cHp4U3pxOHRTbF96WE1nc3FKSzdEcGUzNDlTRXZkOWZNcUctXzROck5fcmhENVBjdmNNdWYyLXRFZlJ4Q2R3RnMxTWVhVXc?oc=5"" target=""_blank"">Reliance Power signs PPA for huge solar-plus-storage project in India</a>&nbsp;&nbsp;<font color=""#6f6f6f"">Renewables Now</font>",https://news.google.com/rss/articles/CBMirgFBVV95cUxQdnQtV0c4TXdWQ0Y1bXpSQWE5akQyZTlDSlFMYTF1Y19kRktIUkZGalFGZU5HZ1RmeUlwbmRvTmxaUGhGTE9JbFdZYkh1ck9xMVZGSmRPWjR5b25pVFg2NVl2N2FINm93cHp4U3pxOHRTbF96WE1nc3FKSzdEcGUzNDlTRXZkOWZNcUctXzROck5fcmhENVBjdmNNdWYyLXRFZlJ4Q2R3RnMxTWVhVXc?oc=5,Google News - Deals,RSS,0.7,"Fri, 02 May 2025 07:00:00 GMT",2026-09-01T22:46:06.163890+00:00,0.5574,BULLISH,2,1.0,0.7803599999999999
ad4667523f217c21f45a8ee45a311d276a80f333b176690bf18d3a7051b5d586,"Reliance Power eyes 1,500 MW gas project, joins global bids - ET EnergyWorld","<a href=""https://news.google.com/rss/articles/CBMi4wFBVV95cUxPS19IMmNQdEgwQnFmVTNfWF9wbEJ3ckpNeFBGR1p1el9MMG5WendDdjFwamhzeHMxbXBSVmgzRmw4VFZPTEZ1MTRaTGIxZUlnb2hkSGtZMF9jMkVxY21GdHk1T1RlSDk2ZUM2RHdvbnFjc3pTakM0bE9oWU5xUlUtdTJaaWtfTXMtR0Fqa04xWWpNMENOckVRZENBNjdqVW05NURfS3piQWNCcGFTTFFNTUVaZEtYOHVac2xLUWdBeFVnaW53WEExUm1tNnhRQ1FyWnFEeWxKOF9TYVlteWxwNDhZONIB6AFBVV95cUxObGhycm5LUlJUUV9UTmEyRTVXd1NRcU9LT3J4cWhTS0ZzR2pKVUdLRHdpOGk1Tk1TcHJENGZvT0Jmb1k4MVFzN290dnRTV0tnZlR4el9vOGdkNWxWbjl5NWNyZjZYN3lYYnhjQkg0S01qczZvTjU5RmFvRFAyX1N5QVF2QUdZbnZjUm5uVzN1WnE2a1NXWVo0ZDBzajhoYzBwaUp6MVNLNG5RaW5VZEh5S0x1dTNaZ21oR0YwOGtpX0RSYU1wcl9iSFRJUFE0dG5EcWpGSnRXY2tuekpiTWQ3RHdVZjRxX2tz?oc=5"" target=""_blank"">Reliance Power eyes 1,500 MW gas project, joins global bids</a>&nbsp;&nbsp;<font color=""#6f6f6f"">ET EnergyWorld</font>",https://news.google.com/rss/articles/CBMi4wFBVV95cUxPS19IMmNQdEgwQnFmVTNfWF9wbEJ3ckpNeFBGR1p1el9MMG5WendDdjFwamhzeHMxbXBSVmgzRmw4VFZPTEZ1MTRaTGIxZUlnb2hkSGtZMF9jMkVxY21GdHk1T1RlSDk2ZUM2RHdvbnFjc3pTakM0bE9oWU5xUlUtdTJaaWtfTXMtR0Fqa04xWWpNMENOckVRZENBNjdqVW05NURfS3piQWNCcGFTTFFNTUVaZEtYOHVac2xLUWdBeFVnaW53WEExUm1tNnhRQ1FyWnFEeWxKOF9TYVlteWxwNDhZONIB6AFBVV95cUxObGhycm5LUlJUUV9UTmEyRTVXd1NRcU9LT3J4cWhTS0ZzR2pKVUdLRHdpOGk1Tk1TcHJENGZvT0Jmb1k4MVFzN290dnRTV0tnZlR4el9vOGdkNWxWbjl5NWNyZjZYN3lYYnhjQkg0S01qczZvTjU5RmFvRFAyX1N5QVF2QUdZbnZjUm5uVzN1WnE2a1NXWVo0ZDBzajhoYzBwaUp6MVNLNG5RaW5VZEh5S0x1dTNaZ21oR0YwOGtpX0RSYU1wcl9iSFRJUFE0dG5EcWpGSnRXY2tuekpiTWQ3RHdVZjRxX2tz?oc=5,Google News - Deals,RSS,0.7,"Mon, 30 Jun 2025 07:00:00 GMT",2026-09-01T22:46:06.163868+00:00,0.0,NEUTRAL,2,1.0,0.0
df133305880acd2332d4a7ddcea6ae7dcbf811084be10a327f3bd6712147450c,Reliance Power teams up with Bhutan for country's largest ever solar energy project at Rs 2000 crore - The Economic Times,"<a href=""https://news.google.com/rss/articles/CBMigwJBVV95cUxQcUFnNWdTN2dVcmVYOUNJbVpzM0k2eGZ4UWZDcnhKelo4UGM1aWs4VEFhT0ppb0ZjRnlFOU5XVHdRWFFrN2dfTllmSFliS3NNb2F4MUM2QnI1YmhvM01HNzVDbmlhVFN3TG5XeDMySGZ1UUFDMGFYYjJQcDVyVUpJb1JxVXdfeG15cWpXN2V4dDZkaDlJUnJEeEctel9pMzIyWEdsOU00QmhJY25sSTFzNXBHVFRSMmN4UDZjZ3d0QnowVTRmWnR6LVRYV2FiRWh2ck9yc2hrYy04Yk9oc1oyU2pWN095TmpEZjR4SE1Yck5iSXQyOVFRS0d5ekk4S0hMTHVR0gGIAkFVX3lxTFBFMWExVnp4QXVuaTJxWkk3OUlaNlNTTUFKVnZfREwtXy1rWlFfQk9RYVNXeUY1RXhodkhwbjkwU0NkLW93S0RhcWNmTnpJcDVkMkgzaEpWQ3NNa0Nxd1dfRWRKemw5cVptLW5DRFdzYkthOFhEZmhlY1B3dDBSMGRPU1R2WHhucjlDZlBYNndyWEdiRHdkcm94THJxQWgyYTNmbjJVU3E0MkFWQk51LW1MV092LWY4d1k0WlVEQ0dvYnVlU0tYOXh1Z0U5MXh1TDhGUWRpRXZzRnFrSTZQc1BiZGtNV1JIcUJIYjVNTUl4TGs3T2tTYjk4aE85T0RzVG9YVlMtc1ZjMw?oc=5"" target=""_blank"">Reliance Power teams up with Bhutan for country's largest ever solar energy project at Rs 2000 crore</a>&nbsp;&nbsp;<font color=""#6f6f6f"">The Economic Times</font>",https://news.google.com/rss/articles/CBMigwJBVV95cUxQcUFnNWdTN2dVcmVYOUNJbVpzM0k2eGZ4UWZDcnhKelo4UGM1aWs4VEFhT0ppb0ZjRnlFOU5XVHdRWFFrN2dfTllmSFliS3NNb2F4MUM2QnI1YmhvM01HNzVDbmlhVFN3TG5XeDMySGZ1UUFDMGFYYjJQcDVyVUpJb1JxVXdfeG15cWpXN2V4dDZkaDlJUnJEeEctel9pMzIyWEdsOU00QmhJY25sSTFzNXBHVFRSMmN4UDZjZ3d0QnowVTRmWnR6LVRYV2FiRWh2ck9yc2hrYy04Yk9oc1oyU2pWN095TmpEZjR4SE1Yck5iSXQyOVFRS0d5ekk4S0hMTHVR0gGIAkFVX3lxTFBFMWExVnp4QXVuaTJxWkk3OUlaNlNTTUFKVnZfREwtXy1rWlFfQk9RYVNXeUY1RXhodkhwbjkwU0NkLW93S0RhcWNmTnpJcDVkMkgzaEpWQ3NNa0Nxd1dfRWRKemw5cVptLW5DRFdzYkthOFhEZmhlY1B3dDBSMGRPU1R2WHhucjlDZlBYNndyWEdiRHdkcm94THJxQWgyYTNmbjJVU3E0MkFWQk51LW1MV092LWY4d1k0WlVEQ0dvYnVlU0tYOXh1Z0U5MXh1TDhGUWRpRXZzRnFrSTZQc1BiZGtNV1JIcUJIYjVNTUl4TGs3T2tTYjk4aE85T0RzVG9YVlMtc1ZjMw?oc=5,Google News - Deals,RSS,0.7,"Mon, 19 May 2025 07:00:00 GMT",2026-09-01T22:46:06.163836+00:00,0.4939,BULLISH,2,1.0,0.69146
54d442d75208bb82558213d2d5b8394d30c453460173117cb0ae5aa0d04e3268,Reliance Power Shares rises 12% on Strong Q4 Performance and Major Solar-BESS Order - groww.in,"<a href=""https://news.google.com/rss/articles/CBMif0FVX3lxTE1US1NPYVVhXzByaVdjc0tBZk1xZm5zQkNHRWthbkRiNHlhZFFJMzF4bGlfbFo0UXZVMjhlaU1xMnZjN1MtZEJRbG1MRHZ0UmJSUU9PeG5QSWU3aFFrYktzOGktNjRtbEJXRXluVXNMYkY2ODNWc0ItZTBJY2RMMzg?oc=5"" target=""_blank"">Reliance Power Shares rises 12% on Strong Q4 Performance and Major Solar-BESS Order</a>&nbsp;&nbsp;<font color=""#6f6f6f"">groww.in</font>",https://news.google.com/rss/articles/CBMif0FVX3lxTE1US1NPYVVhXzByaVdjc0tBZk1xZm5zQkNHRWthbkRiNHlhZFFJMzF4bGlfbFo0UXZVMjhlaU1xMnZjN1MtZEJRbG1MRHZ0UmJSUU9PeG5QSWU3aFFrYktzOGktNjRtbEJXRXluVXNMYkY2ODNWc0ItZTBJY2RMMzg?oc=5,Google News - Results,RSS,0.7,"Mon, 12 May 2025 07:00:00 GMT",2026-09-01T22:46:05.711560+00:00,0.975,BULLISH,2,1.0,1.365
258b5fd2440ae2dd16c444f13e30f2214cbe9f9b341d9b8671cd0a10325ab8d5,Reliance Power shares rally 8% ahead of Q2 results as company denies links to ED arrest in fake guarantee - The Economic Times,"<a href=""https://news.google.com/rss/articles/CBMikAJBVV95cUxOeVRTeFgxRjhROWM0Vkg1dkZrVE1paGUtUHAyV2NqaE1rSnRvVEFtSHVjd2F2Z1h2UHpyTzNrUFZKekoyR211NUwtTVVPZG9wWndldExjUWhJcWE2bC13ak0wTEExdnBjNDdHc1doQXJKelpYckVzV2hEc0VHUzhZT1JOa283dmR6YUNEQWEtckdUeDl2ODJrd0FMWmFTNTNzWTV2T1NCeTVQRzZsWm5hR1JmNXBoNy1nRU83aEkyZzFVbU52WkVuUkxib2ZWSzRDcUhaaU5EaHFFS3QyTnNCRFhCNVU4SG1xWlJiU1VYN1pjZV9qYjZaV0J2RXlPdW5YaURsMmNjVG55YUJDamViatIBlgJBVV95cUxQU2Y1bmVaY0NBTnJnU2lOUWp1NEFvOWdzZUMxREdxb3Z1OFZVeXJsd3EtWTk1NjdEME9lRGNfTW9XSWJKN0FnRlRMYndRVlY3Q2FQVXVRTVBBNXhlREpQODd2bmJzWjZKWFQyUTgwcUhsRUFsaDAwdkNkX3I2Qk9rVVZLSGZjQ3pSbkpFaXBIUzZJQ3JhWkxtTEthMkd2U3ZsQlN4Tk9kUUZ5NlE3ZkpqMWdqNWlEa0NPZGlqRUdib3dodWRfZ1RLYUNtd1NTbGtqRDc4LTlsQXkydmV3bnVaZjJWd0FNQVR3aDRkSEM5NTRJd29GR2NYRWczZlF0eGRNdWE4SEVhUUM0LVExVi1uQ1RBakhWUQ?oc=5"" target=""_blank"">Reliance Power shares rally 8% ahead of Q2 results as company denies links to ED arrest in fake guarantee</a>&nbsp;&nbsp;<font color=""#6f6f6f"">The Economic Times</font>",https://news.google.com/rss/articles/CBMikAJBVV95cUxOeVRTeFgxRjhROWM0Vkg1dkZrVE1paGUtUHAyV2NqaE1rSnRvVEFtSHVjd2F2Z1h2UHpyTzNrUFZKekoyR211NUwtTVVPZG9wWndldExjUWhJcWE2bC13ak0wTEExdnBjNDdHc1doQXJKelpYckVzV2hEc0VHUzhZT1JOa283dmR6YUNEQWEtckdUeDl2ODJrd0FMWmFTNTNzWTV2T1NCeTVQRzZsWm5hR1JmNXBoNy1nRU83aEkyZzFVbU52WkVuUkxib2ZWSzRDcUhaaU5EaHFFS3QyTnNCRFhCNVU4SG1xWlJiU1VYN1pjZV9qYjZaV0J2RXlPdW5YaURsMmNjVG55YUJDamViatIBlgJBVV95cUxQU2Y1bmVaY0NBTnJnU2lOUWp1NEFvOWdzZUMxREdxb3Z1OFZVeXJsd3EtWTk1NjdEME9lRGNfTW9XSWJKN0FnRlRMYndRVlY3Q2FQVXVRTVBBNXhlREpQODd2bmJzWjZKWFQyUTgwcUhsRUFsaDAwdkNkX3I2Qk9rVVZLSGZjQ3pSbkpFaXBIUzZJQ3JhWkxtTEthMkd2U3ZsQlN4Tk9kUUZ5NlE3ZkpqMWdqNWlEa0NPZGlqRUdib3dodWRfZ1RLYUNtd1NTbGtqRDc4LTlsQXkydmV3bnVaZjJWd0FNQVR3aDRkSEM5NTRJd29GR2NYRWczZlF0eGRNdWE4SEVhUUM0LVExVi1uQ1RBakhWUQ?oc=5,Google News - Results,RSS,0.7,"Mon, 10 Nov 2025 08:00:00 GMT",2026-09-01T22:46:05.711543+00:00,-0.8307,BEARISH,2,1.0,-1.16298
6fb0f0c3dddcf830b28545455835d6093c53bce4db0228ea25beb18d78565d81,"Reliance Power Reports Q2 Profit of Rs 87 Crore, Board Approves USD 600 Million FCCB Proposal - scanx.trade","<a href=""https://news.google.com/rss/articles/CBMixAFBVV95cUxQbVJFUE9CTzZXLWhXejltSENQWTFEMkxWa0JBeWdLU21DY25ZZk9sdEpiM180UThJMlo2Ukl5Ujc0UU9ENlNySFRfdHVGZmxnTGppaDVqNGZjX2t1Tks3YkU5UElHZ2VVMktvOXpTWk5YaXM4dkVaOHl1Z3pMLTlva3Y4dUd3UjNWSF9GVlVoVHFPdmJqeXUxU28wR1pqU1pzZ0dCZjdQSktiRGtnWWFYTnI0OVU4RFVXZGoyZjVUYkI5VDVo?oc=5"" target=""_blank"">Reliance Power Reports Q2 Profit of Rs 87 Crore, Board Approves USD 600 Million FCCB Proposal</a>&nbsp;&nbsp;<font color=""#6f6f6f"">scanx.trade</font>",https://news.google.com/rss/articles/CBMixAFBVV95cUxQbVJFUE9CTzZXLWhXejltSENQWTFEMkxWa0JBeWdLU21DY25ZZk9sdEpiM180UThJMlo2Ukl5Ujc0UU9ENlNySFRfdHVGZmxnTGppaDVqNGZjX2t1Tks3YkU5UElHZ2VVMktvOXpTWk5YaXM4dkVaOHl1Z3pMLTlva3Y4dUd3UjNWSF9GVlVoVHFPdmJqeXUxU28wR1pqU1pzZ0dCZjdQSktiRGtnWWFYTnI0OVU4RFVXZGoyZjVUYkI5VDVo?oc=5,Google News - Results,RSS,0.7,"Mon, 10 Nov 2025 08:00:00 GMT",2026-09-01T22:46:05.711529+00:00,0.9307000000000001,BULLISH,2,1.0,1.30298
5d3d5496e257f5a27c3fd5d150e6f28341f6cf76272f1984dfcc290e55ff755d,"Reliance Power shares fall 3% despite ₹87 crore Q2 profit, board approves $600 million FCCB proposal and more - Upstox","<a href=""https://news.google.com/rss/articles/CBMihAJBVV95cUxOUU5iVG5xcXRVWmJqbG11NFJqZmJQVzdwM3hMYzBjckR5dDFqZ2ZQYUtTSDc2ZHo3TjlPMnJYYkNWcFRhaVl6X1BGeXZubnItQlJITHZSeUh0Qk1pT04yUlNaeWtwVjNYVWJKY1dwS3UwcUo3TkNfNFdCRnY3QmV5OG1zLTdMeHJTQVBYRmlXUllYanhkTzNfcXA1bXVNazkwY0xiR1FwazR5dlJXZkRyYTRfNFVsR2kzdldQWlVIR24tUU51RTBjVkhGZElweUgwRW03ZThpMXRzZENxcFVadEkzem9tV21OWXo3a1dMa1Bqd2oxR3dPaHcyZEplcjQ0TGZVOQ?oc=5"" target=""_blank"">Reliance Power shares fall 3% despite ₹87 crore Q2 profit, board approves $600 million FCCB proposal and more</a>&nbsp;&nbsp;<font color=""#6f6f6f"">Upstox</font>",https://news.google.com/rss/articles/CBMihAJBVV95cUxOUU5iVG5xcXRVWmJqbG11NFJqZmJQVzdwM3hMYzBjckR5dDFqZ2ZQYUtTSDc2ZHo3TjlPMnJYYkNWcFRhaVl6X1BGeXZubnItQlJITHZSeUh0Qk1pT04yUlNaeWtwVjNYVWJKY1dwS3UwcUo3TkNfNFdCRnY3QmV5OG1zLTdMeHJTQVBYRmlXUllYanhkTzNfcXA1bXVNazkwY0xiR1FwazR5dlJXZkRyYTRfNFVsR2kzdldQWlVIR24tUU51RTBjVkhGZElweUgwRW03ZThpMXRzZENxcFVadEkzem9tV21OWXo3a1dMa1Bqd2oxR3dPaHcyZEplcjQ0TGZVOQ?oc=5,Google News - Results,RSS,0.7,"Tue, 11 Nov 2025 08:00:00 GMT",2026-09-01T22:46:05.711469+00:00,0.9774,BULLISH,2,1.0,1.36836
15ddf92ac693da17ea5e2064de0791f3d8eaf1c18ff59e41231f6555bd8ad913,Reliance Power Share Price Falls 2.3% Amid Profit Booking - Univest,"<a href=""https://news.google.com/rss/articles/CBMifEFVX3lxTE13bjYyTVJJRlBQZ0lzNmhfblprbnpDdnJfLV90Yko3emVEWW1EWEFDdVJkY19Ral9lc0NRMWkyTEp2MWVxdHRndkJvVDlOb0Jfcm13Vy0tckRXUGdGT0FGeG1pcVBEazU2UF9wdERsb0J0blFQN0h0OXBJWEc?oc=5"" target=""_blank"">Reliance Power Share Price Falls 2.3% Amid Profit Booking</a>&nbsp;&nbsp;<font color=""#6f6f6f"">Univest</font>",https://news.google.com/rss/articles/CBMifEFVX3lxTE13bjYyTVJJRlBQZ0lzNmhfblprbnpDdnJfLV90Yko3emVEWW1EWEFDdVJkY19Ral9lc0NRMWkyTEp2MWVxdHRndkJvVDlOb0Jfcm13Vy0tckRXUGdGT0FGeG1pcVBEazU2UF9wdERsb0J0blFQN0h0OXBJWEc?oc=5,Google News - Results,RSS,0.7,"Thu, 02 Jul 2026 07:00:00 GMT",2026-09-01T22:46:05.711384+00:00,0.8981,BULLISH,2,1.0,1.25734
31bdf1b61250014b0e16d35146b35b16705c05515642ed003fb4231ba9615a9f,"Reliance Power posts INR 494 crore Q4 loss, approves INR 9,000 crore fundraising plan - Prop News Time","<a href=""https://news.google.com/rss/articles/CBMi0gFBVV95cUxNazVtY1I1ZWFNclRZUkptVTItdWMtMFowTGdLME5FODk0VnNpSnNhbExTWU1nZ2U3Y0swTG01STRERS1LZklzcTR3bUZRNFpIQTl3LTJRZ1NKVEZPQWlkcWxFbkdteWxtcTNXSzV3UmJLaUl2LVZvM0liajJ0dWVFdC1CSFM4SXUtZzlJVFhoZVhJZ3hLMGhTNmxTMGRhd1JITGota3pkZ1lKZ0xzT3BreHlSckZ3OHNjVnROWHE4NHk5cEtKTDZRWHlBMnpFeHdkWnc?oc=5"" target=""_blank"">Reliance Power posts INR 494 crore Q4 loss, approves INR 9,000 crore fundraising plan</a>&nbsp;&nbsp;<font color=""#6f6f6f"">Prop News Time</font>",https://news.google.com/rss/articles/CBMi0gFBVV95cUxNazVtY1I1ZWFNclRZUkptVTItdWMtMFowTGdLME5FODk0VnNpSnNhbExTWU1nZ2U3Y0swTG01STRERS1LZklzcTR3bUZRNFpIQTl3LTJRZ1NKVEZPQWlkcWxFbkdteWxtcTNXSzV3UmJLaUl2LVZvM0liajJ0dWVFdC1CSFM4SXUtZzlJVFhoZVhJZ3hLMGhTNmxTMGRhd1JITGota3pkZ1lKZ0xzT3BreHlSckZ3OHNjVnROWHE4NHk5cEtKTDZRWHlBMnpFeHdkWnc?oc=5,Google News - Results,RSS,0.7,"Sat, 23 May 2026 07:00:00 GMT",2026-09-01T22:46:05.711340+00:00,0.1523,NEUTRAL,2,1.0,0.21321999999999997
3712c5c4246a513bfa7e599070e5acb205a1964dfb753997e7c9c75be23083a1,Reliance Power Opens Two Coal Mines for Ultra-Mega Power Project - Industrial Info Resources,"<a href=""https://news.google.com/rss/articles/CBMitwFBVV95cUxQUnZRblZ5eG9ld1VKeXVSRkdvVG9MbzNwYjdoN3J2Q2ZCT2plZ2ZVVDVNUTdiTXduUU4wUUxpUUVhNmpYbzR3SHdtVlF6aUE0c0JTcW1EZzdKd0FvX2FJM3RlTUFNcXVKdXdxSkY3NzE5YUFZSlBTd3M2RUU0TTFfNThTRXdNWmRRT3R5Y0ZiSGtXQV9vM2g4Z0NoNVJFY3ZYMmVvUTZOWlJxUW1NVm1STXVOd2c4WFE?oc=5"" target=""_blank"">Reliance Power Opens Two Coal Mines for Ultra-Mega Power Project</a>&nbsp;&nbsp;<font color=""#6f6f6f"">Industrial Info Resources</font>",https://news.google.com/rss/articles/CBMitwFBVV95cUxQUnZRblZ5eG9ld1VKeXVSRkdvVG9MbzNwYjdoN3J2Q2ZCT2plZ2ZVVDVNUTdiTXduUU4wUUxpUUVhNmpYbzR3SHdtVlF6aUE0c0JTcW1EZzdKd0FvX2FJM3RlTUFNcXVKdXdxSkY3NzE5YUFZSlBTd3M2RUU0TTFfNThTRXdNWmRRT3R5Y0ZiSGtXQV9vM2g4Z0NoNVJFY3ZYMmVvUTZOWlJxUW1NVm1STXVOd2c4WFE?oc=5,Google News - Deals,RSS,0.7,"Wed, 26 Nov 2025 03:14:41 GMT",2026-09-01T22:46:06.163574+00:00,0.0,NEUTRAL,2,1.0,0.0
4452791a2af31ac2a00dbc4d5b2aedbf54abe963afdaf221db0271707bedffa5,"Reliance Power Accelerates 7,480-Megawatt Gas-Fired Power Project - Industrial Info Resources","<a href=""https://news.google.com/rss/articles/CBMitwFBVV95cUxNTVBQSE1vcDl3RmJwUDVMNGtOSkdIc0NBZWhuTnc3ckpaUkd5NXB6NjctQWFwaXdRRW01aXFBcld3ZzJVTWh4dHVHQzZuMndibHFENkE3X2dwMmNEZTEtaGtKV2pUWWF3NWVKUFFQWUx5cG4zc3Zmb0QwRTB0Z3JKbFRkOTI3amw2VU14TTJ3dEdGaEdTZU5zNDJNWWZQSUtLWHZQMDRIOXlHZHBRcDk2TmJYSUdZMjA?oc=5"" target=""_blank"">Reliance Power Accelerates 7,480-Megawatt Gas-Fired Power Project</a>&nbsp;&nbsp;<font color=""#6f6f6f"">Industrial Info Resources</font>",https://news.google.com/rss/articles/CBMitwFBVV95cUxNTVBQSE1vcDl3RmJwUDVMNGtOSkdIc0NBZWhuTnc3ckpaUkd5NXB6NjctQWFwaXdRRW01aXFBcld3ZzJVTWh4dHVHQzZuMndibHFENkE3X2dwMmNEZTEtaGtKV2pUWWF3NWVKUFFQWUx5cG4zc3Zmb0QwRTB0Z3JKbFRkOTI3amw2VU14TTJ3dEdGaEdTZU5zNDJNWWZQSUtLWHZQMDRIOXlHZHBRcDk2TmJYSUdZMjA?oc=5,Google News - Deals,RSS,0.7,"Tue, 25 Nov 2025 23:32:22 GMT",2026-09-01T22:46:06.163521+00:00,0.0,NEUTRAL,2,1.0,0.0
bb54447c9fd9a4f31adf55ca5ae2a69a8c4076da442579adb54c74f104f959f7,Reliance Power Q1 result: Firm reports profit of ₹45 crore as company trims expenses - Upstox,"<a href=""https://news.google.com/rss/articles/CBMi2wFBVV95cUxQZnUxNUItV3k5NnpCdl81NE9GMmZWd2J0SFQzLWJHN1ZvdFpsdlRaejR2RURITEpsek9VT05ReVowaEhmcS1oSmdfZHI1RVlaWDdoUzdDTVBrQkc5Si1jM0sxMmdvT3ZWckVHUGUwaVdUSUt3c1NOOVNvMlBuTUZwTmlBQnh6V3pvZkE3ZThmYU5QMXlnVHAyZjRVOEhzUkxwTjdXa0JVUUQ4TzlBTnlIT3N5a3lFblVfS1c4MHBfSksxNmJEOWZ4cnJ4TklzN2p0a1Y5a2Z4ZzNySDQ?oc=5"" target=""_blank"">Reliance Power Q1 result: Firm reports profit of ₹45 crore as company trims expenses</a>&nbsp;&nbsp;<font color=""#6f6f6f"">Upstox</font>",https://news.google.com/rss/articles/CBMi2wFBVV95cUxQZnUxNUItV3k5NnpCdl81NE9GMmZWd2J0SFQzLWJHN1ZvdFpsdlRaejR2RURITEpsek9VT05ReVowaEhmcS1oSmdfZHI1RVlaWDdoUzdDTVBrQkc5Si1jM0sxMmdvT3ZWckVHUGUwaVdUSUt3c1NOOVNvMlBuTUZwTmlBQnh6V3pvZkE3ZThmYU5QMXlnVHAyZjRVOEhzUkxwTjdXa0JVUUQ4TzlBTnlIT3N5a3lFblVfS1c4MHBfSksxNmJEOWZ4cnJ4TklzN2p0a1Y5a2Z4ZzNySDQ?oc=5,Google News - Results,RSS,0.7,"Sun, 20 Jul 2025 07:00:00 GMT",2026-09-01T22:46:05.711613+00:00,0.7503000000000001,BULLISH,2,1.0,1.0504200000000001
69b9da6eea40e48439a7040efd66ec024631d3243097fc7fe1bb847441070934,Reliance Power share price surges 9.5% on turning profitable in Q3 - Business Standard,"<a href=""https://news.google.com/rss/articles/CBMizAFBVV95cUxPVkZfc1RfcmlRbHpvNUEwWmNFZGpmVWFsV0YtNjhONU9MY2lJTHltajh4YkJuWnJ3LXY4bEh4cUJLdEhSWFc3NkR1bE56TFdtZEFYRU12Nklkd2MzMDZEdHpVLTB6Z2ZnYl85ZkMwRS0yb00tQ3VyV3pEZGZVb3d6eVJReHVfNDlLWGpiZG5oYnBJdXZLelAzN1oyODdNR2ctendyY3Y1WFUtR1VMdGE0RHJVMWsxZGhIdHNMQmg1VHQwWjFJZV9YblNjZGPSAdIBQVVfeXFMT1Q3VWVhMWpTaDdyV0luUnQ4bW5sUk1sdUMxU29LeUpfYV9ielpxR2hnX1RWR1dKRFRsODRsUmdxTjZiTGFhUWpQZDBhcUNqTUVON0pzMzBpa1c2NGZkV3lsWTJqUm5VWHpRc3ZqMXMySlljS2E1YmZrUkJ2aTZKa25aaV90alVaRDZIZ2Q4TWFNTU1JencwX1F1YVMzZFVwS2RmZzgyVy15N2YxVUhITmRBc3ZVVzNzSnUxd3g3cllraFRTdGNGajhneVpIX29SeTd3?oc=5"" target=""_blank"">Reliance Power share price surges 9.5% on turning profitable in Q3</a>&nbsp;&nbsp;<font color=""#6f6f6f"">Business Standard</font>",https://news.google.com/rss/articles/CBMizAFBVV95cUxPVkZfc1RfcmlRbHpvNUEwWmNFZGpmVWFsV0YtNjhONU9MY2lJTHltajh4YkJuWnJ3LXY4bEh4cUJLdEhSWFc3NkR1bE56TFdtZEFYRU12Nklkd2MzMDZEdHpVLTB6Z2ZnYl85ZkMwRS0yb00tQ3VyV3pEZGZVb3d6eVJReHVfNDlLWGpiZG5oYnBJdXZLelAzN1oyODdNR2ctendyY3Y1WFUtR1VMdGE0RHJVMWsxZGhIdHNMQmg1VHQwWjFJZV9YblNjZGPSAdIBQVVfeXFMT1Q3VWVhMWpTaDdyV0luUnQ4bW5sUk1sdUMxU29LeUpfYV9ielpxR2hnX1RWR1dKRFRsODRsUmdxTjZiTGFhUWpQZDBhcUNqTUVON0pzMzBpa1c2NGZkV3lsWTJqUm5VWHpRc3ZqMXMySlljS2E1YmZrUkJ2aTZKa25aaV90alVaRDZIZ2Q4TWFNTU1JencwX1F1YVMzZFVwS2RmZzgyVy15N2YxVUhITmRBc3ZVVzNzSnUxd3g3cllraFRTdGNGajhneVpIX29SeTd3?oc=5,Google News - Results,RSS,0.7,"Thu, 06 Feb 2025 08:00:00 GMT",2026-09-01T22:46:05.711710+00:00,0.9480999999999999,BULLISH,2,1.0,1.3273399999999997
ea2eb8cdbcf906fdc159ed6ececf72843679eb4761b347bf7eb7da82b44ff2c0,Reliance Power Seeks Shareholder Approval for $600 Million FCCB Issuance and Director Appointments - scanx.trade,"<a href=""https://news.google.com/rss/articles/CBMi5gFBVV95cUxOeHJYcWtybW5jcDVlMU4wT3Zoc1lkek5wTmpfUzZSUG5BTU5rdUpaamgzOEtUbmZ6cmNpd2NHNTNDWlM4NEx0bXlHY1FLem5ORDlfSnJua1JXQkFHTnl4M1JjR1lSb1lnbFlQSWtmZHB6QXlSNXRtWGNZNGtmM1JXbGhzeW9CTExRQWNBa0FaSmZ3dEc3eGRsRGRyS0NiTk5EdzZNN05ydlRkV3o4RUVaaklRMnlyVldKVzRYZkhBUlg1VjhqbDF2dVgtd1FDUnJGazRmb2pteTMzbHNPSG9ndThwQURsdw?oc=5"" target=""_blank"">Reliance Power Seeks Shareholder Approval for $600 Million FCCB Issuance and Director Appointments</a>&nbsp;&nbsp;<font color=""#6f6f6f"">scanx.trade</font>",https://news.google.com/rss/articles/CBMi5gFBVV95cUxOeHJYcWtybW5jcDVlMU4wT3Zoc1lkek5wTmpfUzZSUG5BTU5rdUpaamgzOEtUbmZ6cmNpd2NHNTNDWlM4NEx0bXlHY1FLem5ORDlfSnJua1JXQkFHTnl4M1JjR1lSb1lnbFlQSWtmZHB6QXlSNXRtWGNZNGtmM1JXbGhzeW9CTExRQWNBa0FaSmZ3dEc3eGRsRGRyS0NiTk5EdzZNN05ydlRkV3o4RUVaaklRMnlyVldKVzRYZkhBUlg1VjhqbDF2dVgtd1FDUnJGazRmb2pteTMzbHNPSG9ndThwQURsdw?oc=5,Google News - Results,RSS,0.7,"Tue, 18 Nov 2025 08:00:00 GMT",2026-09-01T22:46:05.711702+00:00,0.7851,BULLISH,2,1.0,1.09914
b731b3834c9cb7524ba63bdcd764c218191d3b0124b094d45109e5011264f8f7,"Reliance Power Reports Rs 2,878 Crore Net Profit - Rediff MoneyWiz","<a href=""https://news.google.com/rss/articles/CBMiogFBVV95cUxOYTllNEJmdy1kOTRKajVmMXJnYTlGdXBQdVVyUkVmTVlTdlMwbGxwQlNia1BTbzRFc2RaVU5NMjVLVWZBVGR0OXFqUjU4TG9vRnBpV0JyWjNTUWIxU3I3dnI0Q2V5MjB5RDN3QWhkdVR6WWI1QmhHU3MwY25UYjFRWUZrMjl1SlRSTExJanRtUEl0RWE5UGRZdjB0T014bEVyTHfSAacBQVVfeXFMUE5zTzVYNEhNTlgwMF9jUUwzT0JUM1pPNHpDMm5sdldDMURZemVtNE5iLXFSSDVKZW1uZW1iM0ZPVHRWOC1VZWxRMmVWNUNPcjZMNmdERURXTThWWThGY1c1S1N5S3ZuMnFNSzl1cGpWM0N3T2ZaenFKaGQxQUw5QWVBRW9xZmljSm9GckdNbDFOd3NIMWRBWVNtN3prcDUzdklITnhoNUk?oc=5"" target=""_blank"">Reliance Power Reports Rs 2,878 Crore Net Profit</a>&nbsp;&nbsp;<font color=""#6f6f6f"">Rediff MoneyWiz</font>",https://news.google.com/rss/articles/CBMiogFBVV95cUxOYTllNEJmdy1kOTRKajVmMXJnYTlGdXBQdVVyUkVmTVlTdlMwbGxwQlNia1BTbzRFc2RaVU5NMjVLVWZBVGR0OXFqUjU4TG9vRnBpV0JyWjNTUWIxU3I3dnI0Q2V5MjB5RDN3QWhkdVR6WWI1QmhHU3MwY25UYjFRWUZrMjl1SlRSTExJanRtUEl0RWE5UGRZdjB0T014bEVyTHfSAacBQVVfeXFMUE5zTzVYNEhNTlgwMF9jUUwzT0JUM1pPNHpDMm5sdldDMURZemVtNE5iLXFSSDVKZW1uZW1iM0ZPVHRWOC1VZWxRMmVWNUNPcjZMNmdERURXTThWWThGY1c1S1N5S3ZuMnFNSzl1cGpWM0N3T2ZaenFKaGQxQUw5QWVBRW9xZmljSm9GckdNbDFOd3NIMWRBWVNtN3prcDUzdklITnhoNUk?oc=5,Google News - Results,RSS,0.7,"Wed, 13 Nov 2024 08:00:00 GMT",2026-09-01T22:46:05.711688+00:00,0.4904,BULLISH,2,1.0,0.68656
8617e839cd83c9252947f52d9300b13c1654c40dd9c5c24b1f9e40e518c2e184,"Q2 results today: ONGC, Vodafone Idea, Reliance Power, and more on Nov 10 - Business Standard","<a href=""https://news.google.com/rss/articles/CBMi5gFBVV95cUxOdEQ5N1dEOW8tb1h0c0tKb1VZbUJoQzc2WnVFbGhlR0RkU1hNR2dlOTJkRlQ4Ri01dTRmZmU3REJkaTdmV0p4SmF6Zlg1eXktMXp5bkhWbFV2aXhDZ2llTWhuYjZFY19HeHg2YTY1ZUItY3g2R241emI4MXFxemRhd0lMSHFwaDJpWE1uWFhDc2pBSzdSSE5IdWpIRENCU1B3SlBQUGcwZGUwS2NqMm9kMW5LcnMwYVE1el9KbUJmOE4xaEM5c2hvZjNJX20xOWI3RXBwUXExRG14X2JJS2stdE5oVV9OQdIB6wFBVV95cUxQREF5Qmh4Q2VzdXU4SG1WZzZ5a2gwRW92Yl9OWklxOVdqMDBGTlpOUURIOFlqaGxtVFZRV1V1S0JZaG5JVGhkQTNoWERfLUpkX2FNdHhtQVFpUGlkZHdjeU1HM2s3UTk4SVM0RnNrRFZFT1Izci1yWkY3VkpjQjI1czVtRV9ZSXFLWjJJVDlWTWVPZ3RaajdmTm83WTh1TzhhNnlYSW01YUJPTFJJV0t5dmZIWm9UaFNMN0hpN1N2VkdNRm1naTBCa2JxdVY0QTZTMF8xMEN5ckNMeWtpcWdRZGdJanlLQlRnQmdN?oc=5"" target=""_blank"">Q2 results today: ONGC, Vodafone Idea, Reliance Power, and more on Nov 10</a>&nbsp;&nbsp;<font color=""#6f6f6f"">Business Standard</font>",https://news.google.com/rss/articles/CBMi5gFBVV95cUxOdEQ5N1dEOW8tb1h0c0tKb1VZbUJoQzc2WnVFbGhlR0RkU1hNR2dlOTJkRlQ4Ri01dTRmZmU3REJkaTdmV0p4SmF6Zlg1eXktMXp5bkhWbFV2aXhDZ2llTWhuYjZFY19HeHg2YTY1ZUItY3g2R241emI4MXFxemRhd0lMSHFwaDJpWE1uWFhDc2pBSzdSSE5IdWpIRENCU1B3SlBQUGcwZGUwS2NqMm9kMW5LcnMwYVE1el9KbUJmOE4xaEM5c2hvZjNJX20xOWI3RXBwUXExRG14X2JJS2stdE5oVV9OQdIB6wFBVV95cUxQREF5Qmh4Q2VzdXU4SG1WZzZ5a2gwRW92Yl9OWklxOVdqMDBGTlpOUURIOFlqaGxtVFZRV1V1S0JZaG5JVGhkQTNoWERfLUpkX2FNdHhtQVFpUGlkZHdjeU1HM2s3UTk4SVM0RnNrRFZFT1Izci1yWkY3VkpjQjI1czVtRV9ZSXFLWjJJVDlWTWVPZ3RaajdmTm83WTh1TzhhNnlYSW01YUJPTFJJV0t5dmZIWm9UaFNMN0hpN1N2VkdNRm1naTBCa2JxdVY0QTZTMF8xMEN5ckNMeWtpcWdRZGdJanlLQlRnQmdN?oc=5,Google News - Results,RSS,0.7,"Mon, 10 Nov 2025 08:00:00 GMT",2026-09-01T22:46:05.711680+00:00,0.0,NEUTRAL,2,1.0,0.0
d5f4f5739f7ba6e6ea4ce18750a4e5fa620569c2bdbff34b1503791ff3751243,Reliance Power's Q4 results: What investors should expect - Value Research,"<a href=""https://news.google.com/rss/articles/CBMingFBVV95cUxPQkpfQzNrbkd6M3F2dk5zT1IyalAwTWVmZnVwQnFmVlJ4VzRvcFhvNkx5UEIxV1RTWjZqaHJWOHkzSDlaeUN5OENZdG5Eb0htekViZmowUzd0RGR6SFlQNFJ3YTYwdHlBUkRkaWRNcEhjUmc3eXpPU19wUnlJdWxjYndHTEdHOElNaE95WE00LTlQdFVGTWpOY2tmMnRnQQ?oc=5"" target=""_blank"">Reliance Power's Q4 results: What investors should expect</a>&nbsp;&nbsp;<font color=""#6f6f6f"">Value Research</font>",https://news.google.com/rss/articles/CBMingFBVV95cUxPQkpfQzNrbkd6M3F2dk5zT1IyalAwTWVmZnVwQnFmVlJ4VzRvcFhvNkx5UEIxV1RTWjZqaHJWOHkzSDlaeUN5OENZdG5Eb0htekViZmowUzd0RGR6SFlQNFJ3YTYwdHlBUkRkaWRNcEhjUmc3eXpPU19wUnlJdWxjYndHTEdHOElNaE95WE00LTlQdFVGTWpOY2tmMnRnQQ?oc=5,Google News - Results,RSS,0.7,"Thu, 08 May 2025 07:00:00 GMT",2026-09-01T22:46:05.711673+00:00,0.34,BULLISH,2,1.0,0.476
c5f72d4955cef48e40e7d8e093441ee0fadb1a95adf93c709a8a542b61053fb9,"Reliance Power Q4 result: Profit of Rs 126 cr, shares zoom over 11% - Business Standard","<a href=""https://news.google.com/rss/articles/CBMi3wFBVV95cUxPT2JjUS1rb0lPd1ZQMjdTRWJpbVNmWTE4ZEU3QlN0elJ3VHZWV2UtWnBDSmM4UkdzOEhHdG1YTXJRaG1sdlExZ240eUZXc2FYamZyQnRTRVhWZVZQbFNRZ1BGSlpaT2NqQlZJUTY3Wi1WMWZqaUNhcDJDZVJpUTNSU2JiMWtOMHctal9uN3ZvY0N0RGc5RW0wbzQ5SzYzT3pmRlF5dGFKbDR5VHoyVDJTeWhhajgxSnZtbUdmS19BYjd3VXBzWmJMeVNHMVdrNWlrcDdibmN0UEFwZkNIMGpn0gHkAUFVX3lxTE43ODd0aFBlT3NvazJfODRsVlBYS2ROc054cklSSFNqUVdpNlNmTDRsRXZrMy04aWhHMFRwQ1psZVhLUDN3NUZ5bWRJVXVkQ0p0X0hINDV3YUJJN0JMbjlJQWNRVWp5NzdSMFdxMzZDejlUT0hVRDJQYUZ3MlZaMmlkM1AxeWc0MHc4M0wzOFBlQzZwUTM1d0didzkxbWxQMHBEZ0dIVVRucHhXMDgwT0d0MTktVUpvVk9GQUF0NHU1UWlPYzlDQlF0c256N3VydGFFWGFkamNGOWRhWXJrZ0cydEs0SA?oc=5"" target=""_blank"">Reliance Power Q4 result: Profit of Rs 126 cr, shares zoom over 11%</a>&nbsp;&nbsp;<font color=""#6f6f6f"">Business Standard</font>",https://news.google.com/rss/articles/CBMi3wFBVV95cUxPT2JjUS1rb0lPd1ZQMjdTRWJpbVNmWTE4ZEU3QlN0elJ3VHZWV2UtWnBDSmM4UkdzOEhHdG1YTXJRaG1sdlExZ240eUZXc2FYamZyQnRTRVhWZVZQbFNRZ1BGSlpaT2NqQlZJUTY3Wi1WMWZqaUNhcDJDZVJpUTNSU2JiMWtOMHctal9uN3ZvY0N0RGc5RW0wbzQ5SzYzT3pmRlF5dGFKbDR5VHoyVDJTeWhhajgxSnZtbUdmS19BYjd3VXBzWmJMeVNHMVdrNWlrcDdibmN0UEFwZkNIMGpn0gHkAUFVX3lxTE43ODd0aFBlT3NvazJfODRsVlBYS2ROc054cklSSFNqUVdpNlNmTDRsRXZrMy04aWhHMFRwQ1psZVhLUDN3NUZ5bWRJVXVkQ0p0X0hINDV3YUJJN0JMbjlJQWNRVWp5NzdSMFdxMzZDejlUT0hVRDJQYUZ3MlZaMmlkM1AxeWc0MHc4M0wzOFBlQzZwUTM1d0didzkxbWxQMHBEZ0dIVVRucHhXMDgwT0d0MTktVUpvVk9GQUF0NHU1UWlPYzlDQlF0c256N3VydGFFWGFkamNGOWRhWXJrZ0cydEs0SA?oc=5,Google News - Results,RSS,0.7,"Mon, 12 May 2025 07:00:00 GMT",2026-09-01T22:46:05.711657+00:00,0.8981,BULLISH,2,1.0,1.25734
747ff987dcb61a7ef69eb69d8c4aff66e081d8f4d2dde02278fc751f805fd392,Reliance Power Shares Surge 15% Amid High Trading Volumes and Q1 Profit - scanx.trade,"<a href=""https://news.google.com/rss/articles/CBMiwgFBVV95cUxOTEZXSUVId2FYQW1meFhfbTRqZWY2OEQ2MHNfV2djSDZqTnpKcTdpOV9rUkdlUFpfQm1MUnkzRUxjdGhwOFNHN1ZuVGJXWG9MUXBVbTNvN2xmTTBYQ0k0YWMtRUtia2VsaDhDT0dpZTFQLXlwalNBbzBQNVl3V1EtM3NMS0YyV1FKWjZOV3pwekFyWG1VTVhpUFNoMU1xTHoycExBeGlLTkkxeXlUSlFyZ3pGci02Y214cTMxVzgzaFhFdw?oc=5"" target=""_blank"">Reliance Power Shares Surge 15% Amid High Trading Volumes and Q1 Profit</a>&nbsp;&nbsp;<font color=""#6f6f6f"">scanx.trade</font>",https://news.google.com/rss/articles/CBMiwgFBVV95cUxOTEZXSUVId2FYQW1meFhfbTRqZWY2OEQ2MHNfV2djSDZqTnpKcTdpOV9rUkdlUFpfQm1MUnkzRUxjdGhwOFNHN1ZuVGJXWG9MUXBVbTNvN2xmTTBYQ0k0YWMtRUtia2VsaDhDT0dpZTFQLXlwalNBbzBQNVl3V1EtM3NMS0YyV1FKWjZOV3pwekFyWG1VTVhpUFNoMU1xTHoycExBeGlLTkkxeXlUSlFyZ3pGci02Y214cTMxVzgzaFhFdw?oc=5,Google News - Results,RSS,0.7,"Thu, 09 Oct 2025 07:00:00 GMT",2026-09-01T22:46:05.711650+00:00,0.843,BULLISH,2,1.0,1.1802
cfb282f143e7d315788de9e42e0d39a6b2f90940f66647e848c854705a372ee9,"In power sector, regulatory priorities need sorting out - The Indian Express","<a href=""https://news.google.com/rss/articles/CBMitAFBVV95cUxPNEpTNXNncjlIM2M5LUdyWWNHQ2cxNnFUUjY3OUQ2UzVKYjlYdThPOGdZTnNsQUFIQ2VuZ00wWVdyVUxqVVBLTWFHLW01QzhoNVhVTUJWZ3p3TTB2cWZRWUJjOTF6ZC1rSUpUZ2FJbU5MaUtZTTlETXF1c3Y5djRGajhCXzJlNEFrNHhsQU9tOFhUbWxpWkxhMWxMaVRPS1lfQ3B2Tm9Kb2JzNnZ2WmY2cXhxaUbSAbsBQVVfeXFMT3dTbVFhTjY4OGtxVkxBeUdoUHJ4MndqSDBUYXdFV0loNnFmSXEybGg1TXlVZjBmRDVSajEwSWlGRDBNODRqNy1uaTNjeWxKcllvVzQ4Rm9seHdBTjRvRVRLSGRtV1ZGYmVWamZsN3pYT2RyMEFmNGk3UzAxWWM4cHhfLVA5bG94SHFfV1MtMWxRMV9TM09uMXJPRGRyVGI0RGZOZTBmX1lwdWVWLUs0dDUwaEw5eHRPSUlpWQ?oc=5"" target=""_blank"">In power sector, regulatory priorities need sorting out</a>&nbsp;&nbsp;<font color=""#6f6f6f"">The Indian Express</font>",https://news.google.com/rss/articles/CBMitAFBVV95cUxPNEpTNXNncjlIM2M5LUdyWWNHQ2cxNnFUUjY3OUQ2UzVKYjlYdThPOGdZTnNsQUFIQ2VuZ00wWVdyVUxqVVBLTWFHLW01QzhoNVhVTUJWZ3p3TTB2cWZRWUJjOTF6ZC1rSUpUZ2FJbU5MaUtZTTlETXF1c3Y5djRGajhCXzJlNEFrNHhsQU9tOFhUbWxpWkxhMWxMaVRPS1lfQ3B2Tm9Kb2JzNnZ2WmY2cXhxaUbSAbsBQVVfeXFMT3dTbVFhTjY4OGtxVkxBeUdoUHJ4MndqSDBUYXdFV0loNnFmSXEybGg1TXlVZjBmRDVSajEwSWlGRDBNODRqNy1uaTNjeWxKcllvVzQ4Rm9seHdBTjRvRVRLSGRtV1ZGYmVWamZsN3pYT2RyMEFmNGk3UzAxWWM4cHhfLVA5bG94SHFfV1MtMWxRMV9TM09uMXJPRGRyVGI0RGZOZTBmX1lwdWVWLUs0dDUwaEw5eHRPSUlpWQ?oc=5,Google News - Sector,RSS,0.7,"Thu, 30 Jul 2026 07:00:00 GMT",2026-09-01T22:46:07.222410+00:00,0.0,NEUTRAL,2,0.35,0.0
a35a7d6e69bdfb1663b7b01e686264d14dc1bdc025b1a9d969b153d2b4ca6860,APTEL Judgment Reinforces Regulatory Certainty And Boosts Investor Confidence In India's Power Sector - SolarQuarter,"<a href=""https://news.google.com/rss/articles/CBMi0wFBVV95cUxPV3NjZ0tiSGFoLXVLdVhSTHRaMFkyNEp4aVFnSFFVM09qdTUtWlpZbkRxWG5QenpZZmtJeXhwTDZRQ3hGVGJfVVBuQWMwTkU3eWF6bjE4MmlvdWpiRG15aUgxTFE3T251Q1V5MW52T0ozbGhqYU56U0Uzd29lRGwzWEdkRFhrV1o5cHpwRjFKc1llT1B0ZEM3ajBaOURJdHlpd3V2ekR1R1Z6WlU4eEJRRm9XalYzY3YxSEZub0FjNEFIeFE1Q19jUlpaT2g0bnNpNmVB?oc=5"" target=""_blank"">APTEL Judgment Reinforces Regulatory Certainty And Boosts Investor Confidence In India's Power Sector</a>&nbsp;&nbsp;<font color=""#6f6f6f"">SolarQuarter</font>",https://news.google.com/rss/articles/CBMi0wFBVV95cUxPV3NjZ0tiSGFoLXVLdVhSTHRaMFkyNEp4aVFnSFFVM09qdTUtWlpZbkRxWG5QenpZZmtJeXhwTDZRQ3hGVGJfVVBuQWMwTkU3eWF6bjE4MmlvdWpiRG15aUgxTFE3T251Q1V5MW52T0ozbGhqYU56U0Uzd29lRGwzWEdkRFhrV1o5cHpwRjFKc1llT1B0ZEM3ajBaOURJdHlpd3V2ekR1R1Z6WlU4eEJRRm9XalYzY3YxSEZub0FjNEFIeFE1Q19jUlpaT2g0bnNpNmVB?oc=5,Google News - Sector,RSS,0.7,"Tue, 14 Jul 2026 07:00:00 GMT",2026-09-01T22:46:07.222572+00:00,0.9217,BULLISH,2,0.35,0.4516329999999999
6af561dfa56e51884cb4d8620f80d2ef3cf7e6617277c257d317d041193b7af8,CENTRE OF EXCELLENCE FOR REGULATORY AFFAIRS IN THE POWER SECTOR LAUNCHED AT IIT DELHI - pib.gov.in,"<a href=""https://news.google.com/rss/articles/CBMiaEFVX3lxTFBPU3g5dVRvX0FVLWFRWVZJZFBZY1ZFS3AxTTZsdWJxNl9sTmpHNmVCeDlKcXVzZlR6NzF0WmZoOERUYjJicXdkMlRkQ0dJXzgwMTJsLTBFTnZKb0lEM3plSHIxNF9hWlZP?oc=5"" target=""_blank"">CENTRE OF EXCELLENCE FOR REGULATORY AFFAIRS IN THE POWER SECTOR LAUNCHED AT IIT DELHI</a>&nbsp;&nbsp;<font color=""#6f6f6f"">pib.gov.in</font>",https://news.google.com/rss/articles/CBMiaEFVX3lxTFBPU3g5dVRvX0FVLWFRWVZJZFBZY1ZFS3AxTTZsdWJxNl9sTmpHNmVCeDlKcXVzZlR6NzF0WmZoOERUYjJicXdkMlRkQ0dJXzgwMTJsLTBFTnZKb0lEM3plSHIxNF9hWlZP?oc=5,Google News - Sector,RSS,0.7,"Mon, 19 Jan 2026 08:00:00 GMT",2026-09-01T22:46:07.222707+00:00,0.9341,BULLISH,2,0.35,0.4577089999999999
146bea2fc7b90c5cbc4be2981ca04bccf29b9a08e93c5c55680437088b2fd399,Reliance to begin solar power generation from Kutch project in H1 FY27 - The Economic Times,"<a href=""https://news.google.com/rss/articles/CBMi3AFBVV95cUxQVlNTemJMdGp2dTh5OXBVZ2U5VGN0RjJ0MTUwR2ZlRktLeHhicUwweWo1MnFWSktlRGota252dXR6aGpscGJNRExrMGl4bTNXdGtPT2o2SFV3Q0NlVzZZYlkwS0JyRkkySXJBV3RfOU9BVHpCZDA2LVBhVVpucUFBNDNhLVJtV2JTcVI1bnUxMElYT3k4RTE0c3c2ck5QcEl5dENpaC1wTFRiVWlObWx6QXo1Y0xEa3pENTVzM213VHhUTV9PeDBfOWpteEJESzRyOVEybm84aFdBb1hM0gHiAUFVX3lxTE1UVjZ5aXl1dS0wbi0welM4aVhacnhLcFVkenlMcDRIcVpvdTdjSzllMkhXby1CZkVHc2VPOWxBa0JkZXNwNUFyTWdYcHR1aEhXUlRrUFplYXJybzk1VXhNUk1abEM0Ymw2NjE5M2JQV1NnVFFCYkFnY21MZ05mbmVrOUFudER1Zk5weWI2S0hINmJOWTg3WHJOMTk2bWNDRlZXLUZqZWozZlYxYS13TExJMkUxOHVPcEM0dTFmTzVGNllVaS1kWXZLWkRwcVVjWGJwMDd2Rjg3N0JNQVdEajNpU1E?oc=5"" target=""_blank"">Reliance to begin solar power generation from Kutch project in H1 FY27</a>&nbsp;&nbsp;<font color=""#6f6f6f"">The Economic Times</font>",https://news.google.com/rss/articles/CBMi3AFBVV95cUxQVlNTemJMdGp2dTh5OXBVZ2U5VGN0RjJ0MTUwR2ZlRktLeHhicUwweWo1MnFWSktlRGota252dXR6aGpscGJNRExrMGl4bTNXdGtPT2o2SFV3Q0NlVzZZYlkwS0JyRkkySXJBV3RfOU9BVHpCZDA2LVBhVVpucUFBNDNhLVJtV2JTcVI1bnUxMElYT3k4RTE0c3c2ck5QcEl5dENpaC1wTFRiVWlObWx6QXo1Y0xEa3pENTVzM213VHhUTV9PeDBfOWpteEJESzRyOVEybm84aFdBb1hM0gHiAUFVX3lxTE1UVjZ5aXl1dS0wbi0welM4aVhacnhLcFVkenlMcDRIcVpvdTdjSzllMkhXby1CZkVHc2VPOWxBa0JkZXNwNUFyTWdYcHR1aEhXUlRrUFplYXJybzk1VXhNUk1abEM0Ymw2NjE5M2JQV1NnVFFCYkFnY21MZ05mbmVrOUFudER1Zk5weWI2S0hINmJOWTg3WHJOMTk2bWNDRlZXLUZqZWozZlYxYS13TExJMkUxOHVPcEM0dTFmTzVGNllVaS1kWXZLWkRwcVVjWGJwMDd2Rjg3N0JNQVdEajNpU1E?oc=5,Google News - Deals,RSS,0.7,"Sun, 19 Oct 2025 07:00:00 GMT",2026-09-01T22:46:06.163814+00:00,0.0,NEUTRAL,2,0.35,0.0
73990c1c42a40c5194cb97ef8b8c600591cae685247a12c22203aeb7e7d41ecd,"India's installed power capacity projected to surpass 2,000 GW by 2047 - The Economic Times","<a href=""https://news.google.com/rss/articles/CBMi3AFBVV95cUxNS00yWXhaX1hLeUppd3dtUVNGSFV6SGVKanZTbThWRlZ6MTFUZ3BsRjIwb0VGYVM5dXJTNjJQRjVEV01VRXR0ZXQ2bnJpVEEtbUJqckFmZ2tscGJOR3FPc2o4TnZzNHZoSmlleEtHT2J6SE1hbktMYXVGakhlYWlmTjNLQ1V3OGpYRlc2T1pINmxoc3d1Uks5Qm5KbjY2U0ZoakkyVV9GZV9lVlNsY1VEYWEzeVhyZGtZb0t6cTBPNk5aZFREbVpfZEJmLUF5aTV0QlNHclMtbjJOUmtJ0gHiAUFVX3lxTE90V1FRbG5pdlMxS3hna3drcWw2Y2dZbmZyekJBbGtVRmpHb2NDbi1YOHBoX1EteDZBN3dPU0hVR21qVXMzbVdXTVdQMFZmOU5KYXBMVVlMdzFkTEpwNHZPVDQ5RGRiUGliVGwwaThzSWlpMFZjZjdJYmVCU0NyQS1OV2UwWDJIdVBrOXpoQnV6cnpBYU5KTnlUSnMybDBVQ1lLcEk2WnFyYXQ3elkzeGZnNWI4RzE1Qm5UNi10STJVUkxBSTVrX1otTnlnS3dmZ3hsRVdpYi1zZXJMc05ZSlcyUEE?oc=5"" target=""_blank"">India's installed power capacity projected to surpass 2,000 GW by 2047</a>&nbsp;&nbsp;<font color=""#6f6f6f"">The Economic Times</font>",https://news.google.com/rss/articles/CBMi3AFBVV95cUxNS00yWXhaX1hLeUppd3dtUVNGSFV6SGVKanZTbThWRlZ6MTFUZ3BsRjIwb0VGYVM5dXJTNjJQRjVEV01VRXR0ZXQ2bnJpVEEtbUJqckFmZ2tscGJOR3FPc2o4TnZzNHZoSmlleEtHT2J6SE1hbktMYXVGakhlYWlmTjNLQ1V3OGpYRlc2T1pINmxoc3d1Uks5Qm5KbjY2U0ZoakkyVV9GZV9lVlNsY1VEYWEzeVhyZGtZb0t6cTBPNk5aZFREbVpfZEJmLUF5aTV0QlNHclMtbjJOUmtJ0gHiAUFVX3lxTE90V1FRbG5pdlMxS3hna3drcWw2Y2dZbmZyekJBbGtVRmpHb2NDbi1YOHBoX1EteDZBN3dPU0hVR21qVXMzbVdXTVdQMFZmOU5KYXBMVVlMdzFkTEpwNHZPVDQ5RGRiUGliVGwwaThzSWlpMFZjZjdJYmVCU0NyQS1OV2UwWDJIdVBrOXpoQnV6cnpBYU5KTnlUSnMybDBVQ1lLcEk2WnFyYXQ3elkzeGZnNWI4RzE1Qm5UNi10STJVUkxBSTVrX1otTnlnS3dmZ3hsRVdpYi1zZXJMc05ZSlcyUEE?oc=5,Google News - Sector,RSS,0.7,"Tue, 01 Sep 2026 10:56:36 GMT",2026-09-01T22:46:07.222213+00:00,0.0,NEUTRAL,2,0.1,0.0
5858ef633bc416ff51c8bff01bcf72efc51aec3890fdf11675e1a9a5534fbe12,"SC expresses displeasure over investigation delay against Anil Ambani: Says, 'laxity will not be tolerated'... - bhaskarenglish.in","<a href=""https://news.google.com/rss/articles/CBMirwFBVV95cUxNV3lMbFJHdnpTQVhpMUtQQl9wZHE0YjY5NDRuZU9YbEUxN3JmRmQ2XzF4Sjd4LUhkdkVHcnBpRnNSTkRvT0VkX1hZSDlIam12dE5hTmktQUFsVXVOeDh1RzZid0NOTXc5aDdyWHNGY0RiS0trRlVkb2J3VWJ1N1ljLWtjZ2VfcThzQmhwQ0FrRjVjSnA0c3Z5VjdRNHhYUTV5b2dVazBOaGEtWjRHMnNR0gG0AUFVX3lxTE5DZHdqd3dLNjNheURKQU82NmtUeUJza0FXUmRhSkliak91STBLTHI0dlU1NERRN1RoTGJWWF9WUy16all1YmtwMDJuREx6V3VVLUI4bzNhdDJWRjB6UVdnVGxPa2djbXJRQ2JfYThLWTA1QVZHT3VHVncxUXdqWXd4eWwyQUFsSWpRZFJ3Wm55MmlvUTV0cGhFYnNGYkFSZmFLR29UQ3I5VFd6YTJMeEVmZWhGRg?oc=5"" target=""_blank"">SC expresses displeasure over investigation delay against Anil Ambani: Says, 'laxity will not be tolerated'...</a>&nbsp;&nbsp;<font color=""#6f6f6f"">bhaskarenglish.in</font>",https://news.google.com/rss/articles/CBMirwFBVV95cUxNV3lMbFJHdnpTQVhpMUtQQl9wZHE0YjY5NDRuZU9YbEUxN3JmRmQ2XzF4Sjd4LUhkdkVHcnBpRnNSTkRvT0VkX1hZSDlIam12dE5hTmktQUFsVXVOeDh1RzZid0NOTXc5aDdyWHNGY0RiS0trRlVkb2J3VWJ1N1ljLWtjZ2VfcThzQmhwQ0FrRjVjSnA0c3Z5VjdRNHhYUTV5b2dVazBOaGEtWjRHMnNR0gG0AUFVX3lxTE5DZHdqd3dLNjNheURKQU82NmtUeUJza0FXUmRhSkliak91STBLTHI0dlU1NERRN1RoTGJWWF9WUy16all1YmtwMDJuREx6V3VVLUI4bzNhdDJWRjB6UVdnVGxPa2djbXJRQ2JfYThLWTA1QVZHT3VHVncxUXdqWXd4eWwyQUFsSWpRZFJ3Wm55MmlvUTV0cGhFYnNGYkFSZmFLR29UQ3I5VFd6YTJMeEVmZWhGRg?oc=5,Google News - Risk,RSS,0.7,"Thu, 05 Feb 2026 14:34:45 GMT",2026-09-01T22:46:06.731464+00:00,-0.6574,BEARISH,2,0.1,-0.092036
0bef5c24d4357efdb795156bb0b739f56d992186a614a4461ffb8a4c1ffb51ee,Supreme Court Reviews Anil Ambani Case: CJI Seeks Status Reports on Fund Siphoning - scanx.trade,"<a href=""https://news.google.com/rss/articles/CBMi-wFBVV95cUxOUkRPbzBpaEtTSlhSZDNyWTdPZWl5anZzVnM2RUtqbUJrallITXJIa3diYUZqdXVyUjdNT0NnaldBei1SaEdNLVAxSmJFYUVuQ0tBQ1Mybld5Vk1RMjViNG15Y3Y5SjVDVks3aWEyRmlicnFsSzFMdGZqMjBNM2FycHZEYzdMcnk2QnJRTXl0UTUzYi1HZWhEeDhKTG1aR1RsaDRGVFJ5SjE0X3duYUxlamdlaUgzaFNWRE03NTBvcTdmMDJqZTRHVGRvTy1DaEZ5Sy12ZGN3ZDB6Y3hwX21adDF3REVHS3hHMHFUQ3NJNDZ3bFRaQWFsaW5EZw?oc=5"" target=""_blank"">Supreme Court Reviews Anil Ambani Case: CJI Seeks Status Reports on Fund Siphoning</a>&nbsp;&nbsp;<font color=""#6f6f6f"">scanx.trade</font>",https://news.google.com/rss/articles/CBMi-wFBVV95cUxOUkRPbzBpaEtTSlhSZDNyWTdPZWl5anZzVnM2RUtqbUJrallITXJIa3diYUZqdXVyUjdNT0NnaldBei1SaEdNLVAxSmJFYUVuQ0tBQ1Mybld5Vk1RMjViNG15Y3Y5SjVDVks3aWEyRmlicnFsSzFMdGZqMjBNM2FycHZEYzdMcnk2QnJRTXl0UTUzYi1HZWhEeDhKTG1aR1RsaDRGVFJ5SjE0X3duYUxlamdlaUgzaFNWRE03NTBvcTdmMDJqZTRHVGRvTy1DaEZ5Sy12ZGN3ZDB6Y3hwX21adDF3REVHS3hHMHFUQ3NJNDZ3bFRaQWFsaW5EZw?oc=5,Google News - Risk,RSS,0.7,"Tue, 03 Feb 2026 08:00:00 GMT",2026-09-01T22:46:06.731538+00:00,0.5574,BULLISH,2,0.1,0.078036
1e5946b4f562429d47a81d43902cb8585347637a010af3c86e437a2f7a0ae65f,"India’s discom reforms improve generator cash flows, but ₹6.5 lakh crore losses remain a risk: Moody’s - ET EnergyWorld","<a href=""https://news.google.com/rss/articles/CBMi4AFBVV95cUxPazlyaWJxXzlLZjY0RG1CM29vUEZtUGlmbjUycGl3bDBsR2dLZC1ST0FBVjNzUk4yQ2JkRDVQTWQyajVxNjFFbmFTcUF4bFZ6SGdGNzVVUXZoU3BLc0dseTRNUi1nSVQ3cndvQ2xsMDJfTllDNVRGdDU2U1d6ZGRZWGZNOG4waTBNeFQzZklHR0hPcDk4aWo2d2pIVjNvQ3RoZGFxbDEta3pQcEwtU0pHSW91eDRQNnJIM3F5UXlwTURfSFdYRTNDZzdYaG9WbGh2ZWlVNHJMUExVR3lUblltSNIB5gFBVV95cUxNLWlDdlNSZDM3emJ2UWpPVW1OTFo0a0ZZcjcwX3lXU3FfOEdLUWgwNENhcy1JUllXdzhpRndTUWdMYy1aVVI4blpFUC1TVFZWbkplOWxDR0JCdTgwanNta3gwTnZWbFdNWjY3OWg0bm0xcmthU043V3I2ak1BMk9vZHk1UE1XcF9HOHRzMjVLSmZwQjlfVDhxcWNpZktGRVpZOHBHTjRHbmFRZGRsU3NBclFpcnN5eVN3TFBpdTl3Y255SVpqOU1fUUwtWi1VdGhpZFU3ckFIMTYwWFFPajRnamtaaENFdw?oc=5"" target=""_blank"">India’s discom reforms improve generator cash flows, but ₹6.5 lakh crore losses remain a risk: Moody’s</a>&nbsp;&nbsp;<font color=""#6f6f6f"">ET EnergyWorld</font>",https://news.google.com/rss/articles/CBMi4AFBVV95cUxPazlyaWJxXzlLZjY0RG1CM29vUEZtUGlmbjUycGl3bDBsR2dLZC1ST0FBVjNzUk4yQ2JkRDVQTWQyajVxNjFFbmFTcUF4bFZ6SGdGNzVVUXZoU3BLc0dseTRNUi1nSVQ3cndvQ2xsMDJfTllDNVRGdDU2U1d6ZGRZWGZNOG4waTBNeFQzZklHR0hPcDk4aWo2d2pIVjNvQ3RoZGFxbDEta3pQcEwtU0pHSW91eDRQNnJIM3F5UXlwTURfSFdYRTNDZzdYaG9WbGh2ZWlVNHJMUExVR3lUblltSNIB5gFBVV95cUxNLWlDdlNSZDM3emJ2UWpPVW1OTFo0a0ZZcjcwX3lXU3FfOEdLUWgwNENhcy1JUllXdzhpRndTUWdMYy1aVVI4blpFUC1TVFZWbkplOWxDR0JCdTgwanNta3gwTnZWbFdNWjY3OWg0bm0xcmthU043V3I2ak1BMk9vZHk1UE1XcF9HOHRzMjVLSmZwQjlfVDhxcWNpZktGRVpZOHBHTjRHbmFRZGRsU3NBclFpcnN5eVN3TFBpdTl3Y255SVpqOU1fUUwtWi1VdGhpZFU3ckFIMTYwWFFPajRnamtaaENFdw?oc=5,Google News - Sector,RSS,0.7,"Fri, 22 May 2026 07:00:00 GMT",2026-09-01T22:46:07.222770+00:00,-0.865,BEARISH,2,0.1,-0.12109999999999999
8cfe68c3be8f85814002e4ec6b903ee3545928ba856a3561bab152545d100e5c,Top Court Directs Agencies To Speed Up Probe Into Anil Ambani-Linked Firms - NDTV,"<a href=""https://news.google.com/rss/articles/CBMilwJBVV95cUxQNG1kUUN2MnBPM1AtLTRwVDBVM2tSZGNWNy1renFBUm5oS0I0QWpvempxRDBIYkh2SElkdXpKYWlBLUw2WmFhaWFnRExzNEx3dEhzNkd6dWswZG1DbG55YTJONXdmdU9aN2xwMlB3SVgxOFNYR3hfUkw3cXRIN20wWG5oWjNQT3ZlOUFBSWkyNkMyamlLZ2pqaDhIN2RBYW5kQnF3N1FocktjMGcxVGdsMXktZEkzeFBEVDZha3puaUwyVUNPNFh5UkVlMGMxbWZIck80WFp5c0pCZEdzeGNyeFdVVzExaDZkNWlBTnJ3ZWlQRUpIby1DaVB5N01sckZTN0FsYmhJODc2S01rYUFOYV95bVk4R03SAZ8CQVVfeXFMTVNweC1RSFZoR0NZMzlqV1Mza0tQRmV3YTlFTXF3SVVHRHhfUThzOW9zZVVTRld3a3huSnczODVvd21sRXJaQ3dDT3FDYmtnaHJvOEpUQkw2ZUNreWVyREZlMzQ1cUplb1FwMTFWM0VNY1N3XzloNGdYaWpGaHpwRmlZUUJndGtVZ1JHZkxsckhFV2pVU3VuWjlqdVRYbmJwRm9sSk93R3FSdXpfcFFXLXJsUGhPV2d1akdCTko3YlpaeUczLXdtdWF4b09OUHkwSmRCMU1Kc05hUkQ1VThzZ0wybHZCSDlCMVJsN3J5WnFrVk80czV5Zks1MmI5UFlnbDF0N01FdkRwWVkwRHk4dkJ0V0NXRi0ybFJCLTNvNHc?oc=5"" target=""_blank"">Top Court Directs Agencies To Speed Up Probe Into Anil Ambani-Linked Firms</a>&nbsp;&nbsp;<font color=""#6f6f6f"">NDTV</font>",https://news.google.com/rss/articles/CBMilwJBVV95cUxQNG1kUUN2MnBPM1AtLTRwVDBVM2tSZGNWNy1renFBUm5oS0I0QWpvempxRDBIYkh2SElkdXpKYWlBLUw2WmFhaWFnRExzNEx3dEhzNkd6dWswZG1DbG55YTJONXdmdU9aN2xwMlB3SVgxOFNYR3hfUkw3cXRIN20wWG5oWjNQT3ZlOUFBSWkyNkMyamlLZ2pqaDhIN2RBYW5kQnF3N1FocktjMGcxVGdsMXktZEkzeFBEVDZha3puaUwyVUNPNFh5UkVlMGMxbWZIck80WFp5c0pCZEdzeGNyeFdVVzExaDZkNWlBTnJ3ZWlQRUpIby1DaVB5N01sckZTN0FsYmhJODc2S01rYUFOYV95bVk4R03SAZ8CQVVfeXFMTVNweC1RSFZoR0NZMzlqV1Mza0tQRmV3YTlFTXF3SVVHRHhfUThzOW9zZVVTRld3a3huSnczODVvd21sRXJaQ3dDT3FDYmtnaHJvOEpUQkw2ZUNreWVyREZlMzQ1cUplb1FwMTFWM0VNY1N3XzloNGdYaWpGaHpwRmlZUUJndGtVZ1JHZkxsckhFV2pVU3VuWjlqdVRYbmJwRm9sSk93R3FSdXpfcFFXLXJsUGhPV2d1akdCTko3YlpaeUczLXdtdWF4b09OUHkwSmRCMU1Kc05hUkQ1VThzZ0wybHZCSDlCMVJsN3J5WnFrVk80czV5Zks1MmI5UFlnbDF0N01FdkRwWVkwRHk4dkJ0V0NXRi0ybFJCLTNvNHc?oc=5,Google News - Risk,RSS,0.7,"Tue, 10 Feb 2026 08:00:00 GMT",2026-09-01T22:46:06.731186+00:00,0.2023,BULLISH,2,0.1,0.028322
dfc7be7929cf521869f26e0b53abdbbe9c7a07581a48258eb51d6c3a7cf77a6a,Centre for Regulatory Affairs inaugurated at IIT Roorkee - pib.gov.in,"<a href=""https://news.google.com/rss/articles/CBMie0FVX3lxTE5wQm5KcFZpYnVDUk42Y3d4Y3VNbGg3UGlXQjItdW5MdEhhcVJCRjR1R0FXdmI3N0JxMTU4eHByYndyYVFSNHgxdk1hV1FRdFc5X1lsZUNwM3B2dUJrQ21kVkxHa2UwRF80SHVGc3JFX0Q0UWVjWGxCd1d3UQ?oc=5"" target=""_blank"">Centre for Regulatory Affairs inaugurated at IIT Roorkee</a>&nbsp;&nbsp;<font color=""#6f6f6f"">pib.gov.in</font>",https://news.google.com/rss/articles/CBMie0FVX3lxTE5wQm5KcFZpYnVDUk42Y3d4Y3VNbGg3UGlXQjItdW5MdEhhcVJCRjR1R0FXdmI3N0JxMTU4eHByYndyYVFSNHgxdk1hV1FRdFc5X1lsZUNwM3B2dUJrQ21kVkxHa2UwRF80SHVGc3JFX0Q0UWVjWGxCd1d3UQ?oc=5,Google News - Sector,RSS,0.7,"Fri, 08 May 2026 07:00:00 GMT",2026-09-01T22:46:07.222543+00:00,0.0,NEUTRAL,2,0.1,0.0
cad1bed4287b54b67a2eab562416e1350d2e8a58c2715fd3b81ebd136f158f03,"Tower collapses lead to 500 MW renewable loss in Rajasthan, raising energy transition concerns - Down To Earth","<a href=""https://news.google.com/rss/articles/CBMiywFBVV95cUxQVXBTYjZqZDc2MUdsLWxGZXFJelNmeDlTZlNoX0FEUjlKdlFhd29rNnF4MTJaTDJUX0lsVmVKQVJIMzdWR0dWTW11a2JHUDdHaHVPYTRtZ3JBel9zcUpIWElUVUs5VnYzTWtWZ1QtcnFpUkNjSGN0dWdaamNobVByS2lTaVQ1RlB2YTY3S1F6REp4dmlwRkhFcm1VRFlOTHdFYUY1b1o1S3J2X0pVNWM1enVhUHFqbjhCOXl3WVlPNDI0QmotaGZ2aHI2b9IB2AFBVV95cUxNaGh1RFVSOVFyS3c3X0pFdExHWUZmRmtmYXJ2NUVUSS0tXzROdTBWYW1uc1luZWNrazNtUWk0U3JyOHNkM01WdjdEVElkQUhJQld0VnBIazZFeVFneXZYMTcwYnVfN3RmWkUyVHdGc3ptWl9ETnJnOFZ6UV9fejZ5NlRRU0JBVmdwQmF5a3ZxMXZFQVpESGlXSU51SjdOanJ4cEhhblh4X1J0Y1h5N0UxMGE4Z2QyQmwzbWt2cDNFR2lXelN4ZmMwMVR5Nlo2c2xCYTZ1YzJtamc?oc=5"" target=""_blank"">Tower collapses lead to 500 MW renewable loss in Rajasthan, raising energy transition concerns</a>&nbsp;&nbsp;<font color=""#6f6f6f"">Down To Earth</font>",https://news.google.com/rss/articles/CBMiywFBVV95cUxQVXBTYjZqZDc2MUdsLWxGZXFJelNmeDlTZlNoX0FEUjlKdlFhd29rNnF4MTJaTDJUX0lsVmVKQVJIMzdWR0dWTW11a2JHUDdHaHVPYTRtZ3JBel9zcUpIWElUVUs5VnYzTWtWZ1QtcnFpUkNjSGN0dWdaamNobVByS2lTaVQ1RlB2YTY3S1F6REp4dmlwRkhFcm1VRFlOTHdFYUY1b1o1S3J2X0pVNWM1enVhUHFqbjhCOXl3WVlPNDI0QmotaGZ2aHI2b9IB2AFBVV95cUxNaGh1RFVSOVFyS3c3X0pFdExHWUZmRmtmYXJ2NUVUSS0tXzROdTBWYW1uc1luZWNrazNtUWk0U3JyOHNkM01WdjdEVElkQUhJQld0VnBIazZFeVFneXZYMTcwYnVfN3RmWkUyVHdGc3ptWl9ETnJnOFZ6UV9fejZ5NlRRU0JBVmdwQmF5a3ZxMXZFQVpESGlXSU51SjdOanJ4cEhhblh4X1J0Y1h5N0UxMGE4Z2QyQmwzbWt2cDNFR2lXelN4ZmMwMVR5Nlo2c2xCYTZ1YzJtamc?oc=5,Google News - Sector,RSS,0.7,"Wed, 10 Jun 2026 07:00:00 GMT",2026-09-01T22:46:07.222595+00:00,-0.6859,BEARISH,2,0.1,-0.096026
a9d9a1854789621ee98fef650686ce31c186eca23923a5aa40b0b142370b09bb,Dynamatic Technologies Share Price Jumps On New Order Win - Samco,"<a href=""https://news.google.com/rss/articles/CBMitAFBVV95cUxOV2tERkFzZEd0blRHems1WTdQc2w2emoxMEFwVUY5ZzNCZkZacU9hTzZJVzZJUk1CLUtNT1Z6YmZ4MEJuaTAzUTVmdG5YZHJDT2tpdDdGWnN4TnpYSlMzTEI4RzdJQ3RUa0JodzhaNVRDQ0d1ejN1bjdHZnB2UlcxTkNOSmQ5TXZpR0dJT3NfVmlnd1FzNndwMndSN0Y5UDByaGhyQlZqMTQ0a2FqYllWV096TGk?oc=5"" target=""_blank"">Dynamatic Technologies Share Price Jumps On New Order Win</a>&nbsp;&nbsp;<font color=""#6f6f6f"">Samco</font>",https://news.google.com/rss/articles/CBMitAFBVV95cUxOV2tERkFzZEd0blRHems1WTdQc2w2emoxMEFwVUY5ZzNCZkZacU9hTzZJVzZJUk1CLUtNT1Z6YmZ4MEJuaTAzUTVmdG5YZHJDT2tpdDdGWnN4TnpYSlMzTEI4RzdJQ3RUa0JodzhaNVRDQ0d1ejN1bjdHZnB2UlcxTkNOSmQ5TXZpR0dJT3NfVmlnd1FzNndwMndSN0Y5UDByaGhyQlZqMTQ0a2FqYllWV096TGk?oc=5,Google News - Stock,RSS,0.7,"Mon, 08 Dec 2025 08:00:00 GMT",2026-09-01T22:46:05.199066+00:00,0.8520000000000001,BULLISH,2,0.1,0.11928000000000001
b426ab4f001eebc6fb147d1ef5072c01e7611773e95fa599f9d369534b116009,IPCL Ties Up with Bhutan Firm for 70 MW Solar Project in Paro - Energetica India Magazine,"<a href=""https://news.google.com/rss/articles/CBMioAFBVV95cUxOeVRKSmRUOE9JN1VPZHNVWEhNakltZzNicUhtWk1XQXJlRFJrejBsOUlSUUU1SGJjaFBiNDMtOG14ZWtwREx0SU5XRGhpVmxWeUd2ZGh5QS1pN0hmTnBpcWF2THdIQjFZOUZ4cFM2TTRGVFpTcllPZkh4UjY2LUUtRWhkWkRIbnA2ck1UWTZjWndrQU9JTUplN0RoM2dSVi1s?oc=5"" target=""_blank"">IPCL Ties Up with Bhutan Firm for 70 MW Solar Project in Paro</a>&nbsp;&nbsp;<font color=""#6f6f6f"">Energetica India Magazine</font>",https://news.google.com/rss/articles/CBMioAFBVV95cUxOeVRKSmRUOE9JN1VPZHNVWEhNakltZzNicUhtWk1XQXJlRFJrejBsOUlSUUU1SGJjaFBiNDMtOG14ZWtwREx0SU5XRGhpVmxWeUd2ZGh5QS1pN0hmTnBpcWF2THdIQjFZOUZ4cFM2TTRGVFpTcllPZkh4UjY2LUUtRWhkWkRIbnA2ck1UWTZjWndrQU9JTUplN0RoM2dSVi1s?oc=5,Google News - Deals,RSS,0.7,"Tue, 03 Feb 2026 08:00:00 GMT",2026-09-01T22:46:06.163693+00:00,0.0,NEUTRAL,2,0.1,0.0
19d1cd80e14758482b38b440ffebe1942f32345f3cce9c16888e77263a56612d,"Reliance Infra Q2 results: PAT halves to ₹1,911 cr; plans to raise $600 mn - Business Standard","<a href=""https://news.google.com/rss/articles/CBMi5wFBVV95cUxPVDhHRlJhUlQ5ZXI3RjRRMTMzeFVWS0NWVzhsVEVlMzAwQzQyYzc5cWxxQV9rRkxaSnJwaThFVUlZeG9wdE1EM19oVGdKM1Ffb0phNERPMmxtS2FXMVF1MjNrRDhQRnh1WUI0RjRHaVNNR1pKWTlnVG9KVVRrVVd2dHVxZmNrcXYwcFVsdmY0RFd1QzRYTFkwNFRVWHJWTnNwUlpZY1hPREdiT0ZvSEowZlRoOHJQNVRfdnFBU1p6dTdqZFpJOFVPNE1LS3RZMG5LTkFvYV9mbzlCR0NNSk8ySXpULXpidXfSAewBQVVfeXFMTlpCd0JiOFV6c2x4M1NoenI4SVM0SHYyd296bWptT2U4NGotenU1VmdPdDlqNWswRlN3clJmYms5RnhWdVBDYld4ZEpLZkxnNDFkeWJYbEUtbVUxMWpaemFLTjJZdmhJZUh3YmRJYUpXTnZ6WjlGaHdNd3R0dVdnbXo5bXQtNXFkYzdpRXM1SW56X19Mem1UNlpqc2RSTU5aaVFtN1o4WUk4VXYya0dPbHFqUncxbzlCNXQ2akdYZzVWUmdiMlE0VUMwbEs1clJ0Z0pkOWdXWmp4TzZ4djhGNUxGNGppdjh6aENlMXg?oc=5"" target=""_blank"">Reliance Infra Q2 results: PAT halves to ₹1,911 cr; plans to raise $600 mn</a>&nbsp;&nbsp;<font color=""#6f6f6f"">Business Standard</font>",https://news.google.com/rss/articles/CBMi5wFBVV95cUxPVDhHRlJhUlQ5ZXI3RjRRMTMzeFVWS0NWVzhsVEVlMzAwQzQyYzc5cWxxQV9rRkxaSnJwaThFVUlZeG9wdE1EM19oVGdKM1Ffb0phNERPMmxtS2FXMVF1MjNrRDhQRnh1WUI0RjRHaVNNR1pKWTlnVG9KVVRrVVd2dHVxZmNrcXYwcFVsdmY0RFd1QzRYTFkwNFRVWHJWTnNwUlpZY1hPREdiT0ZvSEowZlRoOHJQNVRfdnFBU1p6dTdqZFpJOFVPNE1LS3RZMG5LTkFvYV9mbzlCR0NNSk8ySXpULXpidXfSAewBQVVfeXFMTlpCd0JiOFV6c2x4M1NoenI4SVM0SHYyd296bWptT2U4NGotenU1VmdPdDlqNWswRlN3clJmYms5RnhWdVBDYld4ZEpLZkxnNDFkeWJYbEUtbVUxMWpaemFLTjJZdmhJZUh3YmRJYUpXTnZ6WjlGaHdNd3R0dVdnbXo5bXQtNXFkYzdpRXM1SW56X19Mem1UNlpqc2RSTU5aaVFtN1o4WUk4VXYya0dPbHFqUncxbzlCNXQ2akdYZzVWUmdiMlE0VUMwbEs1clJ0Z0pkOWdXWmp4TzZ4djhGNUxGNGppdjh6aENlMXg?oc=5,Google News - Results,RSS,0.7,"Wed, 12 Nov 2025 08:00:00 GMT",2026-09-01T22:46:05.711666+00:00,0.0,NEUTRAL,2,0.1,0.0
19283ca47d1b014a0ab566f51056e5e3423df91e3ab6ffc82bf7f46ec6ebffae,Reliance Power CFO Ashok Kumar Pal sent to judicial custody in money laundering case - cfo.economictimes.indiatimes.com,"<a href=""https://news.google.com/rss/articles/CBMi-wFBVV95cUxNajlxTC1kanRZZFRwYWdPTHg0RDVqQ1lNTWdHLXlveGJaSHJudkJCWVlfYlNNblB1Y0ZGZ3VadzBQYmY3Mmg1VVptdkMtOFhXUU5ZSWRwVTVQakhkUWtURjlOazR1YW5nbnRaam1FSjY5RU5xOFN3Z2dxdkczcHpvMGpacG82M01pNkgtVGczeWI4THZCWEhRUGp2bjJDSUJyX0dwd0VwQXZGSDJubl9CYVZOM3lJa3pmZ3gwc3RQN1pfZW42ck5Zd2NkYzJDbFAzdkxWYUt4eF9lVl9JbE5BYUxuU3VtSUw5bTUyZ3FJOUZqLWJQYmJHdkZub9IBgAJBVV95cUxPNHliR2FEYkZfeUpHVzVGbXRTbWpJbGRQQ2Q2bHVGbVRyLXI5eW1Gc0p2b0dnYTZhbGs5RjNJV2FtaThGcGZpbzh0TWFiemMyYUNER3FIYmpHQldTcjFaY1A0NHdvQ3g0b1ZGTDYwazA3cEJWbUp6dWtNU3NUMXJGU2pPeGtxOVhiV0RGZlhZRmZfT2J6UlpneEJwOHkwQUcxaUEwUThZUkVrXzZxNXZuem93Q3VkWmUwRXhERUVUUzUtMDNQTlV4VFktMkI0ejNxMk5nYUtycS13MHBMWWdPTkpMTmJkSmNseVdUdkFBZDNaZ3d0S3M4MDZiY2FvR0Jv?oc=5"" target=""_blank"">Reliance Power CFO Ashok Kumar Pal sent to judicial custody in money laundering case</a>&nbsp;&nbsp;<font color=""#6f6f6f"">cfo.economictimes.indiatimes.com</font>",https://news.google.com/rss/articles/CBMi-wFBVV95cUxNajlxTC1kanRZZFRwYWdPTHg0RDVqQ1lNTWdHLXlveGJaSHJudkJCWVlfYlNNblB1Y0ZGZ3VadzBQYmY3Mmg1VVptdkMtOFhXUU5ZSWRwVTVQakhkUWtURjlOazR1YW5nbnRaam1FSjY5RU5xOFN3Z2dxdkczcHpvMGpacG82M01pNkgtVGczeWI4THZCWEhRUGp2bjJDSUJyX0dwd0VwQXZGSDJubl9CYVZOM3lJa3pmZ3gwc3RQN1pfZW42ck5Zd2NkYzJDbFAzdkxWYUt4eF9lVl9JbE5BYUxuU3VtSUw5bTUyZ3FJOUZqLWJQYmJHdkZub9IBgAJBVV95cUxPNHliR2FEYkZfeUpHVzVGbXRTbWpJbGRQQ2Q2bHVGbVRyLXI5eW1Gc0p2b0dnYTZhbGs5RjNJV2FtaThGcGZpbzh0TWFiemMyYUNER3FIYmpHQldTcjFaY1A0NHdvQ3g0b1ZGTDYwazA3cEJWbUp6dWtNU3NUMXJGU2pPeGtxOVhiV0RGZlhZRmZfT2J6UlpneEJwOHkwQUcxaUEwUThZUkVrXzZxNXZuem93Q3VkWmUwRXhERUVUUzUtMDNQTlV4VFktMkI0ejNxMk5nYUtycS13MHBMWWdPTkpMTmJkSmNseVdUdkFBZDNaZ3d0S3M4MDZiY2FvR0Jv?oc=5,Google News - Risk,RSS,0.7,"Sat, 18 Oct 2025 07:00:00 GMT",2026-09-01T22:46:06.731443+00:00,0.0,NEUTRAL,1,1.0,0.0
b9bc8da689ebe162579c4c00abef65c263fb9d0ef4d63ebf3bcb1980ed153e5a,"ED raids premises linked to Anil Ambani, Reliance Power amid probe into financial transactions - The Statesman","<a href=""https://news.google.com/rss/articles/CBMi4gFBVV95cUxQNEM3TjQweVg2bmhrVDE0Z3FMN2s2bmtldnZMRnh4OF9TbzhHdkxPMDlyQW1VVDhhVGdvMDZzbnpXamtoSi1WWFNtUmdyRU5pc2tzdzFFLVpBZ29Ya3ZCSTJieWk0SXB6Y18wX0ZDVlBaWGpFQkxnSjRhcVJrNnhJTEZnYnFleEFnSDJQNmdod3VERVI1QnlWbGpKZmJJam1WclJqcHZCMlFPT201ZEhxblQzdnRsZGtEalExcF93SEU2ckZwREp1Q0pqS2RQWF9JX056RDVIbFhyRWd1M1BDODl30gHnAUFVX3lxTE9ZNkxzVDJ3TU5jT293RkxCWUpOMWcxNV9lRGg0dW5aS0FTR3RPVXpwbHh4LW44UHN0NHp4akppV2VxX0VTUEpWV3FXYmlxcGpHZi1fZFFZb0gyVVFONnpOTDBwMjA3VDBrV0loX2NwcWl1VFZNMWdwenh0X2VlcGZaQ0V3UWtSUlBUSktYOGYxbzRuemk1RS1wSU5BNDVYS1Uwek5jSE9GSlpMdEJjOG1YTzlQM0tidFYwSk01RWlVYndtVDd6RlVDUUplYW51YWd0UWFLODJzSWZ5Tk5QSHZodEZXQi1WNA?oc=5"" target=""_blank"">ED raids premises linked to Anil Ambani, Reliance Power amid probe into financial transactions</a>&nbsp;&nbsp;<font color=""#6f6f6f"">The Statesman</font>",https://news.google.com/rss/articles/CBMi4gFBVV95cUxQNEM3TjQweVg2bmhrVDE0Z3FMN2s2bmtldnZMRnh4OF9TbzhHdkxPMDlyQW1VVDhhVGdvMDZzbnpXamtoSi1WWFNtUmdyRU5pc2tzdzFFLVpBZ29Ya3ZCSTJieWk0SXB6Y18wX0ZDVlBaWGpFQkxnSjRhcVJrNnhJTEZnYnFleEFnSDJQNmdod3VERVI1QnlWbGpKZmJJam1WclJqcHZCMlFPT201ZEhxblQzdnRsZGtEalExcF93SEU2ckZwREp1Q0pqS2RQWF9JX056RDVIbFhyRWd1M1BDODl30gHnAUFVX3lxTE9ZNkxzVDJ3TU5jT293RkxCWUpOMWcxNV9lRGg0dW5aS0FTR3RPVXpwbHh4LW44UHN0NHp4akppV2VxX0VTUEpWV3FXYmlxcGpHZi1fZFFZb0gyVVFONnpOTDBwMjA3VDBrV0loX2NwcWl1VFZNMWdwenh0X2VlcGZaQ0V3UWtSUlBUSktYOGYxbzRuemk1RS1wSU5BNDVYS1Uwek5jSE9GSlpMdEJjOG1YTzlQM0tidFYwSk01RWlVYndtVDd6RlVDUUplYW51YWd0UWFLODJzSWZ5Tk5QSHZodEZXQi1WNA?oc=5,Google News - Risk,RSS,0.7,"Fri, 06 Mar 2026 08:00:00 GMT",2026-09-01T22:46:06.731428+00:00,0.0,NEUTRAL,1,1.0,0.0
4eea5af6a0ddf1c520c33015953d64afb1e0f152c6bffd207f1aad1c51b37389,ED arrests Kolkata consultant in Reliance Power bogus bank guarantee case - The Times of India,"<a href=""https://news.google.com/rss/articles/CBMi8AFBVV95cUxPZzRMd3hTczlsbWRxVXQzOUo3UVMwbDg4aURCUVhZeW16WlRzSUhCOTdWR3k3QUMwdjBMZE1mTmZhdmFqRmxrVzZ5NlhOMWtlY2RzRDRmT25qeVBudVhQNi1MNDBHc2dfU2Z4U2draUlCc2VoeUlfU3pSYVMzQ0YwSDR0ZVZINE9Yc0Qyb1c1UWRBaHdkNVpwSDJqcnRZUm0xYng1dUVYTU5GR1ZrdHY5OTdOVWg3dHRUaFNzSHI3NERIX29MOGk4UDhHbDhhMjNPc1VvbnVqS3o2LVhkeWdaMVFZSGZ5ek5UN3o5UjBNdFPSAfYBQVVfeXFMUFNWX0Z1SHU2Ql9JQTdkc0Z3Und1UzljRG9uR0hjYW8zZ21OQV9USFRrRXRCTjJhNGg5eTgySFBhSXFBVTlkaldiVUpzdlQ3V25GZWVwaVZCNVpzMEtiaUt6T2FScnlBbW1XdkJoMnR3M2lCM2tpNTFQeF8wOTg4dDVtNVk1YjJKSGdBRWU4NGZFWncxS01PZmlubmVtRjBNdkhVSXBBblIxeU9yV19tbFlmZ0VmZ0lUcDcxaUM2VDBTTlUxVW5qOGtoeWxrby1jVmNuRjNZdzRWc25hWkVZdUtjLTFZOXYxRG00X1kzLU9OWTNOX0pn?oc=5"" target=""_blank"">ED arrests Kolkata consultant in Reliance Power bogus bank guarantee case</a>&nbsp;&nbsp;<font color=""#6f6f6f"">The Times of India</font>",https://news.google.com/rss/articles/CBMi8AFBVV95cUxPZzRMd3hTczlsbWRxVXQzOUo3UVMwbDg4aURCUVhZeW16WlRzSUhCOTdWR3k3QUMwdjBMZE1mTmZhdmFqRmxrVzZ5NlhOMWtlY2RzRDRmT25qeVBudVhQNi1MNDBHc2dfU2Z4U2draUlCc2VoeUlfU3pSYVMzQ0YwSDR0ZVZINE9Yc0Qyb1c1UWRBaHdkNVpwSDJqcnRZUm0xYng1dUVYTU5GR1ZrdHY5OTdOVWg3dHRUaFNzSHI3NERIX29MOGk4UDhHbDhhMjNPc1VvbnVqS3o2LVhkeWdaMVFZSGZ5ek5UN3o5UjBNdFPSAfYBQVVfeXFMUFNWX0Z1SHU2Ql9JQTdkc0Z3Und1UzljRG9uR0hjYW8zZ21OQV9USFRrRXRCTjJhNGg5eTgySFBhSXFBVTlkaldiVUpzdlQ3V25GZWVwaVZCNVpzMEtiaUt6T2FScnlBbW1XdkJoMnR3M2lCM2tpNTFQeF8wOTg4dDVtNVk1YjJKSGdBRWU4NGZFWncxS01PZmlubmVtRjBNdkhVSXBBblIxeU9yV19tbFlmZ0VmZ0lUcDcxaUM2VDBTTlUxVW5qOGtoeWxrby1jVmNuRjNZdzRWc25hWkVZdUtjLTFZOXYxRG00X1kzLU9OWTNOX0pn?oc=5,Google News - Risk,RSS,0.7,"Sat, 08 Nov 2025 08:00:00 GMT",2026-09-01T22:46:06.731420+00:00,-0.4215,BEARISH,1,1.0,-0.29505
2c1c99fcfabd61f81318313eb999a4c3373aa42138a379f8ca30156fec606384,"ED raids Mumbai, Hyderabad locations linked to Anil Ambani's Reliance Power in money laundering probe - Deccan Herald","<a href=""https://news.google.com/rss/articles/CBMi2gFBVV95cUxObEV6ZmhqejRWR3Nndy1BWW5vV3pfaE9mV2xHX3RIekk4U3IxNFNaai01dW9FR0xSUUZjaWhkVWxZSms5Rnlob2JLU3UwT2NHdllnNjZGcGg0OVpzYTd0ejJzU1l6T0ZKa3dzV0ZmcU9Md0dGN1BTS0JJRE9lUVp0RXl0RTdTS0VVM0FidFdnN1F4SW9oeXRSaTJFZ3c1MUZ4R2Z6TDQ5eWV0am12eXc5RUlSc2lKRExKbVZRZHFQNTVQbmYyWFZKb1JjUzVmT3dqQ0gwTVFnRGhSdw?oc=5"" target=""_blank"">ED raids Mumbai, Hyderabad locations linked to Anil Ambani's Reliance Power in money laundering probe</a>&nbsp;&nbsp;<font color=""#6f6f6f"">Deccan Herald</font>",https://news.google.com/rss/articles/CBMi2gFBVV95cUxObEV6ZmhqejRWR3Nndy1BWW5vV3pfaE9mV2xHX3RIekk4U3IxNFNaai01dW9FR0xSUUZjaWhkVWxZSms5Rnlob2JLU3UwT2NHdllnNjZGcGg0OVpzYTd0ejJzU1l6T0ZKa3dzV0ZmcU9Md0dGN1BTS0JJRE9lUVp0RXl0RTdTS0VVM0FidFdnN1F4SW9oeXRSaTJFZ3c1MUZ4R2Z6TDQ5eWV0am12eXc5RUlSc2lKRExKbVZRZHFQNTVQbmYyWFZKb1JjUzVmT3dqQ0gwTVFnRGhSdw?oc=5,Google News - Risk,RSS,0.7,"Thu, 05 Mar 2026 08:00:00 GMT",2026-09-01T22:46:06.731413+00:00,0.0,NEUTRAL,1,1.0,0.0
73bb2e408bb90e1fc8c68e06db26072b3b90503945e865438f772c6bbafb70b3,Reliance Power Slips As US Exim Files Insolvency Plea - businessworld.in,"<a href=""https://news.google.com/rss/articles/CBMingFBVV95cUxPVFVqdVA3Si11eWYxcEtlMXpjRExEbldIQ0U4UjNUS19OTjB5N1ZLM3k3MldvRDJESmduczZZVW14OXZMc2FvOXlDaGtFM3puTXI4VUNxczl6MUxqLURyODQxSzY3Q2Q4WnZNWWdMUDcyd3JxVDlHVzFpOTlfcEFoRWg2THZET1NTM2hmNHBFTEY4dEVJQk5uOWpCdG43dw?oc=5"" target=""_blank"">Reliance Power Slips As US Exim Files Insolvency Plea</a>&nbsp;&nbsp;<font color=""#6f6f6f"">businessworld.in</font>",https://news.google.com/rss/articles/CBMingFBVV95cUxPVFVqdVA3Si11eWYxcEtlMXpjRExEbldIQ0U4UjNUS19OTjB5N1ZLM3k3MldvRDJESmduczZZVW14OXZMc2FvOXlDaGtFM3puTXI4VUNxczl6MUxqLURyODQxSzY3Q2Q4WnZNWWdMUDcyd3JxVDlHVzFpOTlfcEFoRWg2THZET1NTM2hmNHBFTEY4dEVJQk5uOWpCdG43dw?oc=5,Google News - Risk,RSS,0.7,"Thu, 30 Apr 2026 07:00:00 GMT",2026-09-01T22:46:06.731404+00:00,0.0,NEUTRAL,1,1.0,0.0
a17b46dfc38c3cc394e2d213e62b80120ec9aa0f2f4db20b09b68d5bb7ac8c80,"Reliance Infrastructure, Reliance Power shares trade lower following this disclosure; all you need to know - Upstox","<a href=""https://news.google.com/rss/articles/CBMi6AFBVV95cUxNZDEwR2xOVzlqWGNkeGtnaGhBc192emlrVHdWbEpiWEtRRkd5ejhSMmtIRENhdUZfU25oOGVzYXdQY0NrM0NQVVN4UkI4ZkRXbW9ZZDh0U1NfNm1ScWRfZF8wdG1uZ3o4NEEtTmJMQ1JPU01PQjBxclc2WTc3Yy0zMDN4T05ScTBJaWpMYV8yN3d4X2JkcDFOdHRoY05YSWJmeDYxMm5WOHZLRjVjY010bWp0WmZFdnN0SHdhNUtFSXAzcFN6dWJWTkJDSmZpdmVlaWc3SDVPMnpMcUNZd1hhYkNqSWdYMnFF?oc=5"" target=""_blank"">Reliance Infrastructure, Reliance Power shares trade lower following this disclosure; all you need to know</a>&nbsp;&nbsp;<font color=""#6f6f6f"">Upstox</font>",https://news.google.com/rss/articles/CBMi6AFBVV95cUxNZDEwR2xOVzlqWGNkeGtnaGhBc192emlrVHdWbEpiWEtRRkd5ejhSMmtIRENhdUZfU25oOGVzYXdQY0NrM0NQVVN4UkI4ZkRXbW9ZZDh0U1NfNm1ScWRfZF8wdG1uZ3o4NEEtTmJMQ1JPU01PQjBxclc2WTc3Yy0zMDN4T05ScTBJaWpMYV8yN3d4X2JkcDFOdHRoY05YSWJmeDYxMm5WOHZLRjVjY010bWp0WmZFdnN0SHdhNUtFSXAzcFN6dWJWTkJDSmZpdmVlaWc3SDVPMnpMcUNZd1hhYkNqSWdYMnFF?oc=5,Google News - Risk,RSS,0.7,"Mon, 06 Oct 2025 07:00:00 GMT",2026-09-01T22:46:06.731389+00:00,0.0,NEUTRAL,1,1.0,0.0
e1f082b53777860347c2175d435964e4cc868e85c54c131a967c27f780e0033f,Reliance Power Announces Voluntary Winding Up of Bangladesh Subsidiary - scanx.trade,"<a href=""https://news.google.com/rss/articles/CBMiwgFBVV95cUxOWVV5T2NuV24zVWsxanNJMjMtZ0ZfUnRoZUxxT3VUcF9iQVI3aXBjc1dYVXVJcUdIYkY2dHhRR2cyU0EySGRNZnIxb1kzbnhaUk5PSUFYZ2tNcWFQNXpZQk9VbTc1UzZIamdBemUtWmxxS3BxWVlmWlRFWFlDdTBGZzA3dGZoNkxINHpnMTJCSFc5cEY3NEZfMzdwRHRMbjMta1BfLVdud3FybGhyQ0hyWGFTaWJjd3EwU2pySXdjTVByUQ?oc=5"" target=""_blank"">Reliance Power Announces Voluntary Winding Up of Bangladesh Subsidiary</a>&nbsp;&nbsp;<font color=""#6f6f6f"">scanx.trade</font>",https://news.google.com/rss/articles/CBMiwgFBVV95cUxOWVV5T2NuV24zVWsxanNJMjMtZ0ZfUnRoZUxxT3VUcF9iQVI3aXBjc1dYVXVJcUdIYkY2dHhRR2cyU0EySGRNZnIxb1kzbnhaUk5PSUFYZ2tNcWFQNXpZQk9VbTc1UzZIamdBemUtWmxxS3BxWVlmWlRFWFlDdTBGZzA3dGZoNkxINHpnMTJCSFc5cEY3NEZfMzdwRHRMbjMta1BfLVdud3FybGhyQ0hyWGFTaWJjd3EwU2pySXdjTVByUQ?oc=5,Google News - Risk,RSS,0.7,"Thu, 05 Mar 2026 08:00:00 GMT",2026-09-01T22:46:06.731375+00:00,0.0,NEUTRAL,1,1.0,0.0
45fe62a1e10625e98d0440c2824549d2fabdafd33356c4be7ce8d6b28e3f26e5,"ED Searches Reliance Power Locations in Hyderabad, Mumbai - Deccan Chronicle","<a href=""https://news.google.com/rss/articles/CBMivwFBVV95cUxOQUZROHNsM2pBdU9iWW9mY1VtY3NRcXNNLXZrbW03ZmVScW1nTXd6d1VVYUFqdGlTOVJVZE0zQlphNFdkanc1c2NTM2RUQnlES1REN2FhRVpTdWZQNU9BWWZ5eGtJcGRKMHZMVkxuV0RHakZiRnR2ZW10S292QkR3cEZTeDhrQ3NHS241Wm50TzJVMkNKeWRXUnUyYnMxSE00TFl4WXlHTzNhUDZJZHhmbTdfbmY1X0ZaOVhxeGJsd9IBxAFBVV95cUxQWmhNLTNMVlBsMDhBY1VadTNvOWl3ZnZUcjgwcFVWRm1MX1ZnSFgtY2lEcV9ENHp2cjRnVzhPU1ZoS1hvR1QydEgxeDFicGNnOWx4Q1FyS3hPTWlZakF4eFRZenl2c1FGckdDZF9wWEd0OExSdnRsbzR0OWhILW11bWxDSXB5dllrWHVhNG5SVC0yd0tQMHpYdGl4Mk85NHdZREZoZE93dVhnTGVmVTRfaDh0TjFLbU5WbzA3Tkd2dnZQOXVa?oc=5"" target=""_blank"">ED Searches Reliance Power Locations in Hyderabad, Mumbai</a>&nbsp;&nbsp;<font color=""#6f6f6f"">Deccan Chronicle</font>",https://news.google.com/rss/articles/CBMivwFBVV95cUxOQUZROHNsM2pBdU9iWW9mY1VtY3NRcXNNLXZrbW03ZmVScW1nTXd6d1VVYUFqdGlTOVJVZE0zQlphNFdkanc1c2NTM2RUQnlES1REN2FhRVpTdWZQNU9BWWZ5eGtJcGRKMHZMVkxuV0RHakZiRnR2ZW10S292QkR3cEZTeDhrQ3NHS241Wm50TzJVMkNKeWRXUnUyYnMxSE00TFl4WXlHTzNhUDZJZHhmbTdfbmY1X0ZaOVhxeGJsd9IBxAFBVV95cUxQWmhNLTNMVlBsMDhBY1VadTNvOWl3ZnZUcjgwcFVWRm1MX1ZnSFgtY2lEcV9ENHp2cjRnVzhPU1ZoS1hvR1QydEgxeDFicGNnOWx4Q1FyS3hPTWlZakF4eFRZenl2c1FGckdDZF9wWEd0OExSdnRsbzR0OWhILW11bWxDSXB5dllrWHVhNG5SVC0yd0tQMHpYdGl4Mk85NHdZREZoZE93dVhnTGVmVTRfaDh0TjFLbU5WbzA3Tkd2dnZQOXVa?oc=5,Google News - Risk,RSS,0.7,"Sat, 07 Mar 2026 08:00:00 GMT",2026-09-01T22:46:06.731360+00:00,0.0,NEUTRAL,1,1.0,0.0
67284d5495227a221707d78c43742d9a4405a2e490b963cbb67765dbc952ee1a,ED raids against Reliance Power in Mumbai and Hyderabad - BusinessLine,"<a href=""https://news.google.com/rss/articles/CBMivwFBVV95cUxPeE5CLVVqTG95MjlROUVjaVVuVUQ4SW1aMzd3SU5yb3pjT2ZQdDlUbHk3MXBqOVA3S0o3UFlKTTNPWFptbnNVU3FYcURaYzQ2dFdicERyOGpBU2JqZmYyZFZUcVNYenVqMkl2d1JpQzZyYmVLQy15VzY1b0ROMFZlRXVZMUFUb0k1SXFmMXJNS3dUTWZTMXEwRllGWGlyXzFMbWVvY3p4clJqeDh6WFZCYll5U0w2cnBic29GR0J1d9IBxgFBVV95cUxNSVpTblRJNGVUR3dJT19IZGNObldNREdTRXB1MHF3eVNpd0lYMGNuV1FPcnJiZHFZRmFMVEJsX1NVd3QyMms1b0ZDYnpkaFQ3NkJVOElkLXFsRFJpWU55d1JtWk5WbEVYaHJjM1NNNVdDaTA0N0QySkJJQXVnYWRIU1ZlUm5QZ08tU1QwaVhKTGV5YmU2NFlIQnlmSHgyTmU2TzFIdTgtVTZqb2NNVDgySFFuNGxWbmtXaEYwTC1seVJCakhkM0E?oc=5"" target=""_blank"">ED raids against Reliance Power in Mumbai and Hyderabad</a>&nbsp;&nbsp;<font color=""#6f6f6f"">BusinessLine</font>",https://news.google.com/rss/articles/CBMivwFBVV95cUxPeE5CLVVqTG95MjlROUVjaVVuVUQ4SW1aMzd3SU5yb3pjT2ZQdDlUbHk3MXBqOVA3S0o3UFlKTTNPWFptbnNVU3FYcURaYzQ2dFdicERyOGpBU2JqZmYyZFZUcVNYenVqMkl2d1JpQzZyYmVLQy15VzY1b0ROMFZlRXVZMUFUb0k1SXFmMXJNS3dUTWZTMXEwRllGWGlyXzFMbWVvY3p4clJqeDh6WFZCYll5U0w2cnBic29GR0J1d9IBxgFBVV95cUxNSVpTblRJNGVUR3dJT19IZGNObldNREdTRXB1MHF3eVNpd0lYMGNuV1FPcnJiZHFZRmFMVEJsX1NVd3QyMms1b0ZDYnpkaFQ3NkJVOElkLXFsRFJpWU55d1JtWk5WbEVYaHJjM1NNNVdDaTA0N0QySkJJQXVnYWRIU1ZlUm5QZ08tU1QwaVhKTGV5YmU2NFlIQnlmSHgyTmU2TzFIdTgtVTZqb2NNVDgySFFuNGxWbmtXaEYwTC1seVJCakhkM0E?oc=5,Google News - Risk,RSS,0.7,"Fri, 06 Mar 2026 08:00:00 GMT",2026-09-01T22:46:06.731316+00:00,0.0,NEUTRAL,1,1.0,0.0
d27eecc4df6fc2e0fcaffd155eb900f7c44699dd72c9614d739da7837c1665aa,"ED Searches Reliance Power Premises in Mumbai, Hyderabad - Rediff","<a href=""https://news.google.com/rss/articles/CBMilgFBVV95cUxPVkJOMnFmZnF5d05IeTNSZFplNHprSmZjeFZiYW5JM1BhQkFkdmh5OVc2V2o4RkpvTzZZYWhVSE5XYmp4b3g5eXh1V2JBdnA1Sl91blVhbno1ZVJBdE5PamlyUUV3STZrZ3JRUFVFMVdERjhrZ043dnpMY1dyVGdFeHpPM0NLUjVzSFhTUEpYblA3OTZYdkHSAZgBQVVfeXFMUHFmT05lUkZrRW4wZnNUaUg1THNaYnZOeDNuRWdtVkk2QTlxbi1LcnAwaDNVZzF5ZXBzeXk0Z3FxSEt3LU10VzB6MDh2OEhwd2R0TXRuT3FQSnY5VndjcVNTM1JvdldXVGtKNlgyRDJUNDI3ZWhMVmlVaFRhb1Job0pGdWdiR3Q5bE91blJHUkw0dWhsWUdrTlQ?oc=5"" target=""_blank"">ED Searches Reliance Power Premises in Mumbai, Hyderabad</a>&nbsp;&nbsp;<font color=""#6f6f6f"">Rediff</font>",https://news.google.com/rss/articles/CBMilgFBVV95cUxPVkJOMnFmZnF5d05IeTNSZFplNHprSmZjeFZiYW5JM1BhQkFkdmh5OVc2V2o4RkpvTzZZYWhVSE5XYmp4b3g5eXh1V2JBdnA1Sl91blVhbno1ZVJBdE5PamlyUUV3STZrZ3JRUFVFMVdERjhrZ043dnpMY1dyVGdFeHpPM0NLUjVzSFhTUEpYblA3OTZYdkHSAZgBQVVfeXFMUHFmT05lUkZrRW4wZnNUaUg1THNaYnZOeDNuRWdtVkk2QTlxbi1LcnAwaDNVZzF5ZXBzeXk0Z3FxSEt3LU10VzB6MDh2OEhwd2R0TXRuT3FQSnY5VndjcVNTM1JvdldXVGtKNlgyRDJUNDI3ZWhMVmlVaFRhb1Job0pGdWdiR3Q5bE91blJHUkw0dWhsWUdrTlQ?oc=5,Google News - Risk,RSS,0.7,"Fri, 06 Mar 2026 08:00:00 GMT",2026-09-01T22:46:06.731245+00:00,0.0,NEUTRAL,1,1.0,0.0
a2521f1a61ddc024c28442504b13d90d97f57dd3a9286de83705f66fc4a77b02,Reliance Power Reports ED's Provisional Asset Attachment of Promoter Reliance Infrastructure - scanx.trade,"<a href=""https://news.google.com/rss/articles/CBMi3wFBVV95cUxNR09Yd1ljTlU1eXN6dmhPY1dwandMMDVya25LMkRuOGhnSTBRYzFOWlJqcmN4Y2dMTzdGYWZrenNqYjBWaGhYaUJJSl9JbnBDUnB0eDFuWXVZVllRYi1EZ3dqZkd5b0M4d2hpN1h2WDNLNFhaMDlwODJFR0R2QzY5ZWxuRGNiR2JydVJ5UGZrUzZaMGY0R2QzWmVGYmRCWUJUN3p1aU5RUFF2bVloRTk5cnQ2bmtjNGxTVGo0STRhVElXSWlRUUtCTVhESGJyZmpxVGJHZkFTOTdQUnFCeUk0?oc=5"" target=""_blank"">Reliance Power Reports ED's Provisional Asset Attachment of Promoter Reliance Infrastructure</a>&nbsp;&nbsp;<font color=""#6f6f6f"">scanx.trade</font>",https://news.google.com/rss/articles/CBMi3wFBVV95cUxNR09Yd1ljTlU1eXN6dmhPY1dwandMMDVya25LMkRuOGhnSTBRYzFOWlJqcmN4Y2dMTzdGYWZrenNqYjBWaGhYaUJJSl9JbnBDUnB0eDFuWXVZVllRYi1EZ3dqZkd5b0M4d2hpN1h2WDNLNFhaMDlwODJFR0R2QzY5ZWxuRGNiR2JydVJ5UGZrUzZaMGY0R2QzWmVGYmRCWUJUN3p1aU5RUFF2bVloRTk5cnQ2bmtjNGxTVGo0STRhVElXSWlRUUtCTVhESGJyZmpxVGJHZkFTOTdQUnFCeUk0?oc=5,Google News - Risk,RSS,0.7,"Mon, 03 Nov 2025 08:00:00 GMT",2026-09-01T22:46:06.731620+00:00,0.8126,BULLISH,1,1.0,0.56882
dde6235f3ccd44f87949f94bcf3b7df083dd2c8a03197da3696663a4a8976917,Reliance Power CFO Ashok Kumar Pal arrested by ED in money laundering case - Livemint,"<a href=""https://news.google.com/rss/articles/CBMi2gFBVV95cUxPTFB6anV5VXFlZXg2SjBUV0FWSHgxaEZMNlVNeUwyOV9ENlJ2Zk9pZFBrX2lod0d4OUJ5OVg0dVIxZDhYQWh2YUk1T1pQOWhFSzd3blpTR1FxY3R6bFJ6b1p1RnFmTWVtTjl6Z2x1MGV6bzVxUFNNQ0JXd0tPZndWUGZHTF9zTnJKcDFCLXB1YnprMmpma2FtcFpQVDFVY2VCd254ZU5XZERPRzIxNXBjUUNzNi1RTlItN21RSkQzYk1LX2NuMUgzVzdXdkJ6Nm4tT215ZDRpY3M4QdIB3wFBVV95cUxNQ3pFd3gxMXREblVZSXEyUWRRSmtGUHRfQkhPRlFiSllpQjRuT09ZRnFUbWhQRjhIUHhXajRCSzVXZG85QklWMHhnVFJ3Q0dFZzZXc2xPMHdzUERXaE9TdmJIVVJXZHRFQ2xVMDMwYjNwWUpJQ3VYcEFXRktkaVc1YzgtdVlsbEx2eFphWXpSdFJxcGl0MEdHak5VakgtdnI2ek9XUjZUZ1NFa0VZMjV5ZVlwZlZkbWd6aFR2bkFaX1hOV3JGSXE4b1ZsOXVwQlcxaHVZYlRKVTAxTzJUelBF?oc=5"" target=""_blank"">Reliance Power CFO Ashok Kumar Pal arrested by ED in money laundering case</a>&nbsp;&nbsp;<font color=""#6f6f6f"">Livemint</font>",https://news.google.com/rss/articles/CBMi2gFBVV95cUxPTFB6anV5VXFlZXg2SjBUV0FWSHgxaEZMNlVNeUwyOV9ENlJ2Zk9pZFBrX2lod0d4OUJ5OVg0dVIxZDhYQWh2YUk1T1pQOWhFSzd3blpTR1FxY3R6bFJ6b1p1RnFmTWVtTjl6Z2x1MGV6bzVxUFNNQ0JXd0tPZndWUGZHTF9zTnJKcDFCLXB1YnprMmpma2FtcFpQVDFVY2VCd254ZU5XZERPRzIxNXBjUUNzNi1RTlItN21RSkQzYk1LX2NuMUgzVzdXdkJ6Nm4tT215ZDRpY3M4QdIB3wFBVV95cUxNQ3pFd3gxMXREblVZSXEyUWRRSmtGUHRfQkhPRlFiSllpQjRuT09ZRnFUbWhQRjhIUHhXajRCSzVXZG85QklWMHhnVFJ3Q0dFZzZXc2xPMHdzUERXaE9TdmJIVVJXZHRFQ2xVMDMwYjNwWUpJQ3VYcEFXRktkaVc1YzgtdVlsbEx2eFphWXpSdFJxcGl0MEdHak5VakgtdnI2ek9XUjZUZ1NFa0VZMjV5ZVlwZlZkbWd6aFR2bkFaX1hOV3JGSXE4b1ZsOXVwQlcxaHVZYlRKVTAxTzJUelBF?oc=5,Google News - Risk,RSS,0.7,"Sat, 11 Oct 2025 07:00:00 GMT",2026-09-01T22:46:06.731613+00:00,-0.7351,BEARISH,1,1.0,-0.51457
b1fd88b01c887fb5bf0ec577496a354f8bf8f1ac209e72f0f278aea818a9b70d,ED makes fresh arrest in Reliance Power-linked fake bank guarantee case amid MCA probe over fund diversion - newindianexpress.com,"<a href=""https://news.google.com/rss/articles/CBMi8gFBVV95cUxOZVhvd2l1Nlc3VnF0NHNPZ0tabmJ4LXNJSVpEdmtscnJDQ1JwMF9QSHdkNFR5MTRQem8tOGFadXJRR2tSSmpMVDdNb19ORGJfNWcwUXEzazlydEtpRng2cnRCalpFbktmc2dFZ1B5XzgzNjZMaVFYZjJKdVNraGxYWDBRS3VPUllxRXJMWmxkYXhLc01maFlod1dEbW5QNGNWMjM1QXg1cFA0S212OXJvSlZadXlkLU9MWlNLaUNDNkQxOVcxdEp2ZzBvaDZNNzhxdERwWllBcXhZYnczX1hfZ0t1cUJZQS1uUnk3ckx3RGhKZ9IB_wFBVV95cUxOSWxCVFlhOEpHTzV4VkNjbTloYnR3dnZpVXdnbVdualQ0N3g5cEo3MVdqRUNZaU1fTnNMak1haDlJeXd2VDhQUnNTcHA5bDVpaEU1WkhlOWpaYWotMktIbTlzRkpmUDB6WDZmbWlRYklJUmhpMmtiR2szdHdDR0ZESU0xN0cwMlhaSllPTlM5YnlMdUNoLWdBakRHVW1TMGlYUUxkRHZxM25sMk5OS2RfenVqMmZ2U050eVE5M3pOeGEzU3ZnZzNPV2dnQ0dubW9PVEVpYWVWeHdISlZBc2M2NUFJQ2l3OFVnWmctR0YxRTJrbm91a0gtOU1OQ25FZVk?oc=5"" target=""_blank"">ED makes fresh arrest in Reliance Power-linked fake bank guarantee case amid MCA probe over fund diversion</a>&nbsp;&nbsp;<font color=""#6f6f6f"">newindianexpress.com</font>",https://news.google.com/rss/articles/CBMi8gFBVV95cUxOZVhvd2l1Nlc3VnF0NHNPZ0tabmJ4LXNJSVpEdmtscnJDQ1JwMF9QSHdkNFR5MTRQem8tOGFadXJRR2tSSmpMVDdNb19ORGJfNWcwUXEzazlydEtpRng2cnRCalpFbktmc2dFZ1B5XzgzNjZMaVFYZjJKdVNraGxYWDBRS3VPUllxRXJMWmxkYXhLc01maFlod1dEbW5QNGNWMjM1QXg1cFA0S212OXJvSlZadXlkLU9MWlNLaUNDNkQxOVcxdEp2ZzBvaDZNNzhxdERwWllBcXhZYnczX1hfZ0t1cUJZQS1uUnk3ckx3RGhKZ9IB_wFBVV95cUxOSWxCVFlhOEpHTzV4VkNjbTloYnR3dnZpVXdnbVdualQ0N3g5cEo3MVdqRUNZaU1fTnNMak1haDlJeXd2VDhQUnNTcHA5bDVpaEU1WkhlOWpaYWotMktIbTlzRkpmUDB6WDZmbWlRYklJUmhpMmtiR2szdHdDR0ZESU0xN0cwMlhaSllPTlM5YnlMdUNoLWdBakRHVW1TMGlYUUxkRHZxM25sMk5OS2RfenVqMmZ2U050eVE5M3pOeGEzU3ZnZzNPV2dnQ0dubW9PVEVpYWVWeHdISlZBc2M2NUFJQ2l3OFVnWmctR0YxRTJrbm91a0gtOU1OQ25FZVk?oc=5,Google News - Risk,RSS,0.7,"Fri, 07 Nov 2025 08:00:00 GMT",2026-09-01T22:46:06.731591+00:00,-0.5267,BEARISH,1,1.0,-0.36868999999999996
b7fee915051d04e1515824c9583b12914102f63ef95bac429177083d6f5f2fe4,"Stocks to Watch, October 7: Brigade Enterprises, Reliance Power, OIL, Dilip Buildcon, Coal India, LTIMindtree, Zydus Life - Upstox","<a href=""https://news.google.com/rss/articles/CBMilgJBVV95cUxOLTk0bWluTHZmV2RTanZNZ09SNDRScmNrbkhKOGxsakhheTl0WGpZSlNYNHZTdGRrdHdqbzNwSHF4NEtVd0t5VHZiaUh3VkhJOHdMTVZYSm9ta21ENHpvMHI4U29BZS1zT1ZfUFhQV3h3SzJ2ZkhmM0NlNlZzZzRiOHV0VlFQN0pISTZMWERaMngxQm9WVTd6dTlVeElYNHZyTXg2bmdfY2JqLVdjbG5aQUR2QmZ5bGdHVWZDTWlGZHJ4VXlYczFqQkV6eWR3R051RmN3SlNNcWF0YkFCOUJuOW1MWnJCTFFHRmVTeDN2ZXRVb0VvNTJQR0FTMzFFcGhXbE8yM19nTERaR19aS1RydFFXMy11QQ?oc=5"" target=""_blank"">Stocks to Watch, October 7: Brigade Enterprises, Reliance Power, OIL, Dilip Buildcon, Coal India, LTIMindtree, Zydus Life</a>&nbsp;&nbsp;<font color=""#6f6f6f"">Upstox</font>",https://news.google.com/rss/articles/CBMilgJBVV95cUxOLTk0bWluTHZmV2RTanZNZ09SNDRScmNrbkhKOGxsakhheTl0WGpZSlNYNHZTdGRrdHdqbzNwSHF4NEtVd0t5VHZiaUh3VkhJOHdMTVZYSm9ta21ENHpvMHI4U29BZS1zT1ZfUFhQV3h3SzJ2ZkhmM0NlNlZzZzRiOHV0VlFQN0pISTZMWERaMngxQm9WVTd6dTlVeElYNHZyTXg2bmdfY2JqLVdjbG5aQUR2QmZ5bGdHVWZDTWlGZHJ4VXlYczFqQkV6eWR3R051RmN3SlNNcWF0YkFCOUJuOW1MWnJCTFFHRmVTeDN2ZXRVb0VvNTJQR0FTMzFFcGhXbE8yM19nTERaR19aS1RydFFXMy11QQ?oc=5,Google News - Risk,RSS,0.7,"Tue, 07 Oct 2025 02:59:07 GMT",2026-09-01T22:46:06.731584+00:00,0.0,NEUTRAL,1,1.0,0.0
3009278c139d10207aa323cfc18996ec573fb7831876376a96a4ca50391d3d2a,Reliance Power share price jumps over 14% amid strong volumes - Livemint,"<a href=""https://news.google.com/rss/articles/CBMiygFBVV95cUxNaE9Za2U2VERtRkRad0lRUjg2NEJhSC1pNElhRVVJNmhZMk9Ec1FIUG1FSHYtYjN3bXRWSjlUMWdqQVBsQzRHc0pYaFVkeDRFZTBMSlRxWjlOdzNPcGM2dWFqb084VkhTaW5lMzlJN282S19lLVZ0YURPXzItRjZzVEJDTEgzOUZSejVubGpJUndBSm1seEtFSFByWTVnNWExWFhOWGU1c0FTT1N4NDIwSEhMVG1DZm1GTUZFVzRvUG1NM2RlVFdOTnlR0gHPAUFVX3lxTE1adGUyLWFFeWVyYTJTbTZ6MVpwU2VkeW5wWTBibnhaYUxpd2pZQ2ZrSDJiX2V1QWQ5MmJFM1BjS0M4VUEzOUZoYW5jdjRpRXNrdUpIXzVIWXZMM0oxdnA4RmN3Y0pueFkyV194QUFEa0NxdndZclNhNmJBd2VxeDVsTVlIOHFQZjZ3aHp6a2lRdTBqeWtZWm4tbTJTUTNLWnlNT2ZLb0RLTzFodHJpOUx2cE0wQzVKblQ5MnhXakd0d2JsQXl3bUhzc25uOTFsNA?oc=5"" target=""_blank"">Reliance Power share price jumps over 14% amid strong volumes</a>&nbsp;&nbsp;<font color=""#6f6f6f"">Livemint</font>",https://news.google.com/rss/articles/CBMiygFBVV95cUxNaE9Za2U2VERtRkRad0lRUjg2NEJhSC1pNElhRVVJNmhZMk9Ec1FIUG1FSHYtYjN3bXRWSjlUMWdqQVBsQzRHc0pYaFVkeDRFZTBMSlRxWjlOdzNPcGM2dWFqb084VkhTaW5lMzlJN282S19lLVZ0YURPXzItRjZzVEJDTEgzOUZSejVubGpJUndBSm1seEtFSFByWTVnNWExWFhOWGU1c0FTT1N4NDIwSEhMVG1DZm1GTUZFVzRvUG1NM2RlVFdOTnlR0gHPAUFVX3lxTE1adGUyLWFFeWVyYTJTbTZ6MVpwU2VkeW5wWTBibnhaYUxpd2pZQ2ZrSDJiX2V1QWQ5MmJFM1BjS0M4VUEzOUZoYW5jdjRpRXNrdUpIXzVIWXZMM0oxdnA4RmN3Y0pueFkyV194QUFEa0NxdndZclNhNmJBd2VxeDVsTVlIOHFQZjZ3aHp6a2lRdTBqeWtZWm4tbTJTUTNLWnlNT2ZLb0RLTzFodHJpOUx2cE0wQzVKblQ5MnhXakd0d2JsQXl3bUhzc25uOTFsNA?oc=5,Google News - Risk,RSS,0.7,"Fri, 10 Oct 2025 07:00:00 GMT",2026-09-01T22:46:06.731569+00:00,0.925,BULLISH,1,1.0,0.6475
c1006ba49dda08c35bef99a47b58cab46f09b2dd8b82f33cfcb913c0f8c5eb78,"Money laundering probe: ED arrests Reliance Power CFO, Anil Ambani's aide Ashok Kumar Pal from Delhi - The Times of India","<a href=""https://news.google.com/rss/articles/CBMi_gFBVV95cUxPNVU1ZlI3MVZGZFZRelprY1lPYllFYWtiR3BSV3VaekhiRGlxdk9tWHFJeUdrZmlzWXZ0RV90RC1ISUVadVdlTWJzMjBJZzB6WXcyUndwbjI3cFNkRGVhaUJSaVpHQmQta1o2QUdtR2EwQy1Nb01qU0sxWW5tcG5HQlo0U3hRRXdHWjl1aW5Gd0c0VHpQbGE0bi1iWEw5NWJvYXR6a3BBMFFvcFZSNHRxaVlQUnExSXBsZnRPWmtLLWJiWnRrMEVqUWVRd0R6aUV5VmpETUlJQzgtRVV5UEtyUE5PQ0djUzVUM0pZdGZCVFZhN0ZZV1dVZFhRck9GQdIBgwJBVV95cUxQWGs4QmVaNmZ2SFJ0VVZBR0o3RmNIOG5KVGZYX3JUeEY4VlJsbEN2M21MdnczUm5naVhDYjdiakFyNDlSR1IyVmRHTWRfc1FVWjVObzV1UmxHMGRmemQyeWhrMXZBUHdzclBXMDBiMHZYRmFXWTc3N3BId2F2Mm5MQ3g3TE15akRQZU1HTzl1dXY5S1pXMF8yYUpXQU02RV93NlpSS25SRkh0ZlFnMXE5dU5hWXg3dlU4UVNmLVlRczgyU0pvQk9TcVlOb2ZLS1FlM3hfaDJDVkx6RGJiUU01d2hURTBwN25KZTd1aG5KekhCS1Q0V0NCMXZxNWVDVEwtQUF3?oc=5"" target=""_blank"">Money laundering probe: ED arrests Reliance Power CFO, Anil Ambani's aide Ashok Kumar Pal from Delhi</a>&nbsp;&nbsp;<font color=""#6f6f6f"">The Times of India</font>",https://news.google.com/rss/articles/CBMi_gFBVV95cUxPNVU1ZlI3MVZGZFZRelprY1lPYllFYWtiR3BSV3VaekhiRGlxdk9tWHFJeUdrZmlzWXZ0RV90RC1ISUVadVdlTWJzMjBJZzB6WXcyUndwbjI3cFNkRGVhaUJSaVpHQmQta1o2QUdtR2EwQy1Nb01qU0sxWW5tcG5HQlo0U3hRRXdHWjl1aW5Gd0c0VHpQbGE0bi1iWEw5NWJvYXR6a3BBMFFvcFZSNHRxaVlQUnExSXBsZnRPWmtLLWJiWnRrMEVqUWVRd0R6aUV5VmpETUlJQzgtRVV5UEtyUE5PQ0djUzVUM0pZdGZCVFZhN0ZZV1dVZFhRck9GQdIBgwJBVV95cUxQWGs4QmVaNmZ2SFJ0VVZBR0o3RmNIOG5KVGZYX3JUeEY4VlJsbEN2M21MdnczUm5naVhDYjdiakFyNDlSR1IyVmRHTWRfc1FVWjVObzV1UmxHMGRmemQyeWhrMXZBUHdzclBXMDBiMHZYRmFXWTc3N3BId2F2Mm5MQ3g3TE15akRQZU1HTzl1dXY5S1pXMF8yYUpXQU02RV93NlpSS25SRkh0ZlFnMXE5dU5hWXg3dlU4UVNmLVlRczgyU0pvQk9TcVlOb2ZLS1FlM3hfaDJDVkx6RGJiUU01d2hURTBwN25KZTd1aG5KekhCS1Q0V0NCMXZxNWVDVEwtQUF3?oc=5,Google News - Risk,RSS,0.7,"Sat, 11 Oct 2025 07:00:00 GMT",2026-09-01T22:46:06.731545+00:00,-0.7003,BEARISH,1,1.0,-0.49021
24e2b73f9f5a01ecdb160531872b0b62607bee79fa4989de5f06c4f3336e4c80,Delhi HC rejects bail plea of former Reliance Power CFO Ashok Kumar Pal in money laundering case - ETLegalWorld.com,"<a href=""https://news.google.com/rss/articles/CBMi_gFBVV95cUxNVmJWaVA4MFJ6cGxUQTVZZEd1OHczdFJIUnNxRV9FNmpnR2c2TmEtNnhUSy1HdmtVQXR5OGFWbjY2MTNvMUt5QUNqdGEzUS1YbnBVMUxfbDc0eUYxT2J5dDNSdlJ0QTBiVUlZMFh4dlNXNy1mdkRGcGNYZ3laUmNMSVB5Z2ZWVkwxZWxteVNNd2Z4M3hNT1VIamRBRF8wSkZCeWw3dDl0T1luTno0Wkg1NlROX0dBLV9KSUhtZlhxY1pCRmtLRXliZFFGSE9WcmRVQzg2TFBjT1JjU0RNSmRWV1VtTzlRb2EwYl9Scy1tTzFEVTNoanRmM2tKOUNMZ9IBgwJBVV95cUxQZThrMEdqTU9wdDgzRTM3aElMSk9xN1NRNlNfTW5PcjJBN3JWNUg3RWx6WDFIckhJa3dFZWhhYmo2TjlSVzlaMW5JeXFkVlloWHl1aEt5VTJ3dWdpbWNGekwxMnhFb0JYS3NyLWFTb2dNaFZMN1ZRNjlTb2k2VDR5NnZ5Y1FBejlpQnBBZ0dKR2hzclFlS3o5T05QdlpEYmFZOUNUTEVZdXBvbmxlUVJnWlBURFdkSnZ0MXJkVHI1bTB6N0c4cUtlOGlLSUF0eTJ3ZTJCemhUMTdjb015RHc2T295Sk1hSnc2MnhHMlRLVlRfX2hxQ0FWclhCX2hzcXVzeW1v?oc=5"" target=""_blank"">Delhi HC rejects bail plea of former Reliance Power CFO Ashok Kumar Pal in money laundering case</a>&nbsp;&nbsp;<font color=""#6f6f6f"">ETLegalWorld.com</font>",https://news.google.com/rss/articles/CBMi_gFBVV95cUxNVmJWaVA4MFJ6cGxUQTVZZEd1OHczdFJIUnNxRV9FNmpnR2c2TmEtNnhUSy1HdmtVQXR5OGFWbjY2MTNvMUt5QUNqdGEzUS1YbnBVMUxfbDc0eUYxT2J5dDNSdlJ0QTBiVUlZMFh4dlNXNy1mdkRGcGNYZ3laUmNMSVB5Z2ZWVkwxZWxteVNNd2Z4M3hNT1VIamRBRF8wSkZCeWw3dDl0T1luTno0Wkg1NlROX0dBLV9KSUhtZlhxY1pCRmtLRXliZFFGSE9WcmRVQzg2TFBjT1JjU0RNSmRWV1VtTzlRb2EwYl9Scy1tTzFEVTNoanRmM2tKOUNMZ9IBgwJBVV95cUxQZThrMEdqTU9wdDgzRTM3aElMSk9xN1NRNlNfTW5PcjJBN3JWNUg3RWx6WDFIckhJa3dFZWhhYmo2TjlSVzlaMW5JeXFkVlloWHl1aEt5VTJ3dWdpbWNGekwxMnhFb0JYS3NyLWFTb2dNaFZMN1ZRNjlTb2k2VDR5NnZ5Y1FBejlpQnBBZ0dKR2hzclFlS3o5T05QdlpEYmFZOUNUTEVZdXBvbmxlUVJnWlBURFdkSnZ0MXJkVHI1bTB6N0c4cUtlOGlLSUF0eTJ3ZTJCemhUMTdjb015RHc2T295Sk1hSnc2MnhHMlRLVlRfX2hxQ0FWclhCX2hzcXVzeW1v?oc=5,Google News - Risk,RSS,0.7,"Thu, 11 Jun 2026 07:00:00 GMT",2026-09-01T22:46:06.731179+00:00,-0.7506,BEARISH,1,1.0,-0.52542
f4be63d868eef143b3afdae70ae598593827bd3da996f09e9c62e09e6838fe6c,Third arrest in Rs 68 crore fake bank guarantee case linked to Reliance Power - newindianexpress.com,"<a href=""https://news.google.com/rss/articles/CBMixwFBVV95cUxQc1VXbXNleTZ2TC14X3FYaFFveXFucUNsbXhvUFYzTVBXd1V2aEhVUjdyd21mQTN2czhwdzZkNExVWkpXNnplcDZvY2tNM1ViWlRRRHhLSDkwZmV1OE14aXlFMGRKQzEzZVNSQmUxa1JsNU5RZmJIZnFXZzVnTHNVM05NaDRnNlN1Nk5taEdMUzUtNWNlWnFJRWptcTF4SmZOeXJKMl8ydGE2WnFtSmU1amppakxWX01yaXlWZkY0NzE0dlpiT1VJ0gHUAUFVX3lxTE9hNllXTTFGU2ttQURsMzAzclE5cktzNzVoM2U1aEJYS0ZIUjdPM2UtSVgyVDdSa19CU0FSWG5icEFYWVpBVzRGdnBWRG9aLTNSMkY2WVNYckpIemZ4dlhBSzU3b21RYjVQUzM5MjgtZTB0TXZyRm83U2hTSjhMU25GZXdXZkpMSVo2cDcwZmk2NGgtTGNvYW5IVzVwWm9DcUlVSjNnMlJvUFRaQlJTT2RRNlBXcmkzXzFFOXdNVU5tbkhxZGxDb1c2aXdBZ1FNLWUzTjFy?oc=5"" target=""_blank"">Third arrest in Rs 68 crore fake bank guarantee case linked to Reliance Power</a>&nbsp;&nbsp;<font color=""#6f6f6f"">newindianexpress.com</font>",https://news.google.com/rss/articles/CBMixwFBVV95cUxQc1VXbXNleTZ2TC14X3FYaFFveXFucUNsbXhvUFYzTVBXd1V2aEhVUjdyd21mQTN2czhwdzZkNExVWkpXNnplcDZvY2tNM1ViWlRRRHhLSDkwZmV1OE14aXlFMGRKQzEzZVNSQmUxa1JsNU5RZmJIZnFXZzVnTHNVM05NaDRnNlN1Nk5taEdMUzUtNWNlWnFJRWptcTF4SmZOeXJKMl8ydGE2WnFtSmU1amppakxWX01yaXlWZkY0NzE0dlpiT1VJ0gHUAUFVX3lxTE9hNllXTTFGU2ttQURsMzAzclE5cktzNzVoM2U1aEJYS0ZIUjdPM2UtSVgyVDdSa19CU0FSWG5icEFYWVpBVzRGdnBWRG9aLTNSMkY2WVNYckpIemZ4dlhBSzU3b21RYjVQUzM5MjgtZTB0TXZyRm83U2hTSjhMU25GZXdXZkpMSVo2cDcwZmk2NGgtTGNvYW5IVzVwWm9DcUlVSjNnMlJvUFRaQlJTT2RRNlBXcmkzXzFFOXdNVU5tbkhxZGxDb1c2aXdBZ1FNLWUzTjFy?oc=5,Google News - Risk,RSS,0.7,"Fri, 07 Nov 2025 08:00:00 GMT",2026-09-01T22:46:06.731531+00:00,-0.7906,BEARISH,1,1.0,-0.5534199999999999
56e0bb5a1ecfadf45e11e3fab33a15c66a28f74149e52f2e0961c1f267f47a23,Reliance Power share jumps 14% to hit Rs 50 level; Reliance Infra climbs 5% - Business Today,"<a href=""https://news.google.com/rss/articles/CBMi1wFBVV95cUxNNnJJWDdZZ0ZZOU00M2RuZjR1b2xjZlhNaFVPYVlzM3IwVEpXcXBMbGtTNElPclItZzZMOW5wQVVBQTVaOW9RNi1DbUxTOWo3V05LbVN4cEZrdUtoLV9CTmpsSmMweWR4bGlwNURfSTdMNnBrZFZGMlp6MW1XRHZLQWtPR2Vsa2txbjdZcXJDQ2hnZFVsUmVuME5jLVp5djhXMzdqb0NsWno2Z0lPemhtb1p3X1FSTUU2Z3ZpLWdtMFVVdE1ZVV9QZlFtQThKcnI3M1FwbmctVdIB3AFBVV95cUxOazZfeEJpX3VZVXBZNF9ySjhTZnlfOXk1OHJnSnJjbnN0RFh0dDctaXRpNjJhUFdtRVdKdVNFM295MUJKR00tOXdVZEE4ajhnckhxV3RmaV82eEJKSEN0Y3FzckZYVEJ4VnBNMXhMcGh6NWxIenVJUkJNYXlnSWNtb1BHdnllM0s4cGFOWWMxM0wwelY5UVdlOFZ2Ri1tSUlpNDNyd25paHhwdV81SEk0emJRYjRYaF9HalBjS0I3em1tUHhzYUROZXZQTlc1bEMtblRTTjJCN3JuOVRZ?oc=5"" target=""_blank"">Reliance Power share jumps 14% to hit Rs 50 level; Reliance Infra climbs 5%</a>&nbsp;&nbsp;<font color=""#6f6f6f"">Business Today</font>",https://news.google.com/rss/articles/CBMi1wFBVV95cUxNNnJJWDdZZ0ZZOU00M2RuZjR1b2xjZlhNaFVPYVlzM3IwVEpXcXBMbGtTNElPclItZzZMOW5wQVVBQTVaOW9RNi1DbUxTOWo3V05LbVN4cEZrdUtoLV9CTmpsSmMweWR4bGlwNURfSTdMNnBrZFZGMlp6MW1XRHZLQWtPR2Vsa2txbjdZcXJDQ2hnZFVsUmVuME5jLVp5djhXMzdqb0NsWno2Z0lPemhtb1p3X1FSTUU2Z3ZpLWdtMFVVdE1ZVV9QZlFtQThKcnI3M1FwbmctVdIB3AFBVV95cUxOazZfeEJpX3VZVXBZNF9ySjhTZnlfOXk1OHJnSnJjbnN0RFh0dDctaXRpNjJhUFdtRVdKdVNFM295MUJKR00tOXdVZEE4ajhnckhxV3RmaV82eEJKSEN0Y3FzckZYVEJ4VnBNMXhMcGh6NWxIenVJUkJNYXlnSWNtb1BHdnllM0s4cGFOWWMxM0wwelY5UVdlOFZ2Ri1tSUlpNDNyd25paHhwdV81SEk0emJRYjRYaF9HalBjS0I3em1tUHhzYUROZXZQTlc1bEMtblRTTjJCN3JuOVRZ?oc=5,Google News - Risk,RSS,0.7,"Fri, 10 Oct 2025 07:00:00 GMT",2026-09-01T22:46:06.731523+00:00,0.5267,BULLISH,1,1.0,0.36868999999999996
8a558d70d2ba2af501651b07ba25918f55ed7dfc3cc767968af3c4e63c1e5d1c,"Reliance Power, Reliance Infra shares in focus after SEBI show cause notices; firms reply - Business Today","<a href=""https://news.google.com/rss/articles/CBMi6wFBVV95cUxOMkE3ZTF3VHZaNXhMNkFIR3djZHZnbnFyR3gzYmdmbmxTU1hEWWtvVWliSjg0U0ZNRFBRd1B5bG1KV2FhT01QLVp3Mkh2aWNZUTNfLW5RdmJabkloczNjRFJMMk1zbkpIY1haQ1ljX2RIM0RUWUFieUVJdEtoOGxLcEpkQmtlc0x6eC1IeVZoRk1PMkliQ0NuSXh1eC1GWFQ3VEUzOUY5azVsNUg5clozSW9QVGxXS3prcWFBUWYwdDltNG14T0JJdHpfaUt2OVNYV0pLMTlDZFppdmYySWpzZXJlVm4yUXhiM3lr0gHwAUFVX3lxTE9EcGNrSjVlRGQ5Q1ZTdzh0dGNVbE90STZpV3FZLTBJU0dZYzM0eDJTY0UxMGxWbkNpWl9rU2lET3JIbmhjQjV5bGdwSEtnWEtTU2dxb2M5OFh1T0t1dThIZUpudnR0NGlyZVNOdU81blN6eGtONF9KT25OdFcyVy1uaEt3N1FWQTh3UDAzT2pNcFNydGZUSFZqempoUlBLcFRXWG5LM0RpSGl4Z2pPMXVqTXNxR3BYSXY0UkxuaEZqR0E1TkNMS29hWGxVcEhIenljazRrUE1sZjlGeVNIeTBNNHdYMWNsbGtKVl9yaWd0cw?oc=5"" target=""_blank"">Reliance Power, Reliance Infra shares in focus after SEBI show cause notices; firms reply</a>&nbsp;&nbsp;<font color=""#6f6f6f"">Business Today</font>",https://news.google.com/rss/articles/CBMi6wFBVV95cUxOMkE3ZTF3VHZaNXhMNkFIR3djZHZnbnFyR3gzYmdmbmxTU1hEWWtvVWliSjg0U0ZNRFBRd1B5bG1KV2FhT01QLVp3Mkh2aWNZUTNfLW5RdmJabkloczNjRFJMMk1zbkpIY1haQ1ljX2RIM0RUWUFieUVJdEtoOGxLcEpkQmtlc0x6eC1IeVZoRk1PMkliQ0NuSXh1eC1GWFQ3VEUzOUY5azVsNUg5clozSW9QVGxXS3prcWFBUWYwdDltNG14T0JJdHpfaUt2OVNYV0pLMTlDZFppdmYySWpzZXJlVm4yUXhiM3lr0gHwAUFVX3lxTE9EcGNrSjVlRGQ5Q1ZTdzh0dGNVbE90STZpV3FZLTBJU0dZYzM0eDJTY0UxMGxWbkNpWl9rU2lET3JIbmhjQjV5bGdwSEtnWEtTU2dxb2M5OFh1T0t1dThIZUpudnR0NGlyZVNOdU81blN6eGtONF9KT25OdFcyVy1uaEt3N1FWQTh3UDAzT2pNcFNydGZUSFZqempoUlBLcFRXWG5LM0RpSGl4Z2pPMXVqTXNxR3BYSXY0UkxuaEZqR0E1TkNMS29hWGxVcEhIenljazRrUE1sZjlGeVNIeTBNNHdYMWNsbGtKVl9yaWd0cw?oc=5,Google News - Risk,RSS,0.7,"Tue, 07 Oct 2025 07:00:00 GMT",2026-09-01T22:46:06.731501+00:00,0.5267,BULLISH,1,1.0,0.36868999999999996
5f466e78bdeaf49b640b4253d37dc606d2fc4889034ff297c6abaff7f8fdadde,ED makes 3rd arrest in Reliance Power bogus bank guarantee case - Nagaland Tribune,"<a href=""https://news.google.com/rss/articles/CBMilgFBVV95cUxOMnNmQjA4S21IbUVzdmM1a01kc2JsS3hmbWlJRXJuYktsQ05hM09FZFB5VnhweW1JbVB2REp1YlgwUEswN2RNSFhaTzZ5bUhzNDRJa2lXVGttZDR5V1ZrNEU5amZwakl0UldQcTJHb2Y3UWFuaG1JMDUzcmlfTmpzb01uM05aMXVaTnRIajJjYkZ1dEpFTWc?oc=5"" target=""_blank"">ED makes 3rd arrest in Reliance Power bogus bank guarantee case</a>&nbsp;&nbsp;<font color=""#6f6f6f"">Nagaland Tribune</font>",https://news.google.com/rss/articles/CBMilgFBVV95cUxOMnNmQjA4S21IbUVzdmM1a01kc2JsS3hmbWlJRXJuYktsQ05hM09FZFB5VnhweW1JbVB2REp1YlgwUEswN2RNSFhaTzZ5bUhzNDRJa2lXVGttZDR5V1ZrNEU5amZwakl0UldQcTJHb2Y3UWFuaG1JMDUzcmlfTmpzb01uM05aMXVaTnRIajJjYkZ1dEpFTWc?oc=5,Google News - Risk,RSS,0.7,"Fri, 07 Nov 2025 08:00:00 GMT",2026-09-01T22:46:06.731494+00:00,-0.2023,BEARISH,1,1.0,-0.14160999999999999
72e56ea6c1c46f65622cb54807a34ff558dffa0dfe19bd18cba9db99207d9523,"ED Raids Against Reliance Power Ltd in Mumbai, Hyderabad - outlookbusiness.com","<a href=""https://news.google.com/rss/articles/CBMingFBVV95cUxOckM3SmpoUFo4aGNxaFhGMEZxUS03MElPazR0Q1U0cHMxWngxbWxLaGhlU2txMkU5S3lENS1aWDVTV1N3N200UlRuM1VFc2pnTi04R2xyNHJwTzJoWWxxRXRidHpSdk5sd3JpbnpOTGExT0VmbGVjM3NNSnNHT1NhYjVzM2VfS29FTUhZd1BsZmFadGtHY25oODBHbmxIQdIBqwFBVV95cUxPMDZwdTUxaG5CUmN2SjRZaTg3a2FJZ3VRQjRUUEJ5WkEwRjdWZDk1OFloMkM3LVNjRGtsbWM3WUdfMWRLT3pyNmZPVy1sQ2RsenJvUGlFYU9RMDgxZ0UxWkVIZE5CQ0RDV3dPQ1kwc1plc21EU0xvS1B4WVhIQk5NbkZ2ODEwcXQ5SjliVHZXeDZmV3N5ZEkwWkpnNWFqaDFxa1dkNWtpcjV4U0E?oc=5"" target=""_blank"">ED Raids Against Reliance Power Ltd in Mumbai, Hyderabad</a>&nbsp;&nbsp;<font color=""#6f6f6f"">outlookbusiness.com</font>",https://news.google.com/rss/articles/CBMingFBVV95cUxOckM3SmpoUFo4aGNxaFhGMEZxUS03MElPazR0Q1U0cHMxWngxbWxLaGhlU2txMkU5S3lENS1aWDVTV1N3N200UlRuM1VFc2pnTi04R2xyNHJwTzJoWWxxRXRidHpSdk5sd3JpbnpOTGExT0VmbGVjM3NNSnNHT1NhYjVzM2VfS29FTUhZd1BsZmFadGtHY25oODBHbmxIQdIBqwFBVV95cUxPMDZwdTUxaG5CUmN2SjRZaTg3a2FJZ3VRQjRUUEJ5WkEwRjdWZDk1OFloMkM3LVNjRGtsbWM3WUdfMWRLT3pyNmZPVy1sQ2RsenJvUGlFYU9RMDgxZ0UxWkVIZE5CQ0RDV3dPQ1kwc1plc21EU0xvS1B4WVhIQk5NbkZ2ODEwcXQ5SjliVHZXeDZmV3N5ZEkwWkpnNWFqaDFxa1dkNWtpcjV4U0E?oc=5,Google News - Risk,RSS,0.7,"Fri, 06 Mar 2026 08:00:00 GMT",2026-09-01T22:46:06.731486+00:00,0.0,NEUTRAL,1,1.0,0.0
e96365dfc635a3ace86d1ebeb861de27909ac7a97b0fd546e2d622031c06233c,"Probe Agency Raids Locations Connected To Reliance Power In Mumbai, Hyderabad - NDTV","<a href=""https://news.google.com/rss/articles/CBMiqgFBVV95cUxQZU9LbTZuQzI3U1lYRlEzMlVIN1UzWFYzMk84S3czTi1JUzljX25qdTRLZzdySkJNeEdzT1BFRlc1eGZuZG9MTXl2UGgtSmk2TVRyNnhiNXJxc1YwdWhwdzljZW1jbFl2Qk9VMTBURVZvZ3BYZ2gySUtMaHlHWUp5OHAyMGd1VEUxRTNRVll4YVRRdFctZEhtZlVhZE8xVVY4OUZfSXBuQmt4Z9IBsgFBVV95cUxQZExtMnlBZlc2YlYzVlQyWVFIUDlmTlQ1eWw5eWhRQzJGTmh1RFFSS3ZvbHJmUjRWeVA1alFxbThDYlVmamNHOV9Ma2hWRlFzQ2V2ODRjRWFsc0RLaTNvM2JoOEhXV2NXQlpmdGluaFktUXh1WU9obC1xZ01BOG9WS0U3QlBzYWFpN1czN3dLVWFiYWhqYXV3a3dXVkpIb2o5dFl1TUNTamc3WjY0dlZUdmNn?oc=5"" target=""_blank"">Probe Agency Raids Locations Connected To Reliance Power In Mumbai, Hyderabad</a>&nbsp;&nbsp;<font color=""#6f6f6f"">NDTV</font>",https://news.google.com/rss/articles/CBMiqgFBVV95cUxQZU9LbTZuQzI3U1lYRlEzMlVIN1UzWFYzMk84S3czTi1JUzljX25qdTRLZzdySkJNeEdzT1BFRlc1eGZuZG9MTXl2UGgtSmk2TVRyNnhiNXJxc1YwdWhwdzljZW1jbFl2Qk9VMTBURVZvZ3BYZ2gySUtMaHlHWUp5OHAyMGd1VEUxRTNRVll4YVRRdFctZEhtZlVhZE8xVVY4OUZfSXBuQmt4Z9IBsgFBVV95cUxQZExtMnlBZlc2YlYzVlQyWVFIUDlmTlQ1eWw5eWhRQzJGTmh1RFFSS3ZvbHJmUjRWeVA1alFxbThDYlVmamNHOV9Ma2hWRlFzQ2V2ODRjRWFsc0RLaTNvM2JoOEhXV2NXQlpmdGluaFktUXh1WU9obC1xZ01BOG9WS0U3QlBzYWFpN1czN3dLVWFiYWhqYXV3a3dXVkpIb2o5dFl1TUNTamc3WjY0dlZUdmNn?oc=5,Google News - Company,RSS,0.7,"Fri, 06 Mar 2026 08:00:00 GMT",2026-09-01T22:46:04.767203+00:00,0.0,NEUTRAL,1,1.0,0.0
3f225141744eef8b8ff7a7f98c560e6389e26046cb0e29bb11d5b088894cfd3d,"Reliance Power Standalone June 2026 Net Sales at Rs 0.20 crore, down 60.78% Y-o-Y - Moneycontrol.com","<a href=""https://news.google.com/rss/articles/CBMi3gFBVV95cUxQV0lEaUZWQ3pkMF9YYnFjdjVtWlVPRTd2bGI1LXJkVVNrb2tjaFVnVzVPb1MwaXZiRkxUVVJxRG9sVUdxUzB1UENJYS1vVS1ybjJFTE84eGQ5MUkxR0h5bkN4QXVzMnJMLTZLSExUb19xUkZpZEx0T05QeWtlWWczdHptbXh3QjZQWDd4a3pFckNfNlFlM2tJNzlqcTJmb002SlZRaVduTkJjUnBiUTh4TTFXajMwM0F3R19QU3NfTjROVmxuQzh3alo0ZWswbzNPV2VZRklZNTVSRWpZeUHSAeMBQVVfeXFMUDRJODdjaVA4ZUtrakhPS0pNZVdBQkMwSm90YTV2b2FDTVBaYmRXOFBiSTM0SllPT3ZXWlczZVpzMFlTSmpGVzN1aWJoejJfczNTOWJhbV9QMTM3XzFqczNFZk5TQXdCX1otRXZya0JTSzkzT2pCUnhmdFFHMUhKSk9yRE1YX0cwdEktREhpenZQVzZnQ0tjTkFMMFZ1REVLamRlckxaQjZwMS00RTBrZGNJalVvNzU2angzU0VoSWl2SDE2RHlxSHNlUWNRc1VJUlRpY01CVzNiMWQzYVB5NlpVUjA?oc=5"" target=""_blank"">Reliance Power Standalone June 2026 Net Sales at Rs 0.20 crore, down 60.78% Y-o-Y</a>&nbsp;&nbsp;<font color=""#6f6f6f"">Moneycontrol.com</font>",https://news.google.com/rss/articles/CBMi3gFBVV95cUxQV0lEaUZWQ3pkMF9YYnFjdjVtWlVPRTd2bGI1LXJkVVNrb2tjaFVnVzVPb1MwaXZiRkxUVVJxRG9sVUdxUzB1UENJYS1vVS1ybjJFTE84eGQ5MUkxR0h5bkN4QXVzMnJMLTZLSExUb19xUkZpZEx0T05QeWtlWWczdHptbXh3QjZQWDd4a3pFckNfNlFlM2tJNzlqcTJmb002SlZRaVduTkJjUnBiUTh4TTFXajMwM0F3R19QU3NfTjROVmxuQzh3alo0ZWswbzNPV2VZRklZNTVSRWpZeUHSAeMBQVVfeXFMUDRJODdjaVA4ZUtrakhPS0pNZVdBQkMwSm90YTV2b2FDTVBaYmRXOFBiSTM0SllPT3ZXWlczZVpzMFlTSmpGVzN1aWJoejJfczNTOWJhbV9QMTM3XzFqczNFZk5TQXdCX1otRXZya0JTSzkzT2pCUnhmdFFHMUhKSk9yRE1YX0cwdEktREhpenZQVzZnQ0tjTkFMMFZ1REVLamRlckxaQjZwMS00RTBrZGNJalVvNzU2angzU0VoSWl2SDE2RHlxSHNlUWNRc1VJUlRpY01CVzNiMWQzYVB5NlpVUjA?oc=5,Google News - Company,RSS,0.7,"Wed, 12 Aug 2026 07:00:00 GMT",2026-09-01T22:46:04.767097+00:00,0.0,NEUTRAL,1,1.0,0.0
319c2eae259c313f90cd8a2ad76c9e9f2cec34c4d8a4bce974c4030b1f7a3f78,Reliance Power Shares Surge 18% as AI Push Sparks Rally; Stock Extends Gains for Second Day - India Infoline,"<a href=""https://news.google.com/rss/articles/CBMizwFBVV95cUxOdzJtVlZSS3Nha3JzRzhkM3VwSE9Mcms3U2RiQU95MDdjR0F3LWI2N2Ffd0I3WlpIOXpsLUxQTmRNeXVLQzBLTzhIMmVhTUt3NG1QOVluOXJjTURNSGNGaWFzUXZlU09pdmt2aGp4UlZaYVNHVVNMUEhhQk5HdU8taWZqemxUVlZEbWI0akxXZ01keTNqV3kwUG5ORlE2TGFhYTNFNFdaSWE2TVU1MU5qdTdUdnkwWGVNdmNpYUdRa2pNMlhvbUdSRWZJZ0VwcWc?oc=5"" target=""_blank"">Reliance Power Shares Surge 18% as AI Push Sparks Rally; Stock Extends Gains for Second Day</a>&nbsp;&nbsp;<font color=""#6f6f6f"">India Infoline</font>",https://news.google.com/rss/articles/CBMizwFBVV95cUxOdzJtVlZSS3Nha3JzRzhkM3VwSE9Mcms3U2RiQU95MDdjR0F3LWI2N2Ffd0I3WlpIOXpsLUxQTmRNeXVLQzBLTzhIMmVhTUt3NG1QOVluOXJjTURNSGNGaWFzUXZlU09pdmt2aGp4UlZaYVNHVVNMUEhhQk5HdU8taWZqemxUVlZEbWI0akxXZ01keTNqV3kwUG5ORlE2TGFhYTNFNFdaSWE2TVU1MU5qdTdUdnkwWGVNdmNpYUdRa2pNMlhvbUdSRWZJZ0VwcWc?oc=5,Google News - Company,RSS,0.7,"Wed, 01 Jul 2026 07:00:00 GMT",2026-09-01T22:46:04.767105+00:00,0.9480999999999999,BULLISH,1,1.0,0.6636699999999999
2e9de0dd4c6b58554ec287a56613c5817f4a1e88c2a4c12de4e1bf08a48befdf,"Stocks to watch, August 7: Titan, SBI, Hindustan Copper, LIC, Britannia, Hindalco, Dabur, Reliance Power - Upstox","<a href=""https://news.google.com/rss/articles/CBMi6gFBVV95cUxNOGdVbVlOOWZYQktEa3RTdGV3clljTFp1RkFrRWRhLVdYS3h5cEtqdHY0RGdBWGRGNkJGd1RfNGZJV1BRbUtQS0paNFhzSHhiRWVObm5DVDE5OXY3SXlFMU1uX1YwY0o0djVSUmIxTUotT3RCMXNDZE1hRThhVjNuQW9NZ0gwcmtaNHlhQWlvQWVlbmgweEpGMW5RWnota0Q2QnRvdF9wLXM1QUtzSUVDNjMtQkRjYm1hOWRaaWp4UUV5aW9DYXlTNnRua2RJV0ZHTFhpRG14RFRZRElTT2NoNFpDTUxmTWlBdlE?oc=5"" target=""_blank"">Stocks to watch, August 7: Titan, SBI, Hindustan Copper, LIC, Britannia, Hindalco, Dabur, Reliance Power</a>&nbsp;&nbsp;<font color=""#6f6f6f"">Upstox</font>",https://news.google.com/rss/articles/CBMi6gFBVV95cUxNOGdVbVlOOWZYQktEa3RTdGV3clljTFp1RkFrRWRhLVdYS3h5cEtqdHY0RGdBWGRGNkJGd1RfNGZJV1BRbUtQS0paNFhzSHhiRWVObm5DVDE5OXY3SXlFMU1uX1YwY0o0djVSUmIxTUotT3RCMXNDZE1hRThhVjNuQW9NZ0gwcmtaNHlhQWlvQWVlbmgweEpGMW5RWnota0Q2QnRvdF9wLXM1QUtzSUVDNjMtQkRjYm1hOWRaaWp4UUV5aW9DYXlTNnRua2RJV0ZHTFhpRG14RFRZRElTT2NoNFpDTUxmTWlBdlE?oc=5,Google News - Company,RSS,0.7,"Thu, 06 Aug 2026 07:00:00 GMT",2026-09-01T22:46:04.767113+00:00,0.0,NEUTRAL,1,1.0,0.0
4282bad7d60197f05119e3257c5564afe19e96517740669c9ed8016e4049e243,Insolvency sword hanging over Reliance Power - Insolvency Tracker,"<a href=""https://news.google.com/rss/articles/CBMijgFBVV95cUxQaTIwa2pvNmtpenQtekd0bkVMc0ZMckhkamJVNTNPWW1QMGl6OWQtU1pwcTAxTjM5bFZXb3dvSEd4M0ZueVZYZ005eFVscHlJX3JPUnROQlN3Q1I5YWZzVmN3UENNNmlTSDZIbDBheVhfcXdhR2NISjV0TmFPaEdIR0pkZE12NWZtTW90Zm5B?oc=5"" target=""_blank"">Insolvency sword hanging over Reliance Power</a>&nbsp;&nbsp;<font color=""#6f6f6f"">Insolvency Tracker</font>",https://news.google.com/rss/articles/CBMijgFBVV95cUxQaTIwa2pvNmtpenQtekd0bkVMc0ZMckhkamJVNTNPWW1QMGl6OWQtU1pwcTAxTjM5bFZXb3dvSEd4M0ZueVZYZ005eFVscHlJX3JPUnROQlN3Q1I5YWZzVmN3UENNNmlTSDZIbDBheVhfcXdhR2NISjV0TmFPaEdIR0pkZE12NWZtTW90Zm5B?oc=5,Google News - Company,RSS,0.7,"Fri, 24 Jul 2026 07:00:00 GMT",2026-09-01T22:46:04.767120+00:00,0.0,NEUTRAL,1,1.0,0.0
84edaae17b7c86907f1ac3d71c611bd67e7fedf3e522aa531868395326549547,ED raids people linked to Reliance Power Ltd; company denies claim - ETLegalWorld.com,"<a href=""https://news.google.com/rss/articles/CBMi4AFBVV95cUxNekthSjRYRTF3b184a2ROVDZKS2JtZHJObk1DOE1xbnRlUmZOR09GQ1J4T0dLS3BJdDJxLWQ4QXN3d0thY0QxSlFnckdlRGs0cVZqaFA0VnlFa1kxWklmOUludmt3N0hSUDFSVmcydUMza3d6LS1KX2hBeFRxQTFFMnZXeGZQUVdmVFVBMnljZ1N0TmpJekliT2QyTVhydWJicU1ia1BQeEM2V1VjS3I2c1FGVUZYLXpBZWQtNGxId3h2LU56bHNfYXNVUUgzSFBva2RheXYzaUhoZ3dMazhnYdIB5gFBVV95cUxQb1VYNElHZGZ6V0xZWHhOYlZPVlZibE5tcXlLeXM1THM3RGltM0Q2SzZzczdZWnlfR19tRUhMTEhVczNLWFdaaV9hQWdpSlM1RzUzTEh2UHFHb0NaeXJKbjdyOXd1ZHd5U3VSTzdXdkdIdjNESW92QW9VNEtQdnFwQXlTQjgxcENjek5oMWhUT2ZmeE9PMGNQMldXbVhvUTZKZVd3dmRwSHlsRHE1M3UtTXluTTFXYUF4S0E5WlFDY3FzbDR3QjhvWVdvdzg5MEF3Q2p0Ymc3OVpXeFNMQ1ljcHlTZkE1Zw?oc=5"" target=""_blank"">ED raids people linked to Reliance Power Ltd; company denies claim</a>&nbsp;&nbsp;<font color=""#6f6f6f"">ETLegalWorld.com</font>",https://news.google.com/rss/articles/CBMi4AFBVV95cUxNekthSjRYRTF3b184a2ROVDZKS2JtZHJObk1DOE1xbnRlUmZOR09GQ1J4T0dLS3BJdDJxLWQ4QXN3d0thY0QxSlFnckdlRGs0cVZqaFA0VnlFa1kxWklmOUludmt3N0hSUDFSVmcydUMza3d6LS1KX2hBeFRxQTFFMnZXeGZQUVdmVFVBMnljZ1N0TmpJekliT2QyTVhydWJicU1ia1BQeEM2V1VjS3I2c1FGVUZYLXpBZWQtNGxId3h2LU56bHNfYXNVUUgzSFBva2RheXYzaUhoZ3dMazhnYdIB5gFBVV95cUxQb1VYNElHZGZ6V0xZWHhOYlZPVlZibE5tcXlLeXM1THM3RGltM0Q2SzZzczdZWnlfR19tRUhMTEhVczNLWFdaaV9hQWdpSlM1RzUzTEh2UHFHb0NaeXJKbjdyOXd1ZHd5U3VSTzdXdkdIdjNESW92QW9VNEtQdnFwQXlTQjgxcENjek5oMWhUT2ZmeE9PMGNQMldXbVhvUTZKZVd3dmRwSHlsRHE1M3UtTXluTTFXYUF4S0E5WlFDY3FzbDR3QjhvWVdvdzg5MEF3Q2p0Ymc3OVpXeFNMQ1ljcHlTZkE1Zw?oc=5,Google News - Company,RSS,0.7,"Sat, 07 Mar 2026 08:00:00 GMT",2026-09-01T22:46:04.767127+00:00,-0.6808,BEARISH,1,1.0,-0.47655999999999993
0a77bab29c6dab12a1f39cff6b9099f8b04a2178f4cf292edd3a4a2b6e24ddfd,"Reliance Power Surges 18% After Eyeing Foray Into AI, New-Age Tech - HDFC Sky","<a href=""https://news.google.com/rss/articles/CBMiigFBVV95cUxOX0R6c2Fwd3VNMElSZnMzZVJZVkdncnd2bm5aeXFyREtJZ0p3TVpoX195QlFSQ2lxTmlJNUdPRUxnWEFSLTdFb25PMlVoSjR6SW9obktScVZzYlJXd2szbmZFQXZBWTFtcTVDYnpjcWpJclFQRXI2M1pDaVI2RUpZQ0ZMZnRNdGU0eUE?oc=5"" target=""_blank"">Reliance Power Surges 18% After Eyeing Foray Into AI, New-Age Tech</a>&nbsp;&nbsp;<font color=""#6f6f6f"">HDFC Sky</font>",https://news.google.com/rss/articles/CBMiigFBVV95cUxOX0R6c2Fwd3VNMElSZnMzZVJZVkdncnd2bm5aeXFyREtJZ0p3TVpoX195QlFSQ2lxTmlJNUdPRUxnWEFSLTdFb25PMlVoSjR6SW9obktScVZzYlJXd2szbmZFQXZBWTFtcTVDYnpjcWpJclFQRXI2M1pDaVI2RUpZQ0ZMZnRNdGU0eUE?oc=5,Google News - Company,RSS,0.7,"Wed, 01 Jul 2026 07:00:00 GMT",2026-09-01T22:46:04.767134+00:00,0.05,NEUTRAL,1,1.0,0.034999999999999996
d1dc4c1313821babb15838bf0a3a9414e8fd91683c36e647bf54031e8310995b,Reliance Power promoters confirm no encumbrance on shares - scanx.trade,"<a href=""https://news.google.com/rss/articles/CBMitAFBVV95cUxNM2RjZFRycHluTVJqZC1PMHIyOFZyaTNJU3JXN285WDlXalM4Y2ZFdGZzY1Z3Zmd3Qnk5V3hCY3d2SG1yRlE4VUJzNWNzV09DREFxa3JyblFXV29hVW1Wd05zWmlEYVZiMzY1elh0eTNQN1RucFExMHp0TEJfbmV4Y25OT044cUw0Q015Um5UT19VY21STkhGWURGalJtcVpieXN4dHE4UUJGelE0Vl8ycmJIZE0?oc=5"" target=""_blank"">Reliance Power promoters confirm no encumbrance on shares</a>&nbsp;&nbsp;<font color=""#6f6f6f"">scanx.trade</font>",https://news.google.com/rss/articles/CBMitAFBVV95cUxNM2RjZFRycHluTVJqZC1PMHIyOFZyaTNJU3JXN285WDlXalM4Y2ZFdGZzY1Z3Zmd3Qnk5V3hCY3d2SG1yRlE4VUJzNWNzV09DREFxa3JyblFXV29hVW1Wd05zWmlEYVZiMzY1elh0eTNQN1RucFExMHp0TEJfbmV4Y25OT044cUw0Q015Um5UT19VY21STkhGWURGalJtcVpieXN4dHE4UUJGelE0Vl8ycmJIZE0?oc=5,Google News - Company,RSS,0.7,"Thu, 09 Jul 2026 21:12:47 GMT",2026-09-01T22:46:04.767142+00:00,-0.296,BEARISH,1,1.0,-0.20719999999999997
be1e41bc172f4f1dc7a770e6f08ee131e17a86e244e416a9a1c9edfcc2c73d83,"Reliance Power Ltd spurts 1.24%, up for five straight sessions - Business Standard","<a href=""https://news.google.com/rss/articles/CBMi2gFBVV95cUxOc0x0M19ZRFhpVkhhSHpScEFTTWszaTVyZk1LWnh6NnpQVHRDblY3ZW5MazB2aTJuc2tVTE9UVU0wdnBtT2Q1TnE5V2Z5YWxzT19MN1A2bHhHVmJOQnF4V1BsTzNPNnRPb2o1ZGcwazZDS1dfOHkxcWxSRFpwaEhGM3dKZ2FNWTlkM2pNX2g3aGdLc0p2bzBoVy12WXc4MFQ3M0VSSDdqN3hfSUs4ZGtIZHRjRzJDYTFZTmZzMTcwdGpYRU1lTDZZZ3ZPU2IyVFFVX1pjRFo5aFRBQdIB3wFBVV95cUxOTnpmbkYtOWdtSFB0NkRnZDJoUVFLT0s1ZXFLLWxUX1MwclJCcVJaZ1R1bGNrQ2YyU0tGWEdXdlYtOEFIWlVWQWpGYjRjTDZfeks1LWZEWHlYOF83eXdwcW55U1FLdnlkT29UdGFCYXJ4M1Y0cE5RMWVpZmlBemRyanFKbnRLM05YR1c2U3Y2eU15TUFlZWpFZHQwWGpZLXNrNVhHTmVUbmMzakFTOHJ6LUYxekVXUDJHVmJESUxBcHhlWlFWR3hFVnVyOVdaSE5hNGVLSmJlQ1BhS05HZ3A0?oc=5"" target=""_blank"">Reliance Power Ltd spurts 1.24%, up for five straight sessions</a>&nbsp;&nbsp;<font color=""#6f6f6f"">Business Standard</font>",https://news.google.com/rss/articles/CBMi2gFBVV95cUxOc0x0M19ZRFhpVkhhSHpScEFTTWszaTVyZk1LWnh6NnpQVHRDblY3ZW5MazB2aTJuc2tVTE9UVU0wdnBtT2Q1TnE5V2Z5YWxzT19MN1A2bHhHVmJOQnF4V1BsTzNPNnRPb2o1ZGcwazZDS1dfOHkxcWxSRFpwaEhGM3dKZ2FNWTlkM2pNX2g3aGdLc0p2bzBoVy12WXc4MFQ3M0VSSDdqN3hfSUs4ZGtIZHRjRzJDYTFZTmZzMTcwdGpYRU1lTDZZZ3ZPU2IyVFFVX1pjRFo5aFRBQdIB3wFBVV95cUxOTnpmbkYtOWdtSFB0NkRnZDJoUVFLT0s1ZXFLLWxUX1MwclJCcVJaZ1R1bGNrQ2YyU0tGWEdXdlYtOEFIWlVWQWpGYjRjTDZfeks1LWZEWHlYOF83eXdwcW55U1FLdnlkT29UdGFCYXJ4M1Y0cE5RMWVpZmlBemRyanFKbnRLM05YR1c2U3Y2eU15TUFlZWpFZHQwWGpZLXNrNVhHTmVUbmMzakFTOHJ6LUYxekVXUDJHVmJESUxBcHhlWlFWR3hFVnVyOVdaSE5hNGVLSmJlQ1BhS05HZ3A0?oc=5,Google News - Company,RSS,0.7,"Thu, 06 Aug 2026 07:00:00 GMT",2026-09-01T22:46:04.767149+00:00,0.4215,BULLISH,1,1.0,0.29505
7048d4786059ba236c89f05d9e0a648706ea4e8e10f7b1a8d86d9b41d97f9550,Reliance Power - Concurrent Losers: 11 stocks decline for 5 consecutive sessions - The Economic Times,"<a href=""https://news.google.com/rss/articles/CBMi4wFBVV95cUxNbk5RWVZJUUVOckcyZ192OWVnTnJBdS1sTHgyX0xCYUhBRVVRVVdlTE1TdHpybE9OOThCVC14Vk1LRG5oWGtacUM1bVE3MEtOTzNnNlpMdVB2eGZ0dllveC1iN2VoR2p2SC1LRnIxV2FyTjgwNzdTRDZ5dHN1RmVDS0ZyN2pNeVF1eXhoWjBXQXZkN0xVanV4UFJYZUwzOWYzaUc1QnBrYXhJdU1fdEZxLXA0Q244T09ySHc5cWtNVHpYVk1tWW9IaWJPVEhZZXVUQlNjNEUtYUc1ckc3bmtxdFYxSQ?oc=5"" target=""_blank"">Reliance Power - Concurrent Losers: 11 stocks decline for 5 consecutive sessions</a>&nbsp;&nbsp;<font color=""#6f6f6f"">The Economic Times</font>",https://news.google.com/rss/articles/CBMi4wFBVV95cUxNbk5RWVZJUUVOckcyZ192OWVnTnJBdS1sTHgyX0xCYUhBRVVRVVdlTE1TdHpybE9OOThCVC14Vk1LRG5oWGtacUM1bVE3MEtOTzNnNlpMdVB2eGZ0dllveC1iN2VoR2p2SC1LRnIxV2FyTjgwNzdTRDZ5dHN1RmVDS0ZyN2pNeVF1eXhoWjBXQXZkN0xVanV4UFJYZUwzOWYzaUc1QnBrYXhJdU1fdEZxLXA0Q244T09ySHc5cWtNVHpYVk1tWW9IaWJPVEhZZXVUQlNjNEUtYUc1ckc3bmtxdFYxSQ?oc=5,Google News - Company,RSS,0.7,"Sat, 15 Aug 2026 07:00:00 GMT",2026-09-01T22:46:04.767173+00:00,-0.7783,BEARISH,1,1.0,-0.5448099999999999
d47407221c371929734582b249f5f9af125c6463f77e13ddb5c1904dc9ebac45,Reliance Power Ltd gains for third straight session - Business Standard,"<a href=""https://news.google.com/rss/articles/CBMizgFBVV95cUxQWktIMExCWFktZUJKa2ZZSXpzUll6UExqTzN3U3pFQVlWazctV1M5SHk1NGxtaTRUSFBFTGRZM3p5dnNsRHNtRWlINUJOMGcxZlZ5ZHE5Y3h4a0dSVF9YTDZvb0Z4Sk11dVlHaDNGd0J3UFVEako3QktTNXgwSlRFRElEdHgxZzh4NDF2QmwtekJ1WGhRQy1renJPVGpYZFNNUUdUS2ZFMTMzcUlZWVNjVEYxNG1OYXQyeUJkNzdBSDliYkFBX21vYk10dW1nZ9IB0wFBVV95cUxQbTRxaHRpXzNxWlhxa0pyTTVNYVdIV0RxdlVKTVVyTTVSd3Z3S2ptUVM1QVd6WGVBYUlZSV9RNHpxc0I2b0VUR2N1anlaZ1dKcDNGTWRmT3NQVkR5WHVWWHNTS05ZajNxXzF1Z04tXzAybFBvM3J1bEFncXBXVzRzMUxveWN4Yl9VQVB4emxYWjcxZTlYMmdWeXVuc1prNWZBc2trOWprOWFEOVh5OFhmUFlHRkVwQlhZbnFMVHFTY2JXNWpNREdkSWE3MUd0ZU5VQS1n?oc=5"" target=""_blank"">Reliance Power Ltd gains for third straight session</a>&nbsp;&nbsp;<font color=""#6f6f6f"">Business Standard</font>",https://news.google.com/rss/articles/CBMizgFBVV95cUxQWktIMExCWFktZUJKa2ZZSXpzUll6UExqTzN3U3pFQVlWazctV1M5SHk1NGxtaTRUSFBFTGRZM3p5dnNsRHNtRWlINUJOMGcxZlZ5ZHE5Y3h4a0dSVF9YTDZvb0Z4Sk11dVlHaDNGd0J3UFVEako3QktTNXgwSlRFRElEdHgxZzh4NDF2QmwtekJ1WGhRQy1renJPVGpYZFNNUUdUS2ZFMTMzcUlZWVNjVEYxNG1OYXQyeUJkNzdBSDliYkFBX21vYk10dW1nZ9IB0wFBVV95cUxQbTRxaHRpXzNxWlhxa0pyTTVNYVdIV0RxdlVKTVVyTTVSd3Z3S2ptUVM1QVd6WGVBYUlZSV9RNHpxc0I2b0VUR2N1anlaZ1dKcDNGTWRmT3NQVkR5WHVWWHNTS05ZajNxXzF1Z04tXzAybFBvM3J1bEFncXBXVzRzMUxveWN4Yl9VQVB4emxYWjcxZTlYMmdWeXVuc1prNWZBc2trOWprOWFEOVh5OFhmUFlHRkVwQlhZbnFMVHFTY2JXNWpNREdkSWE3MUd0ZU5VQS1n?oc=5,Google News - Company,RSS,0.7,"Tue, 16 Jun 2026 07:00:00 GMT",2026-09-01T22:46:04.767180+00:00,0.765,BULLISH,1,1.0,0.5355
1b6c448933863bf7b6f4e74dd463c3434c88ccc0c7a1e9c7a90d97f58210201d,"Reliance Power shares soar 18%, snap 4-day losing streak. What’s triggering the sharp surge? - The Economic Times","<a href=""https://news.google.com/rss/articles/CBMi8wFBVV95cUxOSm44OHktc2hKaHJTd2ZsdnFVTEhjOGs4NWJ6WEt2M0E5bkJfR3hMcWpEVjY0ZFluSzFhOGs2aFNRTlBHVlk5Y2Z2T19pOUNDOXJaQ2FhN2xBSy1jVU9qRDBlYXRGU2dKZjVaM3ZYbEhrcDVqVWFYYUxxSUZtYUxEeklaSVB5dGRyb2pyWmlhcEpEelZPMnNQeHpTVXVDYVcxSzhoMS1HYkI0ZjBwVkhRZGkwS0xaUmtKY0phZXBORm15cURZNzFFQnBKX290OFpPY2F2bmFaQ0xEcDU1dHQwQzFHVF9GcGhpdm1Ec3JUWEh1WDTSAfgBQVVfeXFMTWpKREg0MGxSZkYwQi1VRFA1OU1sQ1RjN2R5R0h1WTd6U0RDSzRDS3JGZWFfaHFrQ25tcmpSSFFnOU5xekdLWjA1TXBPUGxoMDdVaUlRNVRrRmRMLUR1U2xtX21RRWc2eEZBX3ZuV3E5b2RKTENTWG9NSWtLWmVXWXhtelVPdFpZck9RZUsydlZnSllNM1V0cVhrZFJWZ0xaVU5lQlJsRWhya3F6bHFLQlVTVC1meHhiOUZORTZpVzNtdlNOWGNVME53WmRDaFdGRkhfT0lUYWsxLXVlQ3BaRE5DUFRUZC1wRVJmOXgydFZSb09mTDMxdTg?oc=5"" target=""_blank"">Reliance Power shares soar 18%, snap 4-day losing streak. What’s triggering the sharp surge?</a>&nbsp;&nbsp;<font color=""#6f6f6f"">The Economic Times</font>",https://news.google.com/rss/articles/CBMi8wFBVV95cUxOSm44OHktc2hKaHJTd2ZsdnFVTEhjOGs4NWJ6WEt2M0E5bkJfR3hMcWpEVjY0ZFluSzFhOGs2aFNRTlBHVlk5Y2Z2T19pOUNDOXJaQ2FhN2xBSy1jVU9qRDBlYXRGU2dKZjVaM3ZYbEhrcDVqVWFYYUxxSUZtYUxEeklaSVB5dGRyb2pyWmlhcEpEelZPMnNQeHpTVXVDYVcxSzhoMS1HYkI0ZjBwVkhRZGkwS0xaUmtKY0phZXBORm15cURZNzFFQnBKX290OFpPY2F2bmFaQ0xEcDU1dHQwQzFHVF9GcGhpdm1Ec3JUWEh1WDTSAfgBQVVfeXFMTWpKREg0MGxSZkYwQi1VRFA1OU1sQ1RjN2R5R0h1WTd6U0RDSzRDS3JGZWFfaHFrQ25tcmpSSFFnOU5xekdLWjA1TXBPUGxoMDdVaUlRNVRrRmRMLUR1U2xtX21RRWc2eEZBX3ZuV3E5b2RKTENTWG9NSWtLWmVXWXhtelVPdFpZck9RZUsydlZnSllNM1V0cVhrZFJWZ0xaVU5lQlJsRWhya3F6bHFLQlVTVC1meHhiOUZORTZpVzNtdlNOWGNVME53WmRDaFdGRkhfT0lUYWsxLXVlQ3BaRE5DUFRUZC1wRVJmOXgydFZSb09mTDMxdTg?oc=5,Google News - Company,RSS,0.7,"Wed, 01 Jul 2026 07:00:00 GMT",2026-09-01T22:46:04.767088+00:00,-0.277,BEARISH,1,1.0,-0.19390000000000002
500ea65351d9107c0453cf0c8ce74ba08c6e7672c8546ff791bde5cd8092fc0b,"Stocks to watch: SBI, Titan, LIC, Reliance Power, Swan Defence & Britannia - Business Standard","<a href=""https://news.google.com/rss/articles/CBMi2wFBVV95cUxQdm42eFlOekNDc1FtRURQT1FhZGFPdC0yaXdmeDEwLWYxeWNmREN6NE55MVU2T18td25QZmlMNVBETVhjUTZLLW5rNUZTb0Q2dlJYRkktRlVwS1RKQkJhaFE0SnNkaC1ReTBvNHpQY3RWeHJFWjFCOS1OQzc3Wm0takMtWW9QT1NyQkctQmJnVG1HN01qVXRETGl2ZlRXU09YMFgyZmQ3THBDMTk4eWpCbkd2bWJnRzFCUnEtYjB5VmZDbmZBVjlLd3NLX0ExbERkYlJOVTBnMzdkVjDSAeABQVVfeXFMTUxRblJ2aU1NRERGVG1iRTF1RWdlVF9QTEdGYkJ1cUxsYXFiR3pPckR4aFNSQ0ppZ0dFRTlwQUlzb3BtZDRmbUdQZmVHOF93YzAzYThnTU05aGJKc2xkaThNT3pIWEpSbllMMGd6VWxISkZsNVBYZi1CZUl1dXZ5blRtblVNc0lfR2tTc095NFRndTdHY2Z3YTVpZkwzVXpQVkJZWkpCMmhmeXdYdWFLTUZXQ2p2U1p4WUNTSlczakRCRDYtYU5CUllJa3lLZy1McGF2Ynd3UmYyTmRoRUxwSEs?oc=5"" target=""_blank"">Stocks to watch: SBI, Titan, LIC, Reliance Power, Swan Defence & Britannia</a>&nbsp;&nbsp;<font color=""#6f6f6f"">Business Standard</font>",https://news.google.com/rss/articles/CBMi2wFBVV95cUxQdm42eFlOekNDc1FtRURQT1FhZGFPdC0yaXdmeDEwLWYxeWNmREN6NE55MVU2T18td25QZmlMNVBETVhjUTZLLW5rNUZTb0Q2dlJYRkktRlVwS1RKQkJhaFE0SnNkaC1ReTBvNHpQY3RWeHJFWjFCOS1OQzc3Wm0takMtWW9QT1NyQkctQmJnVG1HN01qVXRETGl2ZlRXU09YMFgyZmQ3THBDMTk4eWpCbkd2bWJnRzFCUnEtYjB5VmZDbmZBVjlLd3NLX0ExbERkYlJOVTBnMzdkVjDSAeABQVVfeXFMTUxRblJ2aU1NRERGVG1iRTF1RWdlVF9QTEdGYkJ1cUxsYXFiR3pPckR4aFNSQ0ppZ0dFRTlwQUlzb3BtZDRmbUdQZmVHOF93YzAzYThnTU05aGJKc2xkaThNT3pIWEpSbllMMGd6VWxISkZsNVBYZi1CZUl1dXZ5blRtblVNc0lfR2tTc095NFRndTdHY2Z3YTVpZkwzVXpQVkJZWkpCMmhmeXdYdWFLTUZXQ2p2U1p4WUNTSlczakRCRDYtYU5CUllJa3lLZy1McGF2Ynd3UmYyTmRoRUxwSEs?oc=5,Google News - Company,RSS,0.7,"Fri, 07 Aug 2026 07:00:00 GMT",2026-09-01T22:46:04.767078+00:00,0.2023,BULLISH,1,1.0,0.14160999999999999
52af2e9a35f83dc3863471668cc223308fb3551c84e82a62dc7da2e8ecb194c2,Reliance Power shares fall over 4% after ED files chargesheet in fake bank guarantee case - The Economic Times,"<a href=""https://news.google.com/rss/articles/CBMi9AFBVV95cUxNemxWVXFRZURuVlVuaC1mVk1mTEVsTFlDV0E0LTZZYlVmallBWjFacUtWVkdqZFpEbXExakRWY3VHTGhScHZNVlhTTjBYVEdfRm5RSzNaUjRZSjVNd1FhYk5YcG0xWVRxVWIwdjRlSllZYTljYjdWQS1xNUQ0RlhVTUJ4SkxyYmJMMEluOTVCaVpqcDh2V2dKaTV1TWlvb3l4QWlVTWs4VnhQcjNkRWExek0wbjlDd2pDRVlydUtSV3hiYmNjdFJhWGVmbWF4WDdScmhzNnJKUm5JZHZ5R19zY0dCQUFlQnNMU2xVTVMzT2gxTzhW0gH6AUFVX3lxTE1EQmtSNHdsN3MyNlRrbVpISm15NHVSWlFfeUVCcTdkVTM3b2V2NWhfbno2bnhUSTRyandLUHVKMEY0VFNQUWprbGQ1emNmSG5NeXVhaDQtTFQ1UHJMY284V21GMkRBZGJLaXNpWS1aX0NTRm9pNk9DeHQxQ0lrRG1VQW51MmdxTFRzT2MyUlZXUzdjSlhpZFVkV09xQS05QmQwNEVpcW1pXy14VU9DQUVkazVtejA0enpIYXU4WGRFTFZmdDFweUx0Nm5kenR6UWNSeXlvVGtoOHhSZm9saVJpX1RSTTZEblFpc1JZMVB4R2dEeVpPcktsb1E?oc=5"" target=""_blank"">Reliance Power shares fall over 4% after ED files chargesheet in fake bank guarantee case</a>&nbsp;&nbsp;<font color=""#6f6f6f"">The Economic Times</font>",https://news.google.com/rss/articles/CBMi9AFBVV95cUxNemxWVXFRZURuVlVuaC1mVk1mTEVsTFlDV0E0LTZZYlVmallBWjFacUtWVkdqZFpEbXExakRWY3VHTGhScHZNVlhTTjBYVEdfRm5RSzNaUjRZSjVNd1FhYk5YcG0xWVRxVWIwdjRlSllZYTljYjdWQS1xNUQ0RlhVTUJ4SkxyYmJMMEluOTVCaVpqcDh2V2dKaTV1TWlvb3l4QWlVTWs4VnhQcjNkRWExek0wbjlDd2pDRVlydUtSV3hiYmNjdFJhWGVmbWF4WDdScmhzNnJKUm5JZHZ5R19zY0dCQUFlQnNMU2xVTVMzT2gxTzhW0gH6AUFVX3lxTE1EQmtSNHdsN3MyNlRrbVpISm15NHVSWlFfeUVCcTdkVTM3b2V2NWhfbno2bnhUSTRyandLUHVKMEY0VFNQUWprbGQ1emNmSG5NeXVhaDQtTFQ1UHJMY284V21GMkRBZGJLaXNpWS1aX0NTRm9pNk9DeHQxQ0lrRG1VQW51MmdxTFRzT2MyUlZXUzdjSlhpZFVkV09xQS05QmQwNEVpcW1pXy14VU9DQUVkazVtejA0enpIYXU4WGRFTFZmdDFweUx0Nm5kenR6UWNSeXlvVGtoOHhSZm9saVJpX1RSTTZEblFpc1JZMVB4R2dEeVpPcktsb1E?oc=5,Google News - Stock,RSS,0.7,"Mon, 08 Dec 2025 08:00:00 GMT",2026-09-01T22:46:05.198914+00:00,0.0516,NEUTRAL,1,1.0,0.03612
93d9316c3a9c7e377bf6c858fa43e4ee9e2b7bb8a288fb091ce34f1d3b9245da,"Reliance Power shares surge 18% on AI, tech-driven push; what's next? - Business Today","<a href=""https://news.google.com/rss/articles/CBMizAFBVV95cUxONlREM1NONEc2TloxVUtuQnhNSXpMVGFvVlZCcnFaQTlUVjhmYTRzZHZueDJiNEN2QWJQQ1d0R3VYMnYzbkcxTVBwTm1mOE1qM2pmMTNIQzg4MXg0RXhsMDR2RXlSYVh1Z3pBb1dzQldkWVZaSTZvdlpNSVJ3UlRxX0h0c3E5X2R1MkRWVmtXQ0NWMzhtNE55T3laeDdvdm45c0NJUmdEYmFxemFDelBLaUYzWXVQNE13QnNCZU9PeTM4ZE5oQzRTUXVKWE3SAdIBQVVfeXFMT0dHSXpGY2gzWUQxbXVjdTdOY3BqWURLTVgyeV9IazF1Z2xsM0JJQS1yZFFaSU9yaW1HY3d3aTdpQjBMOTRyeTAtdHVYX0QzYUNmMFV2Y01BcG9qY1JWRzRiRU5JNEZpcTU5ekViMnhCRjFSbFEwclN3aWFGVVJ1ZUJmM3dGbm1Vc2k0RmtPNjFnUjJXMUlqRXZHRW9XMXlGbzlGMTh3NkR0MVBjbnM1bVlJd0daQjVILXNfS3VNWkxVdG1XTlVDQXczNUlQUVlhdUhB?oc=5"" target=""_blank"">Reliance Power shares surge 18% on AI, tech-driven push; what's next?</a>&nbsp;&nbsp;<font color=""#6f6f6f"">Business Today</font>",https://news.google.com/rss/articles/CBMizAFBVV95cUxONlREM1NONEc2TloxVUtuQnhNSXpMVGFvVlZCcnFaQTlUVjhmYTRzZHZueDJiNEN2QWJQQ1d0R3VYMnYzbkcxTVBwTm1mOE1qM2pmMTNIQzg4MXg0RXhsMDR2RXlSYVh1Z3pBb1dzQldkWVZaSTZvdlpNSVJ3UlRxX0h0c3E5X2R1MkRWVmtXQ0NWMzhtNE55T3laeDdvdm45c0NJUmdEYmFxemFDelBLaUYzWXVQNE13QnNCZU9PeTM4ZE5oQzRTUXVKWE3SAdIBQVVfeXFMT0dHSXpGY2gzWUQxbXVjdTdOY3BqWURLTVgyeV9IazF1Z2xsM0JJQS1yZFFaSU9yaW1HY3d3aTdpQjBMOTRyeTAtdHVYX0QzYUNmMFV2Y01BcG9qY1JWRzRiRU5JNEZpcTU5ekViMnhCRjFSbFEwclN3aWFGVVJ1ZUJmM3dGbm1Vc2k0RmtPNjFnUjJXMUlqRXZHRW9XMXlGbzlGMTh3NkR0MVBjbnM1bVlJd0daQjVILXNfS3VNWkxVdG1XTlVDQXczNUlQUVlhdUhB?oc=5,Google News - Stock,RSS,0.7,"Wed, 01 Jul 2026 07:00:00 GMT",2026-09-01T22:46:05.198878+00:00,0.6546000000000001,BULLISH,1,1.0,0.45822
ebe395479abb588bf6e2ad2a96b32dee9b692fb9d295105d6f31f399bb577116,"Vodafone Idea, Ola Electric, Reliance Power, Suzlon Energy among most traded stocks on NSE today, April 15, 2026 - Livemint","<a href=""https://news.google.com/rss/articles/CBMiiAJBVV95cUxOc2pReFlnSW9ZTGZQd245d2RFTWRrUkpZd044bFVaY3FtX3hiOURINmt1dTc1M3lWeGl6YmU1bWdZZ2t3SjZpYVdDODV5VVMxWkh2SEt1R3RtNzl2N0lwNXhxMVJBWF9raTNuYXFNLVN4TGktUUl6RERzekRSZUNJNFozMmlWdzZSWUhaWklueThzZFlMMWNJOEl3R3BqSzdhMm1XT3NUdVlGUG5mX2ZJTnRaX3VhbHlORDVBWEhvcXF2bGN0RmlnOWJDV3lFWFZGMTF6M3l6Zk5hYi1oRXZ5SFFYSnd0LWMwU1NlNk9qYlNxSGRnR2R1WHFUX1lNalctRFNSRXMxXzbSAY4CQVVfeXFMTU00c2xoTl9YcFVHSFllUlhCYTYxYUgySlZndldvYUlhb3BRQ3R2YzhkWE9DMnl2alZkVlJrOG9rNlMtRkhDbDVrajRvWm1HUXVydDd0bHNla2Z6Z18wek1FcWZOQ3ZXM0JIYjB1aC1nSVZVQmFlc0RPNGVrb29CMW40M3lwamxFcDV1SEhVcDZPdnBSV2hjcEE4RmV4MVdQQkppSlluYnJZQ2ozTDExbXpFLXhyQlNWR2RxMVVCRS1hYkEtVHBCV3dvR3lRMTZ2Yk4tQWNBV1Z6WVhsb0diSVRfNjZTY0JSdFBpbTZadUFzT190WWM5Wl9QVzhualc2MXZXVTVTV3hvX2hlUG1B?oc=5"" target=""_blank"">Vodafone Idea, Ola Electric, Reliance Power, Suzlon Energy among most traded stocks on NSE today, April 15, 2026</a>&nbsp;&nbsp;<font color=""#6f6f6f"">Livemint</font>",https://news.google.com/rss/articles/CBMiiAJBVV95cUxOc2pReFlnSW9ZTGZQd245d2RFTWRrUkpZd044bFVaY3FtX3hiOURINmt1dTc1M3lWeGl6YmU1bWdZZ2t3SjZpYVdDODV5VVMxWkh2SEt1R3RtNzl2N0lwNXhxMVJBWF9raTNuYXFNLVN4TGktUUl6RERzekRSZUNJNFozMmlWdzZSWUhaWklueThzZFlMMWNJOEl3R3BqSzdhMm1XT3NUdVlGUG5mX2ZJTnRaX3VhbHlORDVBWEhvcXF2bGN0RmlnOWJDV3lFWFZGMTF6M3l6Zk5hYi1oRXZ5SFFYSnd0LWMwU1NlNk9qYlNxSGRnR2R1WHFUX1lNalctRFNSRXMxXzbSAY4CQVVfeXFMTU00c2xoTl9YcFVHSFllUlhCYTYxYUgySlZndldvYUlhb3BRQ3R2YzhkWE9DMnl2alZkVlJrOG9rNlMtRkhDbDVrajRvWm1HUXVydDd0bHNla2Z6Z18wek1FcWZOQ3ZXM0JIYjB1aC1nSVZVQmFlc0RPNGVrb29CMW40M3lwamxFcDV1SEhVcDZPdnBSV2hjcEE4RmV4MVdQQkppSlluYnJZQ2ozTDExbXpFLXhyQlNWR2RxMVVCRS1hYkEtVHBCV3dvR3lRMTZ2Yk4tQWNBV1Z6WVhsb0diSVRfNjZTY0JSdFBpbTZadUFzT190WWM5Wl9QVzhualc2MXZXVTVTV3hvX2hlUG1B?oc=5,Google News - Stock,RSS,0.7,"Wed, 15 Apr 2026 07:00:00 GMT",2026-09-01T22:46:05.198863+00:00,0.4939,BULLISH,1,1.0,0.34573
929c77a488f8b5f3cef20053020650a0a5be5e26500163425a89001e3392219e,Why Reliance Power Share Price is Falling - Equitymaster,"<a href=""https://news.google.com/rss/articles/CBMisgFBVV95cUxQUmJfcHRjeVNOdW1ENlc3eEdJYUJaT3lSdUp0SGlYYXp6WUhZR0VVcl9VRzhkekp4bnNlaWNKSnV3bXJpZmdTakRYd0x6S2ZEYXV6RDI3MWN2WmFyRFdRMi1lRnNqLW5DVGRlR2k4UjE5Ny1OeDNpdUxiLTNyVDNxMzVJRXFQaHNnbEctQVpaTXVLVW1Gd0NMSHRsT090TG1kQmFUTEtKU2RPN01kaGFOWVhB?oc=5"" target=""_blank"">Why Reliance Power Share Price is Falling</a>&nbsp;&nbsp;<font color=""#6f6f6f"">Equitymaster</font>",https://news.google.com/rss/articles/CBMisgFBVV95cUxQUmJfcHRjeVNOdW1ENlc3eEdJYUJaT3lSdUp0SGlYYXp6WUhZR0VVcl9VRzhkekp4bnNlaWNKSnV3bXJpZmdTakRYd0x6S2ZEYXV6RDI3MWN2WmFyRFdRMi1lRnNqLW5DVGRlR2k4UjE5Ny1OeDNpdUxiLTNyVDNxMzVJRXFQaHNnbEctQVpaTXVLVW1Gd0NMSHRsT090TG1kQmFUTEtKU2RPN01kaGFOWVhB?oc=5,Google News - Stock,RSS,0.7,"Mon, 08 Dec 2025 08:00:00 GMT",2026-09-01T22:46:05.198856+00:00,0.4215,BULLISH,1,1.0,0.29505
78c3abdccc85794fb086223f54b9412b8a3ad6cb272ab2396c6631ec6d81b72b,Anil Ambani-owned Reliance Power share price jumps 40% this month. Do you own? - Livemint,"<a href=""https://news.google.com/rss/articles/CBMi3gFBVV95cUxOMU5mazdXQ0FmWHVHRkFVNjQ2djN5eTk0Y0VCUDFydmp0OGdYaFlpM0RrY1FZQjlENkhkeXd5YjV3QkJjQ3FUV1FwOE9GUm8yOE1CdkZOczd4czF2RkdQMzFJaFFxOWFsWS13M29WeHVlMjZzdHZpV3pUVnhzWlVGcXRvZkllblhuUGl4ZmlURU81QVBOSTdGMV9TY1NVci11aG5VU2tNdThTSFZRQllPd3dQQ2xQRGVfbWdOVnZoX2NLVmJ0cjQ2MEhYMk5RV1ZZczRqY2VOT1ZvM2dfSUHSAeMBQVVfeXFMTk1uT1NVeXUzUmFHcDBRak9YVkFIX0pGOWx5SF91cUt2OWw3bmtna1huU3dwUE9Yc0h4T0tCdGVZSTRHSThVdHVuVlNsZkx1T3g1b1dySk1XN2QyZXBZcm11ZjhNbkJ1X3dRLW9FYVRZaXVvbmViYU9HbDN2NmlvMS1SOV9YOHNLRklCSGFRSEZaMHlQX2FTdERTemQ5dHpXUWZTSUFEdFpRRVlwRmh4TmNPV3NySzJJdEdTd2tBVlZwazhYSXhLZy1ZaThSbTN0VW9XM0dtdlJtbGZEV3dlNlA5MGc?oc=5"" target=""_blank"">Anil Ambani-owned Reliance Power share price jumps 40% this month. Do you own?</a>&nbsp;&nbsp;<font color=""#6f6f6f"">Livemint</font>",https://news.google.com/rss/articles/CBMi3gFBVV95cUxOMU5mazdXQ0FmWHVHRkFVNjQ2djN5eTk0Y0VCUDFydmp0OGdYaFlpM0RrY1FZQjlENkhkeXd5YjV3QkJjQ3FUV1FwOE9GUm8yOE1CdkZOczd4czF2RkdQMzFJaFFxOWFsWS13M29WeHVlMjZzdHZpV3pUVnhzWlVGcXRvZkllblhuUGl4ZmlURU81QVBOSTdGMV9TY1NVci11aG5VU2tNdThTSFZRQllPd3dQQ2xQRGVfbWdOVnZoX2NLVmJ0cjQ2MEhYMk5RV1ZZczRqY2VOT1ZvM2dfSUHSAeMBQVVfeXFMTk1uT1NVeXUzUmFHcDBRak9YVkFIX0pGOWx5SF91cUt2OWw3bmtna1huU3dwUE9Yc0h4T0tCdGVZSTRHSThVdHVuVlNsZkx1T3g1b1dySk1XN2QyZXBZcm11ZjhNbkJ1X3dRLW9FYVRZaXVvbmViYU9HbDN2NmlvMS1SOV9YOHNLRklCSGFRSEZaMHlQX2FTdERTemQ5dHpXUWZTSUFEdFpRRVlwRmh4TmNPV3NySzJJdEdTd2tBVlZwazhYSXhLZy1ZaThSbTN0VW9XM0dtdlJtbGZEV3dlNlA5MGc?oc=5,Google News - Stock,RSS,0.7,"Sat, 18 Apr 2026 07:00:00 GMT",2026-09-01T22:46:05.198848+00:00,0.6046,BULLISH,1,1.0,0.42322
f718ce4e358571ae90966fbff55ba00dda8ab8c40f7cc2ad2631c6928223dd03,"US Exim Bank files insolvency petition against Reliance Power, shares dip - BusinessLine","<a href=""https://news.google.com/rss/articles/CBMi5gFBVV95cUxPYnk4MmFZbS1TcFJudW5wWkhtNWpXSC1QN1doQWZQTWtqVUxURnlOYUFtYklvczNLZUJITXlMNEFWQm0ta3l0cUZtOEJza1h5RE9yLW5rZ05kdzNrY1pwRFhqU0ItcG5fWUdZbnI2U3hSSl9ZWGhDZ1ZfZWFvby1Cd0RON3YzYkRBdUJ5YlJCc0FZcGFxeTFvMmVNWlBuNFdxRHNZOEVzTHc3TzNfMzR4dDU1MUxVcE5oWDBjU01xZHRNaGV2bnpBTjMxdUY1ZjhyN2xFRmNzeDJQVFVmSUxqSWl4OG5Yd9IB7AFBVV95cUxNRlRuZGZjR05pa1pfbXpuSUNQalpIaVo2LU5ETld0N3dtSC11eUctQnZuZmRrN3ZnZEhTWElNNkRwTVBEQU15MFMwdzNldXZYWmJBQXh3bEJhblZQOXdQNC1nSjZ1czhrMjE5YzE0Tm92aHhvSzNPdFVQYWRHMXdNVWU1VjQzWnVtUlFSMDJxdnhINnlvZ3dZZTlqN2h1Zm9NXzdNTzdUeDdUNWFmeHdubC1tcDdueXB0S2ZTU0FfczFJSkZRZ0xpNFVDc3ktOEN3M2RDajM2eUtiRTJRUjVJOWxUT1BCa1MxT0c3TQ?oc=5"" target=""_blank"">US Exim Bank files insolvency petition against Reliance Power, shares dip</a>&nbsp;&nbsp;<font color=""#6f6f6f"">BusinessLine</font>",https://news.google.com/rss/articles/CBMi5gFBVV95cUxPYnk4MmFZbS1TcFJudW5wWkhtNWpXSC1QN1doQWZQTWtqVUxURnlOYUFtYklvczNLZUJITXlMNEFWQm0ta3l0cUZtOEJza1h5RE9yLW5rZ05kdzNrY1pwRFhqU0ItcG5fWUdZbnI2U3hSSl9ZWGhDZ1ZfZWFvby1Cd0RON3YzYkRBdUJ5YlJCc0FZcGFxeTFvMmVNWlBuNFdxRHNZOEVzTHc3TzNfMzR4dDU1MUxVcE5oWDBjU01xZHRNaGV2bnpBTjMxdUY1ZjhyN2xFRmNzeDJQVFVmSUxqSWl4OG5Yd9IB7AFBVV95cUxNRlRuZGZjR05pa1pfbXpuSUNQalpIaVo2LU5ETld0N3dtSC11eUctQnZuZmRrN3ZnZEhTWElNNkRwTVBEQU15MFMwdzNldXZYWmJBQXh3bEJhblZQOXdQNC1nSjZ1czhrMjE5YzE0Tm92aHhvSzNPdFVQYWRHMXdNVWU1VjQzWnVtUlFSMDJxdnhINnlvZ3dZZTlqN2h1Zm9NXzdNTzdUeDdUNWFmeHdubC1tcDdueXB0S2ZTU0FfczFJSkZRZ0xpNFVDc3ktOEN3M2RDajM2eUtiRTJRUjVJOWxUT1BCa1MxT0c3TQ?oc=5,Google News - Stock,RSS,0.7,"Thu, 30 Apr 2026 07:00:00 GMT",2026-09-01T22:46:05.198825+00:00,0.5267,BULLISH,1,1.0,0.36868999999999996
d22e8908837b0602353d1e492635dc20ab319bf6a055028fd3a04032b469e25b,Reliance Power shares tank nearly 6%; analysts see more downside - Business Today,"<a href=""https://news.google.com/rss/articles/CBMiygFBVV95cUxPS3h5YXY4Q1Y3aTMtb2lnT21Hb3VGZnVudUpRd3B5UFl3UUlGS0Y4ZWlMWFN1SE1YOVk0YVRQcU1MRVBkaXh2d253cWRJd0Y5S2xRdmF1NmFBZ2hSR2FwVW4xdnd0bTdmODEtMVBzREJQLWJ5cGZMUnRFWXVTaXZUYUctUlBDOHU3cHpTV29weXRwTEM0Um0tT1VTSm5lQ0cyZmlodWg4YVFsZE1aQmhuS3JyUEZZNmYxeFZ2bVdnMUtKUDNDTmJlSXRR0gHPAUFVX3lxTE12a2tZakZIbTdzMl9oblp2QWstMjZxZHVvTk5ta3h6ZWFyR1NLTUVISHJPWVVrNllld0tVcFZBa3g2VzZFV0phRlVQTjRmV2EwOUdOLW5qakxmRXFMbXYySDNsX1UyZHMtTThybW5wV29LaGlVYVQ4SWh6YWhUZUVmU2h4XzRxVHFnXzNKRl9WSVZOeVo5R182ZktZNkFScmhFY1Q5b2lELUwxSmIydE00MHljQ1hsWDI0VG5jMWIwY3NjNXFHRG5LVlJXNVRDVQ?oc=5"" target=""_blank"">Reliance Power shares tank nearly 6%; analysts see more downside</a>&nbsp;&nbsp;<font color=""#6f6f6f"">Business Today</font>",https://news.google.com/rss/articles/CBMiygFBVV95cUxPS3h5YXY4Q1Y3aTMtb2lnT21Hb3VGZnVudUpRd3B5UFl3UUlGS0Y4ZWlMWFN1SE1YOVk0YVRQcU1MRVBkaXh2d253cWRJd0Y5S2xRdmF1NmFBZ2hSR2FwVW4xdnd0bTdmODEtMVBzREJQLWJ5cGZMUnRFWXVTaXZUYUctUlBDOHU3cHpTV29weXRwTEM0Um0tT1VTSm5lQ0cyZmlodWg4YVFsZE1aQmhuS3JyUEZZNmYxeFZ2bVdnMUtKUDNDTmJlSXRR0gHPAUFVX3lxTE12a2tZakZIbTdzMl9oblp2QWstMjZxZHVvTk5ta3h6ZWFyR1NLTUVISHJPWVVrNllld0tVcFZBa3g2VzZFV0phRlVQTjRmV2EwOUdOLW5qakxmRXFMbXYySDNsX1UyZHMtTThybW5wV29LaGlVYVQ4SWh6YWhUZUVmU2h4XzRxVHFnXzNKRl9WSVZOeVo5R182ZktZNkFScmhFY1Q5b2lELUwxSmIydE00MHljQ1hsWDI0VG5jMWIwY3NjNXFHRG5LVlJXNVRDVQ?oc=5,Google News - Stock,RSS,0.7,"Fri, 27 Mar 2026 07:00:00 GMT",2026-09-01T22:46:05.198817+00:00,0.2748,BULLISH,1,1.0,0.19235999999999998
991666d7ca9c19238e02e22a1469e90411b6b36aced1947f96d01266c9aeef5e,Reliance Power Share Price Forecast: 3 Year Outlook to 2030 - Univest,"<a href=""https://news.google.com/rss/articles/CBMifkFVX3lxTFBoVkpQQ0ktSDJaNDhzZWFYVE54WmpYRHVKeEhBLUg4ZE91QmdSM3F4aUNyQWVVTGxOVkNsNW4tdmdLaEtkNkFjR2VxZG10NkVBZkNxWGlIZ2VUYnQyOEZHeW1qS2tYS1dGUFc5ZW1rTUQyVUk5b2dZNHZtMGJvUQ?oc=5"" target=""_blank"">Reliance Power Share Price Forecast: 3 Year Outlook to 2030</a>&nbsp;&nbsp;<font color=""#6f6f6f"">Univest</font>",https://news.google.com/rss/articles/CBMifkFVX3lxTFBoVkpQQ0ktSDJaNDhzZWFYVE54WmpYRHVKeEhBLUg4ZE91QmdSM3F4aUNyQWVVTGxOVkNsNW4tdmdLaEtkNkFjR2VxZG10NkVBZkNxWGlIZ2VUYnQyOEZHeW1qS2tYS1dGUFc5ZW1rTUQyVUk5b2dZNHZtMGJvUQ?oc=5,Google News - Stock,RSS,0.7,"Fri, 10 Jul 2026 07:00:00 GMT",2026-09-01T22:46:05.198773+00:00,0.5267,BULLISH,1,1.0,0.36868999999999996
b5ceb553351eba8fbc91d4576030bad5c68aae8ef5cc3b94876acd316764cc1c,Here's why Reliance Power share price declined 8% on bourses on Jan 16 - Business Standard,"<a href=""https://news.google.com/rss/articles/CBMi0gFBVV95cUxQd3JPSWdOQzJ6N3h3NGdna09LWVp1WkFSX19sd3dmV2M2QXp2Mm9weFVuU2ZNRjI3alVBU3JGRGlmOWRGcjR2UVRZN1BhX2podENldWtaRkI1TXFKNUozeWplcnljakxOXzdZeW9Yc05kNW9HS2xtTTFSSndiZWlxeHpnQTN6RW9jbzAtSG41Q2JWUTh1d1Q0SXAxRE9xclhBQ09DNXVQbE5mQXpYdmNiNjE0NF9UT2ZycjB5ekRRa0FVa2RFaWNacVZ6aHJBOHhuVEHSAdcBQVVfeXFMTnRjRDRkTkk4T1J1TkVCQTVnaV96d2ZzT3BJSElPc0dIUV9NVU81cEF6QVNObkkxVzNPeEpNNC1jU1M4M2ZUV09RMmdwWlU3OU52SWhGLXpTTDJhbFVkSUg4S3hfSzNhRC1lcWo1M1NuNXlYTGZZbDNpeVdVTlAySzNkTVp5cG1HVE9PT1RVWlVtSmhIWTNhbUpqV0FiSzlPd1hYSUctR1BzT1ZCcnlyekswb0ZtTmxIdkVKMmtOQ3BPQ2JFcVMtVk1qZ0lqRmhEVjNUUzBucVk?oc=5"" target=""_blank"">Here's why Reliance Power share price declined 8% on bourses on Jan 16</a>&nbsp;&nbsp;<font color=""#6f6f6f"">Business Standard</font>",https://news.google.com/rss/articles/CBMi0gFBVV95cUxQd3JPSWdOQzJ6N3h3NGdna09LWVp1WkFSX19sd3dmV2M2QXp2Mm9weFVuU2ZNRjI3alVBU3JGRGlmOWRGcjR2UVRZN1BhX2podENldWtaRkI1TXFKNUozeWplcnljakxOXzdZeW9Yc05kNW9HS2xtTTFSSndiZWlxeHpnQTN6RW9jbzAtSG41Q2JWUTh1d1Q0SXAxRE9xclhBQ09DNXVQbE5mQXpYdmNiNjE0NF9UT2ZycjB5ekRRa0FVa2RFaWNacVZ6aHJBOHhuVEHSAdcBQVVfeXFMTnRjRDRkTkk4T1J1TkVCQTVnaV96d2ZzT3BJSElPc0dIUV9NVU81cEF6QVNObkkxVzNPeEpNNC1jU1M4M2ZUV09RMmdwWlU3OU52SWhGLXpTTDJhbFVkSUg4S3hfSzNhRC1lcWo1M1NuNXlYTGZZbDNpeVdVTlAySzNkTVp5cG1HVE9PT1RVWlVtSmhIWTNhbUpqV0FiSzlPd1hYSUctR1BzT1ZCcnlyekswb0ZtTmxIdkVKMmtOQ3BPQ2JFcVMtVk1qZ0lqRmhEVjNUUzBucVk?oc=5,Google News - Stock,RSS,0.7,"Fri, 16 Jan 2026 08:00:00 GMT",2026-09-01T22:46:05.198758+00:00,0.5267,BULLISH,1,1.0,0.36868999999999996
f6f49d00ca7f39a4fc568593986261f8d304154a9107386d6e5949d8facf2479,"ED raids multiple entities linked to Anil Ambani, Reliance Power: Sources - ETLegalWorld.com","<a href=""https://news.google.com/rss/articles/CBMi1wFBVV95cUxNYUpfTUVnX1JHdG9oSlNFS2YzZ0lNTFJldmRNelZBYjJKR3RQS3hIcEt3TW1NR0RyYklWR010SnU1NTIzZEEzWnRwWVRsNFVHRnhQOWlkcmpaZk1HY0ZvajhUR3RXa0dUWlZRT0tReUFzSnVEZUNWdU96X0Y2ZngzQmlIUDF5ajFfVG15WGVWTGh3dEQ2cTd3VHRyRnZiYUk3RFc1bXUtUkpldFVQci1TTzlzU0VRRVRUeFd3OVFidkY0eTZrcjBjSi1iMlgxMmlhUUhZR01HTdIB3AFBVV95cUxNalJlX0NGcWFSQ1Vfc21fUmM0NTZCMWVJOFc0ZUIzLXFGRS1hc05FWVA2cXdwbWZjMlh5QTZMNWdwaFBCdmlSbHBhWmhuQTlQMzZMLXpHb1ZWZV94b0ZmSk1WSmdJX096ZHlfcS1PTDRORzhtYmMzVFBPd2dPM3hYRlNWZVZUc3JJUWFHQWRwVEl5WlQzQWFfQy1Pb0dUcHBLVEVIUGZXOFVNa3gwbDlIUWF2SnI0Q25DNkZXMkNxR2FNeU1UbmJuUlVPZXZLNFRkeFlCdUxMSnlLU0xR?oc=5"" target=""_blank"">ED raids multiple entities linked to Anil Ambani, Reliance Power: Sources</a>&nbsp;&nbsp;<font color=""#6f6f6f"">ETLegalWorld.com</font>",https://news.google.com/rss/articles/CBMi1wFBVV95cUxNYUpfTUVnX1JHdG9oSlNFS2YzZ0lNTFJldmRNelZBYjJKR3RQS3hIcEt3TW1NR0RyYklWR010SnU1NTIzZEEzWnRwWVRsNFVHRnhQOWlkcmpaZk1HY0ZvajhUR3RXa0dUWlZRT0tReUFzSnVEZUNWdU96X0Y2ZngzQmlIUDF5ajFfVG15WGVWTGh3dEQ2cTd3VHRyRnZiYUk3RFc1bXUtUkpldFVQci1TTzlzU0VRRVRUeFd3OVFidkY0eTZrcjBjSi1iMlgxMmlhUUhZR01HTdIB3AFBVV95cUxNalJlX0NGcWFSQ1Vfc21fUmM0NTZCMWVJOFc0ZUIzLXFGRS1hc05FWVA2cXdwbWZjMlh5QTZMNWdwaFBCdmlSbHBhWmhuQTlQMzZMLXpHb1ZWZV94b0ZmSk1WSmdJX096ZHlfcS1PTDRORzhtYmMzVFBPd2dPM3hYRlNWZVZUc3JJUWFHQWRwVEl5WlQzQWFfQy1Pb0dUcHBLVEVIUGZXOFVNa3gwbDlIUWF2SnI0Q25DNkZXMkNxR2FNeU1UbmJuUlVPZXZLNFRkeFlCdUxMSnlLU0xR?oc=5,Google News - Company,RSS,0.7,"Fri, 06 Mar 2026 08:00:00 GMT",2026-09-01T22:46:04.767618+00:00,0.0,NEUTRAL,1,1.0,0.0
e7c94c9c6eba2136e8ba0800b9814d2c0a1dfc473aebaa4850b89f6fd8033e09,"Reliance Power - 5 stocks bought by FIIs, MFs and retail investors rally up to 60% in 6 months - The Economic Times","<a href=""https://news.google.com/rss/articles/CBMi9AFBVV95cUxQckVOWGNDNy1zOWJIaDFjU1FILWVwS0hONlhKSjN1TE96R3oybnRnaWgzY3pBck5pRWtMSWVvWGJfdlNtd3RQbG5yX1NBUktpRGptcDMxRVJsNkZSbGNoYjFvYWlSVHIzY1hTbmdoTjE1NWlydXdoYnhXZHlmMXlNU1Z2WnI4bEd1c09ZVU1oMTBHRE9ObkNoTmJ4MFdkYjlGMXZtNWxwZERhczNsejRQalVXaGM4aFZDUEFzMy1HbUVrY3A0ekRwcW16cmxTOE9uZVZJelV3Nk9HQmlKbUQzMU5QcVR5Wk1TVnlwdXh4Ni1tLTJO?oc=5"" target=""_blank"">Reliance Power - 5 stocks bought by FIIs, MFs and retail investors rally up to 60% in 6 months</a>&nbsp;&nbsp;<font color=""#6f6f6f"">The Economic Times</font>",https://news.google.com/rss/articles/CBMi9AFBVV95cUxQckVOWGNDNy1zOWJIaDFjU1FILWVwS0hONlhKSjN1TE96R3oybnRnaWgzY3pBck5pRWtMSWVvWGJfdlNtd3RQbG5yX1NBUktpRGptcDMxRVJsNkZSbGNoYjFvYWlSVHIzY1hTbmdoTjE1NWlydXdoYnhXZHlmMXlNU1Z2WnI4bEd1c09ZVU1oMTBHRE9ObkNoTmJ4MFdkYjlGMXZtNWxwZERhczNsejRQalVXaGM4aFZDUEFzMy1HbUVrY3A0ekRwcW16cmxTOE9uZVZJelV3Nk9HQmlKbUQzMU5QcVR5Wk1TVnlwdXh4Ni1tLTJO?oc=5,Google News - Company,RSS,0.7,"Wed, 24 Jun 2026 07:00:00 GMT",2026-09-01T22:46:04.767196+00:00,0.05,NEUTRAL,1,1.0,0.034999999999999996
69fb7b0ce48cdf7533cdd7306a8f64642ace22726428a4361bb7aeac54fb2155,"Reliance Power CFO, 2 others held for ‘forgery’, ‘tender fraud’ worth crores - The Indian Express","<a href=""https://news.google.com/rss/articles/CBMizgFBVV95cUxQa2dsdTdQY0V4Ukp1elZiNlliZVBFdlYyc0JhTi1VY2JlTVNJUHpybWFYMWFXY1pDZWZGbHdtSXhha2tCanNVSFhLUXFqdW1ON2lXNTVZb2NldndtdHRzU0ZYa1dqZ0Fud2JGT0N0VE1SWkE1T3RZSHR1TWRHWWZlSWlMSEF2WFBJaDlvSGVTOExCdWZDNnFDWUNQaWljWGt1TWNWbkN0THVaRHo4VDMwVFFUV0FzZktIWDJEZUVUX1d3SzhhQmNHSy1tTERqUdIB1AFBVV95cUxPTTdUeDNXaFdWLTk3REQzTW5HTjdxSlBGM0taVnBvNE9nNkVaTnZaUGZ1d2xFYlhKVjBXNjNqRVZSWnhIZHNIcnFHbmZGWHp3b1JFcVd2cV9QVjR6cUNhUVBCeHVDTDBMVVNxVEFZYzBpYmdkWmJCX0RqcXRSUjNqeXNYWjRKeHI4LXZOaDdVTy00UW43NDg4QXRkVVVtaFRFUUNpcllib3cwQWVsTWhJVnQ0Z1kwUHpmandIaFRxczR1SnExVWRLQ0JWc0tDQ2FaUDBONQ?oc=5"" target=""_blank"">Reliance Power CFO, 2 others held for ‘forgery’, ‘tender fraud’ worth crores</a>&nbsp;&nbsp;<font color=""#6f6f6f"">The Indian Express</font>",https://news.google.com/rss/articles/CBMizgFBVV95cUxQa2dsdTdQY0V4Ukp1elZiNlliZVBFdlYyc0JhTi1VY2JlTVNJUHpybWFYMWFXY1pDZWZGbHdtSXhha2tCanNVSFhLUXFqdW1ON2lXNTVZb2NldndtdHRzU0ZYa1dqZ0Fud2JGT0N0VE1SWkE1T3RZSHR1TWRHWWZlSWlMSEF2WFBJaDlvSGVTOExCdWZDNnFDWUNQaWljWGt1TWNWbkN0THVaRHo4VDMwVFFUV0FzZktIWDJEZUVUX1d3SzhhQmNHSy1tTERqUdIB1AFBVV95cUxPTTdUeDNXaFdWLTk3REQzTW5HTjdxSlBGM0taVnBvNE9nNkVaTnZaUGZ1d2xFYlhKVjBXNjNqRVZSWnhIZHNIcnFHbmZGWHp3b1JFcVd2cV9QVjR6cUNhUVBCeHVDTDBMVVNxVEFZYzBpYmdkWmJCX0RqcXRSUjNqeXNYWjRKeHI4LXZOaDdVTy00UW43NDg4QXRkVVVtaFRFUUNpcllib3cwQWVsTWhJVnQ0Z1kwUHpmandIaFRxczR1SnExVWRLQ0JWc0tDQ2FaUDBONQ?oc=5,Google News - Company,RSS,0.7,"Wed, 22 Apr 2026 07:00:00 GMT",2026-09-01T22:46:04.767603+00:00,0.3715,BULLISH,1,1.0,0.26005
b63fd9f7effe31ff9c51d9216580ddb4b0319da0489b842481f1eea545d424b3,Reliance Power files FY26 BRSR with reasonable assurance on core metrics - scanx.trade,"<a href=""https://news.google.com/rss/articles/CBMiyAFBVV95cUxQVU5Kc3FnLXI5X0JPV1k2a2JuVWU1WFVhRGczNURvc1lEV2NlcTRsN3JFMW45RDRWV1k5M1drdmVHTU83X290dG10TTB1LUh1SkFyNU80RC1veG9WWnIzaUNDNjEtNTI4emFJUnBPRzk1bGF0TXNVYkptdGNnZTZzM21jcE1HNkFoWDZ2SjRCbC0wUHN1VXJ2cEZfM0V5Z2pPMGdxWlVkODU5X05qNDd0NG5MYUdGOWRieDNwenR5d2Rjc0duQV9WNA?oc=5"" target=""_blank"">Reliance Power files FY26 BRSR with reasonable assurance on core metrics</a>&nbsp;&nbsp;<font color=""#6f6f6f"">scanx.trade</font>",https://news.google.com/rss/articles/CBMiyAFBVV95cUxQVU5Kc3FnLXI5X0JPV1k2a2JuVWU1WFVhRGczNURvc1lEV2NlcTRsN3JFMW45RDRWV1k5M1drdmVHTU83X290dG10TTB1LUh1SkFyNU80RC1veG9WWnIzaUNDNjEtNTI4emFJUnBPRzk1bGF0TXNVYkptdGNnZTZzM21jcE1HNkFoWDZ2SjRCbC0wUHN1VXJ2cEZfM0V5Z2pPMGdxWlVkODU5X05qNDd0NG5MYUdGOWRieDNwenR5d2Rjc0duQV9WNA?oc=5,Google News - Company,RSS,0.7,"Thu, 23 Jul 2026 07:00:00 GMT",2026-09-01T22:46:04.767587+00:00,0.5859,BULLISH,1,1.0,0.41012999999999994
03323497a23e79835b13467f18d91947e8d4f5bccbda0dedfa0765f14607c642,"NSE and Jio Eye Blockbuster Listings; Lessons Linger from Paytm, LIC and Reliance Power - HDFC Sky","<a href=""https://news.google.com/rss/articles/CBMijwFBVV95cUxQT19OcDVxMUh4WE1rc290eVF2eTNEc1UweEt4Vk1FRmw4X3NMOGs3SU90T2VmMmhmRnNfMEVDZ1NTUU1oWlRGV0ljblZCVGU1NFpMV1hwTmFuVEl6Uy1IclB2WUJBajNlUGpTZG9TZEZTcmQxcmplVUl5V3BXdmtJbzBiYnhldThoMnFQYlA2cw?oc=5"" target=""_blank"">NSE and Jio Eye Blockbuster Listings; Lessons Linger from Paytm, LIC and Reliance Power</a>&nbsp;&nbsp;<font color=""#6f6f6f"">HDFC Sky</font>",https://news.google.com/rss/articles/CBMijwFBVV95cUxQT19OcDVxMUh4WE1rc290eVF2eTNEc1UweEt4Vk1FRmw4X3NMOGs3SU90T2VmMmhmRnNfMEVDZ1NTUU1oWlRGV0ljblZCVGU1NFpMV1hwTmFuVEl6Uy1IclB2WUJBajNlUGpTZG9TZEZTcmQxcmplVUl5V3BXdmtJbzBiYnhldThoMnFQYlA2cw?oc=5,Google News - Company,RSS,0.7,"Fri, 19 Jun 2026 07:00:00 GMT",2026-09-01T22:46:04.767578+00:00,0.8316,BULLISH,1,1.0,0.58212
0b3b21deec691caa9c7ea24949424e18cdb494887e44ac268abcad8f963eede0,Reliance Power CFO arrested in ₹136 crore SECI bank guarantee forgery case - BusinessLine,"<a href=""https://news.google.com/rss/articles/CBMi5wFBVV95cUxNYU5QNXYzM080Qy1UcDVHSEFOakpEZWZrWExKUXozRjlSYjF2MGdYX1pfSUVwbmJnUlBZNXpMSkVPZC1iWlAxVDBXbXNwX0kyQ3ZVaUh3WGdMMWxqbnFuenRvdlRQTmY0NlRhQVh2OW5tZktvUjBtWWZtNlA4SUstRXJPaTVvX29kbThRdGhjbUF4RkVFaFZYdVZOZHI5Zy1lUU1rTXo5R1VqSWFoZW5waUdGRXBOQlBpU2VPOG5qTm5heEk4RUNoSmhLT2tJU0dwUzM1ZlhNV2QwMXhMaUxNeEZRNU1oVTjSAe4BQVVfeXFMTWZNLVlWRDR5aEpNVjZMZjZETFhTSjFPNXdxVTBHWm5Wa0N0MWw4ZUtuZWcyOHJmSFNMUHRMaE1lTHg5aEhKNG1KOW5qRkJXZDJnbmxiTTN1a1lyTlQ0eC1aRUw1b2JuWWVNQzFYWXhaNnZlWWRNQ1ZQVmo2VHM4aDBwa1hIamVQc1lMTElmY2J3WFJjLVljcmNzZzVhSXdjMkt6Zm52UnV4S0dkZjFDbE9YUW9UbHZyLTUzV0EtZWFHWWRZWGk2S3BxVkJlUjZtQ2pwN2pPVkRfM2lMdGZRdDNDOTNvNWVMcVZVTGhYdw?oc=5"" target=""_blank"">Reliance Power CFO arrested in ₹136 crore SECI bank guarantee forgery case</a>&nbsp;&nbsp;<font color=""#6f6f6f"">BusinessLine</font>",https://news.google.com/rss/articles/CBMi5wFBVV95cUxNYU5QNXYzM080Qy1UcDVHSEFOakpEZWZrWExKUXozRjlSYjF2MGdYX1pfSUVwbmJnUlBZNXpMSkVPZC1iWlAxVDBXbXNwX0kyQ3ZVaUh3WGdMMWxqbnFuenRvdlRQTmY0NlRhQVh2OW5tZktvUjBtWWZtNlA4SUstRXJPaTVvX29kbThRdGhjbUF4RkVFaFZYdVZOZHI5Zy1lUU1rTXo5R1VqSWFoZW5waUdGRXBOQlBpU2VPOG5qTm5heEk4RUNoSmhLT2tJU0dwUzM1ZlhNV2QwMXhMaUxNeEZRNU1oVTjSAe4BQVVfeXFMTWZNLVlWRDR5aEpNVjZMZjZETFhTSjFPNXdxVTBHWm5Wa0N0MWw4ZUtuZWcyOHJmSFNMUHRMaE1lTHg5aEhKNG1KOW5qRkJXZDJnbmxiTTN1a1lyTlQ0eC1aRUw1b2JuWWVNQzFYWXhaNnZlWWRNQ1ZQVmo2VHM4aDBwa1hIamVQc1lMTElmY2J3WFJjLVljcmNzZzVhSXdjMkt6Zm52UnV4S0dkZjFDbE9YUW9UbHZyLTUzV0EtZWFHWWRZWGk2S3BxVkJlUjZtQ2pwN2pPVkRfM2lMdGZRdDNDOTNvNWVMcVZVTGhYdw?oc=5,Google News - Company,RSS,0.7,"Wed, 22 Apr 2026 07:00:00 GMT",2026-09-01T22:46:04.767571+00:00,-0.4939,BEARISH,1,1.0,-0.34573
1ef7d56d6b75236761879d187a764abe39826ffd5870d19bcc8a0e0b2b605652,"ED raids locations linked to Anil Ambani in money laundering probe, Reliance Power dismisses reports - The Indian Express","<a href=""https://news.google.com/rss/articles/CBMi4wFBVV95cUxONnhfak80YWF0UDJLaEFwcFNGREt6amVJdHNTMU1BRlZuVEl6TUxfNkM3QWZSeTNKZ3NScG85Sl9xdlBGYmR6S0JqajJtSEJRMTc1Z3RMTEFjSXlwUlVDSktscUxlWXZkV0k4R0REd3VrSS1ZYThyMHZUUGxiSjZCa1h3ZTVrQ3BWcFRYUWxxeWcyaXZKRU1qb0JRYzVHWHlFdkJYcVNVOGR1b0t2bGZaTUxuRmJJcERQVEZxdnVXVHRkRlRRczcyakhOQWNfZEFZMVZFMkxDV2JaYVg2eDBxYlpkY9IB6gFBVV95cUxOM3l0dDhORzdmVlZjeE9tdnNzLTd6emc4QVRhTm9iaFFYVnZULXFHVE1wR0c4Y3lzdnB1b3dBWDNYWWhfY3NiVF9SWlhoM2dJQkRkUlNUVnRSYXdQRk5rTXl6MVJ6VUY4NW05TElkVmxvdmZkQ0xFZWs2ekpDUk1wOGJYM0F6UXVVOXFxaS1fR0VwTDhybWI0MVRtdGlseTBSS0pnTTNqQUFOTHpPQ3FrLWFiWEZZLVI4UEZ5UEg2UzVURzhQZEl6b0VQNEE1QXVQQ1NvZ0hMQ01jbE5aMGtEYVVoalROTkxQd3c?oc=5"" target=""_blank"">ED raids locations linked to Anil Ambani in money laundering probe, Reliance Power dismisses reports</a>&nbsp;&nbsp;<font color=""#6f6f6f"">The Indian Express</font>",https://news.google.com/rss/articles/CBMi4wFBVV95cUxONnhfak80YWF0UDJLaEFwcFNGREt6amVJdHNTMU1BRlZuVEl6TUxfNkM3QWZSeTNKZ3NScG85Sl9xdlBGYmR6S0JqajJtSEJRMTc1Z3RMTEFjSXlwUlVDSktscUxlWXZkV0k4R0REd3VrSS1ZYThyMHZUUGxiSjZCa1h3ZTVrQ3BWcFRYUWxxeWcyaXZKRU1qb0JRYzVHWHlFdkJYcVNVOGR1b0t2bGZaTUxuRmJJcERQVEZxdnVXVHRkRlRRczcyakhOQWNfZEFZMVZFMkxDV2JaYVg2eDBxYlpkY9IB6gFBVV95cUxOM3l0dDhORzdmVlZjeE9tdnNzLTd6emc4QVRhTm9iaFFYVnZULXFHVE1wR0c4Y3lzdnB1b3dBWDNYWWhfY3NiVF9SWlhoM2dJQkRkUlNUVnRSYXdQRk5rTXl6MVJ6VUY4NW05TElkVmxvdmZkQ0xFZWs2ekpDUk1wOGJYM0F6UXVVOXFxaS1fR0VwTDhybWI0MVRtdGlseTBSS0pnTTNqQUFOTHpPQ3FrLWFiWEZZLVI4UEZ5UEg2UzVURzhQZEl6b0VQNEE1QXVQQ1NvZ0hMQ01jbE5aMGtEYVVoalROTkxQd3c?oc=5,Google News - Company,RSS,0.7,"Fri, 06 Mar 2026 08:00:00 GMT",2026-09-01T22:46:04.767555+00:00,0.0,NEUTRAL,1,1.0,0.0
3aa452c93066e746af3dc8d2506feedd8d8107dab45fd32f4f538c30d4b8744d,Reliance Power Share Price Surges 18% on AI Business Foray - Univest,"<a href=""https://news.google.com/rss/articles/CBMihAFBVV95cUxPSjV5cUNsdTFDdXpPSUFKUFFiaV9tUHRSanJMYk9ZeTN3WlBrb1NHUUs2TXpNWlFFYWpzSHNPdmxNZVl6WFVLZWJia1p5b3drc3RUeWlyWng3MEl1dTgtZXdtcFAwQkl5MnhmZVZGZ3RQOVkwNzFxLWxudlltUFlCZ28tc0s?oc=5"" target=""_blank"">Reliance Power Share Price Surges 18% on AI Business Foray</a>&nbsp;&nbsp;<font color=""#6f6f6f"">Univest</font>",https://news.google.com/rss/articles/CBMihAFBVV95cUxPSjV5cUNsdTFDdXpPSUFKUFFiaV9tUHRSanJMYk9ZeTN3WlBrb1NHUUs2TXpNWlFFYWpzSHNPdmxNZVl6WFVLZWJia1p5b3drc3RUeWlyWng3MEl1dTgtZXdtcFAwQkl5MnhmZVZGZ3RQOVkwNzFxLWxudlltUFlCZ28tc0s?oc=5,Google News - Company,RSS,0.7,"Wed, 01 Jul 2026 07:00:00 GMT",2026-09-01T22:46:04.767611+00:00,0.5767,BULLISH,1,1.0,0.40369
d0e0cfb765a8aa14710fbdd6d15d02cb9964bd5e8ce6e54464ca46152e1d6a06,"Suzlon Energy, IEX, Reliance Power, ZEEL: How stocks with up to 35% retail stakes fared in 2026 - Business Today","<a href=""https://news.google.com/rss/articles/CBMi7wFBVV95cUxNNFhHOGxuSng5THRJc2RHWC02ZmdvaTFLcmRLQnJtX00zZFVGX3dKb09vNWk3LWJGU1VTRU9XbkNqVUdkRjJNX3NZd2dwaGlEa21SWUxMbV93eTVmSlQwemdDZEpkQXN3YXNiTFRtWGMwdXctTWdKRFRFdmlUMzZuXy1QUVQtb0NJZlRNQkNTODRCaWhyWGxwVXpic0g2UV94OVJ3LU0yT3Z0eHQxLVN5Z3h4ODB0SDFTVXpHV1N0bnFkVm54M0dnN1hObHRvdjB1MklpM00xV3NWamJmXzB6YklqZjktd2UwRjlPUlpFb9IB9AFBVV95cUxPTWhPSVU3djlIalFwNFhSNFRmZlVNWWpNVVZEQWR0RkZqVEdYYnNuZXFkR1VSeGFWaDNRUkI5c1JYUzlkY3RsZFctelRYcGJDcXdmOW5fdUlhLXh5cFpJaWkzTnd6aWs4OXhfS3BBaXVXRUQwUHMyNjRfWml4MjhGSmk1SzhRN1AxcXZ0OXFZODhjdFhOQW1DMXpvc3MtM2RkLVBlVXlfRzNqdlZsODJPRm02cm9kOVo1SHhDemNFcW1QTk9GeE5ONk5FUDJZeENLdkNTZFJkVVk5TmRzbTYxdVJqSXFQekdGZUx2T25EU3ZvREd5?oc=5"" target=""_blank"">Suzlon Energy, IEX, Reliance Power, ZEEL: How stocks with up to 35% retail stakes fared in 2026</a>&nbsp;&nbsp;<font color=""#6f6f6f"">Business Today</font>",https://news.google.com/rss/articles/CBMi7wFBVV95cUxNNFhHOGxuSng5THRJc2RHWC02ZmdvaTFLcmRLQnJtX00zZFVGX3dKb09vNWk3LWJGU1VTRU9XbkNqVUdkRjJNX3NZd2dwaGlEa21SWUxMbV93eTVmSlQwemdDZEpkQXN3YXNiTFRtWGMwdXctTWdKRFRFdmlUMzZuXy1QUVQtb0NJZlRNQkNTODRCaWhyWGxwVXpic0g2UV94OVJ3LU0yT3Z0eHQxLVN5Z3h4ODB0SDFTVXpHV1N0bnFkVm54M0dnN1hObHRvdjB1MklpM00xV3NWamJmXzB6YklqZjktd2UwRjlPUlpFb9IB9AFBVV95cUxPTWhPSVU3djlIalFwNFhSNFRmZlVNWWpNVVZEQWR0RkZqVEdYYnNuZXFkR1VSeGFWaDNRUkI5c1JYUzlkY3RsZFctelRYcGJDcXdmOW5fdUlhLXh5cFpJaWkzTnd6aWs4OXhfS3BBaXVXRUQwUHMyNjRfWml4MjhGSmk1SzhRN1AxcXZ0OXFZODhjdFhOQW1DMXpvc3MtM2RkLVBlVXlfRzNqdlZsODJPRm02cm9kOVo1SHhDemNFcW1QTk9GeE5ONk5FUDJZeENLdkNTZFJkVVk5TmRzbTYxdVJqSXFQekdGZUx2T25EU3ZvREd5?oc=5,Google News - Stock,RSS,0.7,"Sun, 24 May 2026 07:00:00 GMT",2026-09-01T22:46:05.199150+00:00,0.4939,BULLISH,1,1.0,0.34573
89d64cb144c0bcd4b4bdb9b47076f7946c411595f2890c60c4512c12dddecfb7,Reliance Power share price falls over 6% after ED files chargesheet in fake bank guarantee case - Livemint,"<a href=""https://news.google.com/rss/articles/CBMi9wFBVV95cUxQUDVobFpNQ2dYdTE2eWo1TUk2RzN1dERRMThnaUdabGFCV1l5a0M4SVVxZWt0ZXEwMTJBdEFfbWhRQjdqSDhCWFpUNEd1bjNvLTNjdzJQNC1DUzk2RFN6WEpUWDEtUmdrQ1IyLWtZQzg0dXVCSHU0R21rX3RNVDJ0WUZOS04zcmZrcTRMczN2MVJIMXJSbWgyTFpKVVZaalNMcVZRdmhUUWVBNVpqOFM5UVFkXzZBTk9ZRzQyMWNXUjNqVkpYWWNzS0pyTTdFSlNtbjg3T1NSdmI0UjdpN1JRRmZPeGd3UnVyVHdkeV9oWUJfRThTSVRn0gH8AUFVX3lxTE5BRnlpYzFYVU9JcWxyNl9hUWhRT0FVZUItRDdBQzM5Mll3ejVMNFVPeFd5YmxOOG5rSU44TnpxWW1IQ05XbmhEQzcxZ0tZNzJHTEx2bmI4U0NLcWhuQWZROTRqN1dRbnBYR3EzQzdoaDZ0aVNUZ0dzWEVuQTdNR1NkaE9qVkhkWE5YSGNXM3ExbFdoU01RcmhMQWZNMWtwRmt0VWhONlpQX3FoS0dLVDI2TG5QRXlONzRJeWd6elFFMy1qQzlRNC00eDJ0LVNPWU15X0tsUmpTSUFidjBHTmJ5aHdDbEJBOXQ0aXRQMlVCZGllSHd3VzU0S001TA?oc=5"" target=""_blank"">Reliance Power share price falls over 6% after ED files chargesheet in fake bank guarantee case</a>&nbsp;&nbsp;<font color=""#6f6f6f"">Livemint</font>",https://news.google.com/rss/articles/CBMi9wFBVV95cUxQUDVobFpNQ2dYdTE2eWo1TUk2RzN1dERRMThnaUdabGFCV1l5a0M4SVVxZWt0ZXEwMTJBdEFfbWhRQjdqSDhCWFpUNEd1bjNvLTNjdzJQNC1DUzk2RFN6WEpUWDEtUmdrQ1IyLWtZQzg0dXVCSHU0R21rX3RNVDJ0WUZOS04zcmZrcTRMczN2MVJIMXJSbWgyTFpKVVZaalNMcVZRdmhUUWVBNVpqOFM5UVFkXzZBTk9ZRzQyMWNXUjNqVkpYWWNzS0pyTTdFSlNtbjg3T1NSdmI0UjdpN1JRRmZPeGd3UnVyVHdkeV9oWUJfRThTSVRn0gH8AUFVX3lxTE5BRnlpYzFYVU9JcWxyNl9hUWhRT0FVZUItRDdBQzM5Mll3ejVMNFVPeFd5YmxOOG5rSU44TnpxWW1IQ05XbmhEQzcxZ0tZNzJHTEx2bmI4U0NLcWhuQWZROTRqN1dRbnBYR3EzQzdoaDZ0aVNUZ0dzWEVuQTdNR1NkaE9qVkhkWE5YSGNXM3ExbFdoU01RcmhMQWZNMWtwRmt0VWhONlpQX3FoS0dLVDI2TG5QRXlONzRJeWd6elFFMy1qQzlRNC00eDJ0LVNPWU15X0tsUmpTSUFidjBHTmJ5aHdDbEJBOXQ0aXRQMlVCZGllSHd3VzU0S001TA?oc=5,Google News - Stock,RSS,0.7,"Mon, 08 Dec 2025 08:00:00 GMT",2026-09-01T22:46:05.199142+00:00,0.0516,NEUTRAL,1,1.0,0.03612
07da80f66bde110facac440ead4c9d66b6350c9142fc2f8eb657e9fedf34f42d,"Reliance Power, BLS International, Bajaj Healthcare: Analyst decodes trading strategy - Business Today","<a href=""https://news.google.com/rss/articles/CBMi5AFBVV95cUxQZlBvUUg4ejJqS3lnTzZ6TUZxaWlXSUJZQ3MyUUJPQ2FaVFBWQ2xwMjlsRWlqZ2tiMVhIYWtvWURQZ2xQdU1sUTRCLUFfd05KOXRmaG1KSHc4QmM3NkQ5bzMta0EzdVoxNDQ1c0JXcV9NbGdyLWE3Ump6MW1wTTBfallscXpEQVo2TW8yVzRPRnhnRjdJcGVPdEtFMmY3YXY4U3RNdGVuTVBCc0xPTjcyZVFieTY2QUNXcm84NG54NkYyc1JvQ0Q5MFc2VmVOanJ5TUdPUVh2M1pXV010MzA2dnhnZk3SAeoBQVVfeXFMUGJ3Q2xFQUpUaUdpRU1zaU5vNjQ2VU5NR1R1WXlOQmpjWlNTV2JQckpIbkY3TUFtLTROQVhrN0M4LWRKOVgxUDlVWUFfSV8zU3dHQk5uM3VBaER0S1pvc0lNMUo5UTlvVEFkaG91bDdDUU5PdEdHeGNKeldjQkJfSjNIcGtvU2VfeHRWX2NzNkpUN3JFd1NVRzRNTVZuZVR3a0ZGeTMyTzdHb2dvcllaZlVLSDlKTGpGdFlhSGE1TWV2U3JDajEtem96aUN5LTdCU3NhS1ZfdnBhMnZzcWhEajJsSVRzZ0czbWRB?oc=5"" target=""_blank"">Reliance Power, BLS International, Bajaj Healthcare: Analyst decodes trading strategy</a>&nbsp;&nbsp;<font color=""#6f6f6f"">Business Today</font>",https://news.google.com/rss/articles/CBMi5AFBVV95cUxQZlBvUUg4ejJqS3lnTzZ6TUZxaWlXSUJZQ3MyUUJPQ2FaVFBWQ2xwMjlsRWlqZ2tiMVhIYWtvWURQZ2xQdU1sUTRCLUFfd05KOXRmaG1KSHc4QmM3NkQ5bzMta0EzdVoxNDQ1c0JXcV9NbGdyLWE3Ump6MW1wTTBfallscXpEQVo2TW8yVzRPRnhnRjdJcGVPdEtFMmY3YXY4U3RNdGVuTVBCc0xPTjcyZVFieTY2QUNXcm84NG54NkYyc1JvQ0Q5MFc2VmVOanJ5TUdPUVh2M1pXV010MzA2dnhnZk3SAeoBQVVfeXFMUGJ3Q2xFQUpUaUdpRU1zaU5vNjQ2VU5NR1R1WXlOQmpjWlNTV2JQckpIbkY3TUFtLTROQVhrN0M4LWRKOVgxUDlVWUFfSV8zU3dHQk5uM3VBaER0S1pvc0lNMUo5UTlvVEFkaG91bDdDUU5PdEdHeGNKeldjQkJfSjNIcGtvU2VfeHRWX2NzNkpUN3JFd1NVRzRNTVZuZVR3a0ZGeTMyTzdHb2dvcllaZlVLSDlKTGpGdFlhSGE1TWV2U3JDajEtem96aUN5LTdCU3NhS1ZfdnBhMnZzcWhEajJsSVRzZ0czbWRB?oc=5,Google News - Stock,RSS,0.7,"Mon, 13 Jul 2026 07:00:00 GMT",2026-09-01T22:46:05.199119+00:00,0.0,NEUTRAL,1,1.0,0.0
315185857b3df2294e05ccfada18197e2f6ac60aef5da196e68afb29efdd5318,Why is the Reliance Power Company Share Falling? - Univest,"<a href=""https://news.google.com/rss/articles/CBMic0FVX3lxTE5TTWE3ZkF6LUhjVjBkRzA4OFBSWjZMbnFFS1ZiUzgySVV4SXE0OTVtdGZwTnZFT1pNSDVQTmF0VFRrS1FlZHZ0eWd0N3F1Q2ZmZjBUbnhBaE1BN0Z5X2xGWlhOVzFCbzZzQzUwak9rVVNDeDA?oc=5"" target=""_blank"">Why is the Reliance Power Company Share Falling?</a>&nbsp;&nbsp;<font color=""#6f6f6f"">Univest</font>",https://news.google.com/rss/articles/CBMic0FVX3lxTE5TTWE3ZkF6LUhjVjBkRzA4OFBSWjZMbnFFS1ZiUzgySVV4SXE0OTVtdGZwTnZFT1pNSDVQTmF0VFRrS1FlZHZ0eWd0N3F1Q2ZmZjBUbnhBaE1BN0Z5X2xGWlhOVzFCbzZzQzUwak9rVVNDeDA?oc=5,Google News - Stock,RSS,0.7,"Tue, 28 Oct 2025 07:00:00 GMT",2026-09-01T22:46:05.199111+00:00,0.5171,BULLISH,1,1.0,0.36196999999999996
764e058e0fc92632351822896dfe0a1ee4ce7d8cce35522195bb4de9c0db37f1,"Reliance Power share price falls 12% YTD, Reliance Infra down 47%; what you need to know today - Upstox","<a href=""https://news.google.com/rss/articles/CBMi4wFBVV95cUxQZWowREhPUlYxamhEWVdYYkNnYkZaazBVWF9yMlpQSmVIb0hKc1Njbno4OVMtckdNUlpWWHozNzRJaUs4RExGUXh4OE9YVDJQVlVmOVBnclA2amlBdEV0UDFOQ3QwR1FoZDI3LVppdW9VekdwdXZHTG9MYjZYZURHNU5zTHRsZ0hFcng1ZzBKazNTdHFzbjdpRDdVZkZ5endWbjhtYTBwdEt1WWRuTERkMzEzTlFwdkVFVXA0UTJ2UjlkUU5MRXhtcmwtUDhWUHFEWmJLNDU3TExnZ19NeDJJbEhZWQ?oc=5"" target=""_blank"">Reliance Power share price falls 12% YTD, Reliance Infra down 47%; what you need to know today</a>&nbsp;&nbsp;<font color=""#6f6f6f"">Upstox</font>",https://news.google.com/rss/articles/CBMi4wFBVV95cUxQZWowREhPUlYxamhEWVdYYkNnYkZaazBVWF9yMlpQSmVIb0hKc1Njbno4OVMtckdNUlpWWHozNzRJaUs4RExGUXh4OE9YVDJQVlVmOVBnclA2amlBdEV0UDFOQ3QwR1FoZDI3LVppdW9VekdwdXZHTG9MYjZYZURHNU5zTHRsZ0hFcng1ZzBKazNTdHFzbjdpRDdVZkZ5endWbjhtYTBwdEt1WWRuTERkMzEzTlFwdkVFVXA0UTJ2UjlkUU5MRXhtcmwtUDhWUHFEWmJLNDU3TExnZ19NeDJJbEhZWQ?oc=5,Google News - Stock,RSS,0.7,"Fri, 21 Nov 2025 03:27:11 GMT",2026-09-01T22:46:05.199104+00:00,0.5267,BULLISH,1,1.0,0.36868999999999996
dbb55a7b8865634841fba9b997d62c47a8be7c59489782218c397651cef8b5cb,Reliance Power assets provisionally attached worth Rs 407.60 crore - scanx.trade,"<a href=""https://news.google.com/rss/articles/CBMiwAFBVV95cUxPLVhaNXRnOGxKZktWRGI3R2N5blo3NjVzS3lCTXBZSURGdDhvbElETGZkTkdfMEN2SF91NHhPemp1MjU2dExGUnNJV3FZRTdKLVlPRHVzUE1CMTh2SnNWVTZ2RU5WLVc1RVUwWlpvbkNFTlhHRWtNQlRQMklNdlZOa0QxdFNlTmRScFVWQ040aEk0Vk44cG9xNmxNcmszTEdjazhYYUp6ZExJUkd2QmlkbWlMWHpkRXlLb1hqYUpMWTg?oc=5"" target=""_blank"">Reliance Power assets provisionally attached worth Rs 407.60 crore</a>&nbsp;&nbsp;<font color=""#6f6f6f"">scanx.trade</font>",https://news.google.com/rss/articles/CBMiwAFBVV95cUxPLVhaNXRnOGxKZktWRGI3R2N5blo3NjVzS3lCTXBZSURGdDhvbElETGZkTkdfMEN2SF91NHhPemp1MjU2dExGUnNJV3FZRTdKLVlPRHVzUE1CMTh2SnNWVTZ2RU5WLVc1RVUwWlpvbkNFTlhHRWtNQlRQMklNdlZOa0QxdFNlTmRScFVWQ040aEk0Vk44cG9xNmxNcmszTEdjazhYYUp6ZExJUkd2QmlkbWlMWHpkRXlLb1hqYUpMWTg?oc=5,Google News - Stock,RSS,0.7,"Wed, 20 May 2026 07:00:00 GMT",2026-09-01T22:46:05.199097+00:00,0.6369,BULLISH,1,1.0,0.44583
a9ff9c64e757cdba14669fc9055214cc4fca21224e6feae538c8c0e9ed6f17de,"Vodafone Idea, Sammaan Capital, Reliance Power— These are among the most traded stocks on NSE today - Livemint","<a href=""https://news.google.com/rss/articles/CBMi-gFBVV95cUxPVW0zZ0xGbklEMHVqT2JoOThiUi1YSEpQaHp4RmVKSWMtcGFtQlZQaV9HLUg5YlB6WEZqOEZtNEdDckdPMjJoSEl1TEJIc3AxbVdBZGJ3MzdidnlXQ2tkN25lU01EeE9VUW96ZUNaSmhCYnlrS0VYLU0zc0xJalhDWDBMODFvMi1WMF9PbmMzWGtONjdqek11VTJrN2NHQUxteGtKdEQ1S21INDAyUGd6M3ZyS2VKeDZkaEhBb24waDhobFRKa05RZUdkY2lqZFBtSmVmUnhlQXJkTlpVSDhIcVJkaWZha0xRV3NkelotY3FYV284V3d1RFlR0gH_AUFVX3lxTE5pZlhyVnRUOFp1Si10NllQa0h2X3BMWlRaejU1ek5DbWVUYmI3cGM5bFpra1Zkd3owNmlQOGFPdkFOeGhLTWNtOTR2Zy1WanhydGN6ZkljWnZtdE1UQVZpQ1dxajhkdVM3d2dHLXBadVJGUnJYU3lvR3JMZElyM2JON2dKcFdROFFVOWpoM1NJemJfWnAwN24way0xVWxRanhHV09TODZrZV95RWI0MjQ3NGlndDQ5OUJ3b1VUcjltNUJ0T1Y5V2tELUFPbGdUXzhyOXQ4ckRDbmtaOWhPa0VydTVkVlAwTTItdGYzUlpTRTlRNjZXWGRicnNzYnh6dw?oc=5"" target=""_blank"">Vodafone Idea, Sammaan Capital, Reliance Power— These are among the most traded stocks on NSE today</a>&nbsp;&nbsp;<font color=""#6f6f6f"">Livemint</font>",https://news.google.com/rss/articles/CBMi-gFBVV95cUxPVW0zZ0xGbklEMHVqT2JoOThiUi1YSEpQaHp4RmVKSWMtcGFtQlZQaV9HLUg5YlB6WEZqOEZtNEdDckdPMjJoSEl1TEJIc3AxbVdBZGJ3MzdidnlXQ2tkN25lU01EeE9VUW96ZUNaSmhCYnlrS0VYLU0zc0xJalhDWDBMODFvMi1WMF9PbmMzWGtONjdqek11VTJrN2NHQUxteGtKdEQ1S21INDAyUGd6M3ZyS2VKeDZkaEhBb24waDhobFRKa05RZUdkY2lqZFBtSmVmUnhlQXJkTlpVSDhIcVJkaWZha0xRV3NkelotY3FYV284V3d1RFlR0gH_AUFVX3lxTE5pZlhyVnRUOFp1Si10NllQa0h2X3BMWlRaejU1ek5DbWVUYmI3cGM5bFpra1Zkd3owNmlQOGFPdkFOeGhLTWNtOTR2Zy1WanhydGN6ZkljWnZtdE1UQVZpQ1dxajhkdVM3d2dHLXBadVJGUnJYU3lvR3JMZElyM2JON2dKcFdROFFVOWpoM1NJemJfWnAwN24way0xVWxRanhHV09TODZrZV95RWI0MjQ3NGlndDQ5OUJ3b1VUcjltNUJ0T1Y5V2tELUFPbGdUXzhyOXQ4ckRDbmtaOWhPa0VydTVkVlAwTTItdGYzUlpTRTlRNjZXWGRicnNzYnh6dw?oc=5,Google News - Stock,RSS,0.7,"Wed, 25 Mar 2026 07:00:00 GMT",2026-09-01T22:46:05.199083+00:00,0.0,NEUTRAL,1,1.0,0.0
dd526c20e58e6aa4e7b3928156b328729e9783bd5c104f63d7fb501ed459af28,Reliance Power slides 5% as ED files chargesheet in fake guarantee case - Business Standard,"<a href=""https://news.google.com/rss/articles/CBMi1gFBVV95cUxPdHREZmg0bV9OLU9CdzZXSnNteHpva0N0d1g3Si03WmRpX3VIaGJzTEdybTRtLURLTW0zRVJLZXY2dU5EY0RTNWVneDB0MW5RWFh1NFBSZHg5b0p3a1RGNWVTbE9WQW8yWnUxNGM2bzVrWXJ4eUt4ci04ZkNKQUZkaTNNdGFfZS1fMnRQVERwYnZDaTNEZHZZNG9aVDJlSzFPNzE4RXBiQXhfbXhBV0RaMXMtUDFiU2pqSEhqd3IzeE1jRjNDME5JYkw2d09CcW5WU1hadVdn0gHbAUFVX3lxTE1rekxxTWpzcmY3T3lGOGlPWjBVTlRTR2Z3dE1WY0dpelctQkRieFVYTjNSakJQYnlkajI3VEo2WUtVSEZlZWpZdkhVTE4tQ2d0S1VSRkwyU25hV3hCMkRyQjhvNDM0bkJjQ3FrdkVDTnFOc3JXZUg3UXA5UU1lVHI1V1BaSHZGZ19NUl82ZTIxWmU0ZVR2MlNWcldweVJwcmcyNkdQSjFhOXdacUlfUnFPX3FwM2Z3VEpxZVk5Ymx6SXZwLXJnZHM1RFZENjVFNHZhS2o4SVRISXBnSQ?oc=5"" target=""_blank"">Reliance Power slides 5% as ED files chargesheet in fake guarantee case</a>&nbsp;&nbsp;<font color=""#6f6f6f"">Business Standard</font>",https://news.google.com/rss/articles/CBMi1gFBVV95cUxPdHREZmg0bV9OLU9CdzZXSnNteHpva0N0d1g3Si03WmRpX3VIaGJzTEdybTRtLURLTW0zRVJLZXY2dU5EY0RTNWVneDB0MW5RWFh1NFBSZHg5b0p3a1RGNWVTbE9WQW8yWnUxNGM2bzVrWXJ4eUt4ci04ZkNKQUZkaTNNdGFfZS1fMnRQVERwYnZDaTNEZHZZNG9aVDJlSzFPNzE4RXBiQXhfbXhBV0RaMXMtUDFiU2pqSEhqd3IzeE1jRjNDME5JYkw2d09CcW5WU1hadVdn0gHbAUFVX3lxTE1rekxxTWpzcmY3T3lGOGlPWjBVTlRTR2Z3dE1WY0dpelctQkRieFVYTjNSakJQYnlkajI3VEo2WUtVSEZlZWpZdkhVTE4tQ2d0S1VSRkwyU25hV3hCMkRyQjhvNDM0bkJjQ3FrdkVDTnFOc3JXZUg3UXA5UU1lVHI1V1BaSHZGZ19NUl82ZTIxWmU0ZVR2MlNWcldweVJwcmcyNkdQSjFhOXdacUlfUnFPX3FwM2Z3VEpxZVk5Ymx6SXZwLXJnZHM1RFZENjVFNHZhS2o4SVRISXBnSQ?oc=5,Google News - Stock,RSS,0.7,"Mon, 08 Dec 2025 08:00:00 GMT",2026-09-01T22:46:05.199074+00:00,-0.4939,BEARISH,1,1.0,-0.34573
895a60c7773de4cd70e4d847ce6c131d4502981a8c3b52774c5e2547286f1fc9,"Reliance Power stock rebounds 47% from 52-week low - Price target roadmap for investors, shareholders - Business Today","<a href=""https://news.google.com/rss/articles/CBMi_wFBVV95cUxQUklILTdDSzVOVU43WGlrbVVWd19FV2M3X2NxemdFdEl4azRUODhZTUlXb0lmaTMzbjBzSFRsODBVTXBJU3Q4VU51Q1RCeUR0amY2NmdVTXRqeFYwekUzb0dIR1JoMWhiTUNoV08yOHNQWnBMRkFaazluYlU5V05ta3dEaG1BRzRZX1VYU2MzM1YtajRNNGNNQUdlQ1VLcnh5UHVqaWdJVUJFMGVPTmpfMlRkZHMxTFcxd3RJRUtqNmJHcUFGcHZNalZyRnR4a2w1YXQzV0F5c1kxYWY0U3JweVh1WnNWUEdEcE84WGVkOXE2Q0pYQkhwZXV4eG9feVHSAYQCQVVfeXFMTzZES2lVenFRcWJfQ2lOS1U1a1ZVV2Z5RS1iOEF5VEJ1bVZLLVRyRjdTSUJXd184Sk5rVmlvX0xsTTZiRUI3X2V0bUdfSUl3TlZNYXpwTGJna3Bua1N1dTZnblB6a0RMVTdWSDBGcEdjcXM3Q0VqNXVKT29TTjNTVVF5RjRsLTdmRkp3N3JiYmt0UWxrbjJHaTg4c1NueGhiWEdnak5vNmhOX2VUTXhWQTVROHE5WjN5UVJ2cTJyaVYtWjAtOHc5TnNabHpEa0E4c3hPazFwRUtDLWlkSEwwUzFTT0l4dWplY01hbEVlV2VKdHl5SlFzSnUyNXFhOHZSUUVSeVQ?oc=5"" target=""_blank"">Reliance Power stock rebounds 47% from 52-week low - Price target roadmap for investors, shareholders</a>&nbsp;&nbsp;<font color=""#6f6f6f"">Business Today</font>",https://news.google.com/rss/articles/CBMi_wFBVV95cUxQUklILTdDSzVOVU43WGlrbVVWd19FV2M3X2NxemdFdEl4azRUODhZTUlXb0lmaTMzbjBzSFRsODBVTXBJU3Q4VU51Q1RCeUR0amY2NmdVTXRqeFYwekUzb0dIR1JoMWhiTUNoV08yOHNQWnBMRkFaazluYlU5V05ta3dEaG1BRzRZX1VYU2MzM1YtajRNNGNNQUdlQ1VLcnh5UHVqaWdJVUJFMGVPTmpfMlRkZHMxTFcxd3RJRUtqNmJHcUFGcHZNalZyRnR4a2w1YXQzV0F5c1kxYWY0U3JweVh1WnNWUEdEcE84WGVkOXE2Q0pYQkhwZXV4eG9feVHSAYQCQVVfeXFMTzZES2lVenFRcWJfQ2lOS1U1a1ZVV2Z5RS1iOEF5VEJ1bVZLLVRyRjdTSUJXd184Sk5rVmlvX0xsTTZiRUI3X2V0bUdfSUl3TlZNYXpwTGJna3Bua1N1dTZnblB6a0RMVTdWSDBGcEdjcXM3Q0VqNXVKT29TTjNTVVF5RjRsLTdmRkp3N3JiYmt0UWxrbjJHaTg4c1NueGhiWEdnak5vNmhOX2VUTXhWQTVROHE5WjN5UVJ2cTJyaVYtWjAtOHc5TnNabHpEa0E4c3hPazFwRUtDLWlkSEwwUzFTT0l4dWplY01hbEVlV2VKdHl5SlFzSnUyNXFhOHZSUUVSeVQ?oc=5,Google News - Stock,RSS,0.7,"Wed, 29 Apr 2026 07:00:00 GMT",2026-09-01T22:46:05.198921+00:00,-0.4939,BEARISH,1,1.0,-0.34573
0795bd53f666eec1a3bf32be7c1c60e9ad35c936ad14c78a5e7b645983ff4ba1,Reliance Power shares crack 53% in six months; what analysts say - Business Today,"<a href=""https://news.google.com/rss/articles/CBMiygFBVV95cUxPWmkzeTVmUUE4RUNLYWplWkhCSUdGMkdVc2dSb3VFdjU1TDVRU1F6ZDZJY3dWaEs3emxMclNnT29rVmFKb3Z6Vm9pYjVqeVhGSk1SU0VhbW5tSVJHd3hDYVhCckVjYTVJUVk2MEtYLS1fZ3lvcVNlaDBHOTVmakUxOEVjSU5pam1HSm16RXZxR1ByOUJkLTlwaDRZUU9ucVBqTVhXTEwxTkx2VjcwRncwYlRMQ0F5THdJd2VoMUhiUExUTUxCWFA1clJn0gHPAUFVX3lxTFBObU9rVU1pMjRqMTdoaVZ4TmZtM2JnZEN3M3pwYThlS1JJRjBzTDJOVjFrLXltWXFQbzdiekFOM3RMWHAtbEd1TnI4RnlYOWxZaW1nS00yNWtaY1U4aWd3dUM4bUZwQkpBakF2ZERSdjQ3QVpGcDhoeGJHVkxUY0ViWjFFc3hSYW1fYk9QeUFzR1pUcllKdVhCWmRNcEVzaUs4VklSczUzTkw0TE44TlRlNEE1YS00S29Fek9kZVJVRElrNmE0S25rWEtONWt5cw?oc=5"" target=""_blank"">Reliance Power shares crack 53% in six months; what analysts say</a>&nbsp;&nbsp;<font color=""#6f6f6f"">Business Today</font>",https://news.google.com/rss/articles/CBMiygFBVV95cUxPWmkzeTVmUUE4RUNLYWplWkhCSUdGMkdVc2dSb3VFdjU1TDVRU1F6ZDZJY3dWaEs3emxMclNnT29rVmFKb3Z6Vm9pYjVqeVhGSk1SU0VhbW5tSVJHd3hDYVhCckVjYTVJUVk2MEtYLS1fZ3lvcVNlaDBHOTVmakUxOEVjSU5pam1HSm16RXZxR1ByOUJkLTlwaDRZUU9ucVBqTVhXTEwxTkx2VjcwRncwYlRMQ0F5THdJd2VoMUhiUExUTUxCWFA1clJn0gHPAUFVX3lxTFBObU9rVU1pMjRqMTdoaVZ4TmZtM2JnZEN3M3pwYThlS1JJRjBzTDJOVjFrLXltWXFQbzdiekFOM3RMWHAtbEd1TnI4RnlYOWxZaW1nS00yNWtaY1U4aWd3dUM4bUZwQkpBakF2ZERSdjQ3QVpGcDhoeGJHVkxUY0ViWjFFc3hSYW1fYk9QeUFzR1pUcllKdVhCWmRNcEVzaUs4VklSczUzTkw0TE44TlRlNEE1YS00S29Fek9kZVJVRElrNmE0S25rWEtONWt5cw?oc=5,Google News - Stock,RSS,0.7,"Thu, 11 Dec 2025 08:00:00 GMT",2026-09-01T22:46:05.199058+00:00,0.5267,BULLISH,1,1.0,0.36868999999999996
d51fa13313282ff8683780f3ea134169beb51a216123ef2ce45837beb076d188,"Reliance Power, Reliance Infrastructure shares rally up to 5% amid high trading volumes - The Economic Times","<a href=""https://news.google.com/rss/articles/CBMi8AFBVV95cUxPaVdSNzdOT0hwTE5BRjYxOEo2eXozcFY3Zk5MZ3lPM1o2X3R1eGNhaUlFQ0I2SmhvUUlXOHI0U0t1ZmtsSHQ1cHBnajBCSTNSaDdIZXNGdmtka2ZtSno4YW8yYm4tbmk4eW15UDY5MWZUdkl3NjRZYXkyeDBKWndYdEhwd3o3QmJZUjk3SVFzdFdjNGE1YkJxMnlmOTh2cTA0OWxiRWlYNlJsMGs4Z1RETEZyODFpWjRTMDM5cWQ1djJIdFJiRV9jZHFZcXRzMzhBZDRyajR4OXh6SF9nWGdWMGpsRjlUbFNhWWhTRVNuR0jSAfYBQVVfeXFMTU9IT1IwZnFzZzlWcmpGRUJLem9qTnFLZ2JCZ0hiYjAzNXQ4bUFIYmFPU2pXZWV4TldXR3Q5aG5HUDk2Q1l4TFp3QTVBY0lPdXVCQzVkY3BhUGFfUk1Id184dFdoeVl2R3VvbUREMkpiR0ZIWXZadGQwOHdTNk9fRDlNYnJfcGc0OWJQWEhGTFFDZ2hlYjA5ZU5DQ19USkVudzk3SGxqdjhwTTlVaHZMdE5XTGgyT3VxcFUwZldobXRWYUhMdm5sZVJxMlVMaVR4V296VkFsNVZnNnB6NmNTWUZIZ01NSER5OTZRZ29aVWpBbzh0S1Zn?oc=5"" target=""_blank"">Reliance Power, Reliance Infrastructure shares rally up to 5% amid high trading volumes</a>&nbsp;&nbsp;<font color=""#6f6f6f"">The Economic Times</font>",https://news.google.com/rss/articles/CBMi8AFBVV95cUxPaVdSNzdOT0hwTE5BRjYxOEo2eXozcFY3Zk5MZ3lPM1o2X3R1eGNhaUlFQ0I2SmhvUUlXOHI0U0t1ZmtsSHQ1cHBnajBCSTNSaDdIZXNGdmtka2ZtSno4YW8yYm4tbmk4eW15UDY5MWZUdkl3NjRZYXkyeDBKWndYdEhwd3o3QmJZUjk3SVFzdFdjNGE1YkJxMnlmOTh2cTA0OWxiRWlYNlJsMGs4Z1RETEZyODFpWjRTMDM5cWQ1djJIdFJiRV9jZHFZcXRzMzhBZDRyajR4OXh6SF9nWGdWMGpsRjlUbFNhWWhTRVNuR0jSAfYBQVVfeXFMTU9IT1IwZnFzZzlWcmpGRUJLem9qTnFLZ2JCZ0hiYjAzNXQ4bUFIYmFPU2pXZWV4TldXR3Q5aG5HUDk2Q1l4TFp3QTVBY0lPdXVCQzVkY3BhUGFfUk1Id184dFdoeVl2R3VvbUREMkpiR0ZIWXZadGQwOHdTNk9fRDlNYnJfcGc0OWJQWEhGTFFDZ2hlYjA5ZU5DQ19USkVudzk3SGxqdjhwTTlVaHZMdE5XTGgyT3VxcFUwZldobXRWYUhMdm5sZVJxMlVMaVR4V296VkFsNVZnNnB6NmNTWUZIZ01NSER5OTZRZ29aVWpBbzh0S1Zn?oc=5,Google News - Stock,RSS,0.7,"Wed, 26 Nov 2025 08:00:00 GMT",2026-09-01T22:46:05.199032+00:00,0.5767,BULLISH,1,1.0,0.40369
8c54c4421b5804db46c2476755b20b50b70f4b7538184f48e488897e1429cee5,Reliance Power among 4 stocks close crossing below VWAP - The Economic Times,"<a href=""https://news.google.com/rss/articles/CBMi2gFBVV95cUxQbXdHNGNHWlZRTTJDTU5DQ3BqUm5kSlF3cmgyc09wdkZDbE5yb2hXVnhUeTQ1V284aHNoRXhMdGtkcnBTVnNHaUk3R0hpZnpxQlRNV2NTREtvbFFvbmdHVFRtYnhYcmNmMnltUnRwd2JZWG9uV3V0MVRkSFA0TG00aUtZaHRNRzFkaDc1dDliOW9mNHEzNGtJR0hRd0sxLUQzYXhjV2YtenBFNEZYWUFFbzhicUh2d3RjSVRSUTZkZVVwYTY0czJrODkxWDhfSmp4Z294cTJmcjBaZw?oc=5"" target=""_blank"">Reliance Power among 4 stocks close crossing below VWAP</a>&nbsp;&nbsp;<font color=""#6f6f6f"">The Economic Times</font>",https://news.google.com/rss/articles/CBMi2gFBVV95cUxQbXdHNGNHWlZRTTJDTU5DQ3BqUm5kSlF3cmgyc09wdkZDbE5yb2hXVnhUeTQ1V284aHNoRXhMdGtkcnBTVnNHaUk3R0hpZnpxQlRNV2NTREtvbFFvbmdHVFRtYnhYcmNmMnltUnRwd2JZWG9uV3V0MVRkSFA0TG00aUtZaHRNRzFkaDc1dDliOW9mNHEzNGtJR0hRd0sxLUQzYXhjV2YtenBFNEZYWUFFbzhicUh2d3RjSVRSUTZkZVVwYTY0czJrODkxWDhfSmp4Z294cTJmcjBaZw?oc=5,Google News - Stock,RSS,0.7,"Mon, 02 Mar 2026 08:00:00 GMT",2026-09-01T22:46:05.199009+00:00,0.0,NEUTRAL,1,1.0,0.0
a22e6b5698e6938958c0c80b67381e0a215761eb1e1ebd49ea4bcffb2a3ee43c,Reliance Power Share Price Jumps 4% After Board Update - Samco,"<a href=""https://news.google.com/rss/articles/CBMi1gFBVV95cUxNakNrSWVMc0t3SnZHZFFjajV3MUEwUjZQaDRaVlYwc1VqRFgxdXhvTTZlU1dienJmSUJtXzFxNFdYNWVPX1l4bU5sQUJ1aDVIV1FOQk5PR1BodXRJMTBocDk3VVZoUmdxUkkxblg3b3JUdkM3S0xfN0dhTnVkOEJrVWJnNGRVcEVFLWVXNTI4VnZyNXNsTzFPdFdnTDdpWTJjQ2JnWmhtcHFHOW1qeFlJOFBFT0djUlJSaEFIbmxqT3EwdDREekFLWlRfSk15Qmo1SEpUeXBR?oc=5"" target=""_blank"">Reliance Power Share Price Jumps 4% After Board Update</a>&nbsp;&nbsp;<font color=""#6f6f6f"">Samco</font>",https://news.google.com/rss/articles/CBMi1gFBVV95cUxNakNrSWVMc0t3SnZHZFFjajV3MUEwUjZQaDRaVlYwc1VqRFgxdXhvTTZlU1dienJmSUJtXzFxNFdYNWVPX1l4bU5sQUJ1aDVIV1FOQk5PR1BodXRJMTBocDk3VVZoUmdxUkkxblg3b3JUdkM3S0xfN0dhTnVkOEJrVWJnNGRVcEVFLWVXNTI4VnZyNXNsTzFPdFdnTDdpWTJjQ2JnWmhtcHFHOW1qeFlJOFBFT0djUlJSaEFIbmxqT3EwdDREekFLWlRfSk15Qmo1SEpUeXBR?oc=5,Google News - Stock,RSS,0.7,"Thu, 20 Nov 2025 08:00:00 GMT",2026-09-01T22:46:05.198993+00:00,0.5267,BULLISH,1,1.0,0.36868999999999996
f981693492aa3d0c60e28b3b85ca9af4c6948382ec8a3c036dcdc6de9117df51,"Vodafone Idea, JP Power, Suzlon, Reliance Power among the most traded stocks today, 23 April 2026 - Livemint","<a href=""https://news.google.com/rss/articles/CBMi9gFBVV95cUxOWGlhc1BsOUdpSHVJVTUtNTdJMENsMGJWTmdwcy1pY0xhY0I1SWxRUkZqcWlEVXpTNmpFd2VTWTlCNlh1M3NjeTZpR0szNW0yMUtIYms5U0ZRM3RHTHczSHBrRUNkbFNYQl90RWp3eHBEZHVUOXZHTWc1Yjh3LU9NY0o5UEMtd21iN1VFVUtJSk5icnYxbk5ZN3ZLSlpBc3ZxSWRMeXc1Y2ZUYWdvdVBKamhZUTF2QVRQVVlicjA5YWRPdWVUZnZldVJnMU9qc05OMTNwTzhOSjdTM1dHZ2xLVkNQdHl6WUJIQjVhbW02UFlwTUpyQ1HSAfsBQVVfeXFMUGpmTXVKWmRqVFBDQWZ4Zm1TWG9kd2g5QTRnc0phcTFQaEZTZHN1Q2ViMm9GNzBjUi1uWUpPU2dCak9Xd3VNdHdjVXV2NHlkdU5uNHV5U1BRcnUzRXNucFVqS2d0OWhJZF9jcFE5cWZNRzhrbFZ4VlVfYThDdmhtZU5CcThZdzFZaW9QYW9RVlVzTTZMSkFiZndpS1RicHZWWDdRY1QxbTZpY3gwSUNTNkV3a3FRODdVWHVjWGZBSTZzUmU5VjFRb2taQmdhTTNiZFpuejJyd0cwMEQyekQyQjdZYU42Q3Q1QzdMLTRqb0dMdTNpclRwc2E2ZFE?oc=5"" target=""_blank"">Vodafone Idea, JP Power, Suzlon, Reliance Power among the most traded stocks today, 23 April 2026</a>&nbsp;&nbsp;<font color=""#6f6f6f"">Livemint</font>",https://news.google.com/rss/articles/CBMi9gFBVV95cUxOWGlhc1BsOUdpSHVJVTUtNTdJMENsMGJWTmdwcy1pY0xhY0I1SWxRUkZqcWlEVXpTNmpFd2VTWTlCNlh1M3NjeTZpR0szNW0yMUtIYms5U0ZRM3RHTHczSHBrRUNkbFNYQl90RWp3eHBEZHVUOXZHTWc1Yjh3LU9NY0o5UEMtd21iN1VFVUtJSk5icnYxbk5ZN3ZLSlpBc3ZxSWRMeXc1Y2ZUYWdvdVBKamhZUTF2QVRQVVlicjA5YWRPdWVUZnZldVJnMU9qc05OMTNwTzhOSjdTM1dHZ2xLVkNQdHl6WUJIQjVhbW02UFlwTUpyQ1HSAfsBQVVfeXFMUGpmTXVKWmRqVFBDQWZ4Zm1TWG9kd2g5QTRnc0phcTFQaEZTZHN1Q2ViMm9GNzBjUi1uWUpPU2dCak9Xd3VNdHdjVXV2NHlkdU5uNHV5U1BRcnUzRXNucFVqS2d0OWhJZF9jcFE5cWZNRzhrbFZ4VlVfYThDdmhtZU5CcThZdzFZaW9QYW9RVlVzTTZMSkFiZndpS1RicHZWWDdRY1QxbTZpY3gwSUNTNkV3a3FRODdVWHVjWGZBSTZzUmU5VjFRb2taQmdhTTNiZFpuejJyd0cwMEQyekQyQjdZYU42Q3Q1QzdMLTRqb0dMdTNpclRwc2E2ZFE?oc=5,Google News - Stock,RSS,0.7,"Thu, 23 Apr 2026 07:00:00 GMT",2026-09-01T22:46:05.198983+00:00,0.6207,BULLISH,1,1.0,0.43449
99efdc4309a59e0e22730843e630726d62bbbc1f0488f96d2f17e8dfbd7d2b3f,Reliance Power - Broader markets rally! These smallcap stocks jumped up to 57% in April so far. Do you own any? - The Economic Times,"<a href=""https://news.google.com/rss/articles/CBMiiAJBVV95cUxOWnJORUE2MHFwcHN6M1VSTVR2NTlYVENwMEZfb05oQkVlRlBPN0ZINGhtYVp1c3dZdU5ZSkZua09jVWhZenZXUUtLcnVOWC1FY1BKNU8wT0EyeVJSR0d1RDZONXpYeGFhb25YcUFKTGdJUVFYcXBEQnVsOVVQN0hWYzZzSzBicEtGMGV1ZW1FOE9PSVg5RExRc0tmNjVpUWZsbDQ0WC1CNmVqTXRZMktZbkNRN3FlVlNBWFpPdmdqOGNjanRDVDd6NzQ5YUxsemJyVU9vNVRWZE5mN1A4TDFoS3phYUhXVjgxdkFmVEd5QWJldWtZNHlLOV9tRmhEbDlvM3k5a2ZjcUM?oc=5"" target=""_blank"">Reliance Power - Broader markets rally! These smallcap stocks jumped up to 57% in April so far. Do you own any?</a>&nbsp;&nbsp;<font color=""#6f6f6f"">The Economic Times</font>",https://news.google.com/rss/articles/CBMiiAJBVV95cUxOWnJORUE2MHFwcHN6M1VSTVR2NTlYVENwMEZfb05oQkVlRlBPN0ZINGhtYVp1c3dZdU5ZSkZua09jVWhZenZXUUtLcnVOWC1FY1BKNU8wT0EyeVJSR0d1RDZONXpYeGFhb25YcUFKTGdJUVFYcXBEQnVsOVVQN0hWYzZzSzBicEtGMGV1ZW1FOE9PSVg5RExRc0tmNjVpUWZsbDQ0WC1CNmVqTXRZMktZbkNRN3FlVlNBWFpPdmdqOGNjanRDVDd6NzQ5YUxsemJyVU9vNVRWZE5mN1A4TDFoS3phYUhXVjgxdkFmVEd5QWJldWtZNHlLOV9tRmhEbDlvM3k5a2ZjcUM?oc=5,Google News - Stock,RSS,0.7,"Tue, 28 Apr 2026 07:00:00 GMT",2026-09-01T22:46:05.198953+00:00,0.05,NEUTRAL,1,1.0,0.034999999999999996
db0bad0897b0536a5557c2bb2f5f378a70aa4ae7859ed5d448cfab0695ff7f34,"Anil Ambani’s Reliance Power shares rise 5%, snap 3-day fall. What’s behind the surge? - The Economic Times","<a href=""https://news.google.com/rss/articles/CBMi6gFBVV95cUxQQ2syUDdRN0xpWDd3eGt6WW94MnBwd1ZpeTMwTWh4aG96cko4ZUVPdVc4S2pSZ045Z3lJWUZ3bk1uSjFkeGpSdnp4T3VIYTZXOE5HZS0zVFpJbmpBcXhRZzR2MEpWb05WNFk1OUZLY0JPQ2ExdERPcUI2M2V2UXpwOHliNXJSN0t0YkNFRTRkV3piRDg0UFVVc1FrVk5Qc2Q5b3p3eGpPVmh6ZGQ1SUNnVGt1U1BNOFRmSVhxZzRCU0ZRei1xU09sblFwR2pzcUJEUXlnYkt1S085c1BLS1dyZGZUOC02SmNBamfSAe8BQVVfeXFMTXZETV85anNTdFVHZ284emJkOWFlVVRZUWY5N3F3blFOSmI1dnVoTnktREI3M2VZSmJqR09wRWxVQ2hGdkpYbnpLQWJCMXNjVmwtR1ZkMTYyalR0WTVfcFl6R3RWWmJydTBuZHJkc0VXU1lRbHpfUTBDN0J2S1hTaTRfVVplX3RFRlNKUlVjX0xpTkZfRzNueXU1WHo0YlRpZjFpQlhhLUw5VmlxYnV2QVltbUdtWV9lZTFDMVZTQ1ZwS1FvSldmeTNpWnFKcWVuQ3V5ZjRpRlFOVVlGQXJjdnhmX1lCLWZVSjBCWTZBYk0?oc=5"" target=""_blank"">Anil Ambani’s Reliance Power shares rise 5%, snap 3-day fall. What’s behind the surge?</a>&nbsp;&nbsp;<font color=""#6f6f6f"">The Economic Times</font>",https://news.google.com/rss/articles/CBMi6gFBVV95cUxQQ2syUDdRN0xpWDd3eGt6WW94MnBwd1ZpeTMwTWh4aG96cko4ZUVPdVc4S2pSZ045Z3lJWUZ3bk1uSjFkeGpSdnp4T3VIYTZXOE5HZS0zVFpJbmpBcXhRZzR2MEpWb05WNFk1OUZLY0JPQ2ExdERPcUI2M2V2UXpwOHliNXJSN0t0YkNFRTRkV3piRDg0UFVVc1FrVk5Qc2Q5b3p3eGpPVmh6ZGQ1SUNnVGt1U1BNOFRmSVhxZzRCU0ZRei1xU09sblFwR2pzcUJEUXlnYkt1S085c1BLS1dyZGZUOC02SmNBamfSAe8BQVVfeXFMTXZETV85anNTdFVHZ284emJkOWFlVVRZUWY5N3F3blFOSmI1dnVoTnktREI3M2VZSmJqR09wRWxVQ2hGdkpYbnpLQWJCMXNjVmwtR1ZkMTYyalR0WTVfcFl6R3RWWmJydTBuZHJkc0VXU1lRbHpfUTBDN0J2S1hTaTRfVVplX3RFRlNKUlVjX0xpTkZfRzNueXU1WHo0YlRpZjFpQlhhLUw5VmlxYnV2QVltbUdtWV9lZTFDMVZTQ1ZwS1FvSldmeTNpWnFKcWVuQ3V5ZjRpRlFOVVlGQXJjdnhmX1lCLWZVSjBCWTZBYk0?oc=5,Google News - Stock,RSS,0.7,"Thu, 20 Nov 2025 08:00:00 GMT",2026-09-01T22:46:05.198930+00:00,0.6546000000000001,BULLISH,1,1.0,0.45822
5a26051cb1782625e6badc0d1ee87c74b05155856da9de5febf540b81a3804f4,Reliance Power gets Rs 2.45 Cr tax penalty for AY 2016-17 - scanx.trade,"<a href=""https://news.google.com/rss/articles/CBMitAFBVV95cUxQUDBmbzZndEM1WV8zS2xLLXV1YzFHYW1Ga3R5RzNZZUZDdlJLckw2Vk9fbWxpMkFfZUg1clRpR3JMTGpZM19lcDFibEdQdWZleFB0NnNjSnJfeHVmM2gzYmp5cnRGTHdVX3VKM3ZpN2sxdDFMTjUyNVI2VjIwc2lodFNwWVcybVpQS3BQWDE3RnExNkF4eURieFdhdDhzLU1lcHRlUWZRWVVJVnU0YW5JU3Rabmo?oc=5"" target=""_blank"">Reliance Power gets Rs 2.45 Cr tax penalty for AY 2016-17</a>&nbsp;&nbsp;<font color=""#6f6f6f"">scanx.trade</font>",https://news.google.com/rss/articles/CBMitAFBVV95cUxQUDBmbzZndEM1WV8zS2xLLXV1YzFHYW1Ga3R5RzNZZUZDdlJLckw2Vk9fbWxpMkFfZUg1clRpR3JMTGpZM19lcDFibEdQdWZleFB0NnNjSnJfeHVmM2gzYmp5cnRGTHdVX3VKM3ZpN2sxdDFMTjUyNVI2VjIwc2lodFNwWVcybVpQS3BQWDE3RnExNkF4eURieFdhdDhzLU1lcHRlUWZRWVVJVnU0YW5JU3Rabmo?oc=5,Google News - Company,RSS,0.7,"Thu, 02 Jul 2026 07:00:00 GMT",2026-09-01T22:46:04.767320+00:00,-0.7684000000000001,BEARISH,1,1.0,-0.53788
aa76f9e58930f2c792800aa6ca6b557480bc7dabc8e1753288dbff28a90e84d0,"Reliance Power Ltd soars 1.37%, up for third straight session - Business Standard","<a href=""https://news.google.com/rss/articles/CBMi2AFBVV95cUxQSkF2NG14a1h1SEtodGh3ZTNMSk9DTHFvSEZSMVExM1psVVNqU0Z6Z2E2LXhGTkw0SFpvYTlOMWI4VWkwX0NNYmRFdUphUDRSUGJ6QWtDOGZwbVVGTU9KRGV1dVY0QzF4SlVtc2pCdk5oanRBdFRqbmN6ZU5VSi1wTjR4d1JfOTFCMlZiZmxSNFBCdTYyaFdmR3QwbVphMG5jN09JT2NZVXU0bXdJckJuMVYwT2J0WnJMcTBvOG1kVkFqNmZqREltN0kxTlFCRldkUEZJcWJkVmXSAd4BQVVfeXFMTjJnT0FENVI1Vm1VOEpaOHBWNGxtbWt5U3JSWThaaUVPc3FHY0xhY282SnQ2TTBGdzdSd0JmQkNleExHc0ZrSHNTWjFjazlkNXFNc0hMZnJRS1FmQndVa2JQVWN5QXh1QlZPRDlUUldiNGNRbTlENlVjd0s3MDlkcFowRTM0QUppS0tFX1JiS1U5QWR2Z08yM1RrVl9mckFIUmlseklRQi12MnF6dHVnd3pBS3dWcnFXZVctVnhwUXdoallTbjlOWEtCUzNoaXQ0SFgyN3V4V210UEZ1TEhR?oc=5"" target=""_blank"">Reliance Power Ltd soars 1.37%, up for third straight session</a>&nbsp;&nbsp;<font color=""#6f6f6f"">Business Standard</font>",https://news.google.com/rss/articles/CBMi2AFBVV95cUxQSkF2NG14a1h1SEtodGh3ZTNMSk9DTHFvSEZSMVExM1psVVNqU0Z6Z2E2LXhGTkw0SFpvYTlOMWI4VWkwX0NNYmRFdUphUDRSUGJ6QWtDOGZwbVVGTU9KRGV1dVY0QzF4SlVtc2pCdk5oanRBdFRqbmN6ZU5VSi1wTjR4d1JfOTFCMlZiZmxSNFBCdTYyaFdmR3QwbVphMG5jN09JT2NZVXU0bXdJckJuMVYwT2J0WnJMcTBvOG1kVkFqNmZqREltN0kxTlFCRldkUEZJcWJkVmXSAd4BQVVfeXFMTjJnT0FENVI1Vm1VOEpaOHBWNGxtbWt5U3JSWThaaUVPc3FHY0xhY282SnQ2TTBGdzdSd0JmQkNleExHc0ZrSHNTWjFjazlkNXFNc0hMZnJRS1FmQndVa2JQVWN5QXh1QlZPRDlUUldiNGNRbTlENlVjd0s3MDlkcFowRTM0QUppS0tFX1JiS1U5QWR2Z08yM1RrVl9mckFIUmlseklRQi12MnF6dHVnd3pBS3dWcnFXZVctVnhwUXdoallTbjlOWEtCUzNoaXQ0SFgyN3V4V210UEZ1TEhR?oc=5,Google News - Company,RSS,0.7,"Thu, 04 Jun 2026 07:00:00 GMT",2026-09-01T22:46:04.767313+00:00,0.4215,BULLISH,1,1.0,0.29505
6f2c4a932ef4018a87cca252c9ba34199ee3b6387f71853c531b99cb72c81df6,"Reliance Power Share Price Target 2027, 2028 and 2030: Long Term Analyst Forecast - Univest","<a href=""https://news.google.com/rss/articles/CBMigAFBVV95cUxQQzdRN01MWkVRTFM0dlBqMVU1dHpPZFo1bmNFSmZpcVRMb0k0Y2tpY0JpRnZaZjMwdFl3eE9EWDRmT21SdGNyVFlDRFdrYW96YUFxMGVvR2RmVEExRXhXbnlOT19kN1JiNXRkdUlFTWFmMkVqaHpFako1OGZUNGFHeQ?oc=5"" target=""_blank"">Reliance Power Share Price Target 2027, 2028 and 2030: Long Term Analyst Forecast</a>&nbsp;&nbsp;<font color=""#6f6f6f"">Univest</font>",https://news.google.com/rss/articles/CBMigAFBVV95cUxQQzdRN01MWkVRTFM0dlBqMVU1dHpPZFo1bmNFSmZpcVRMb0k0Y2tpY0JpRnZaZjMwdFl3eE9EWDRmT21SdGNyVFlDRFdrYW96YUFxMGVvR2RmVEExRXhXbnlOT19kN1JiNXRkdUlFTWFmMkVqaHpFako1OGZUNGFHeQ?oc=5,Google News - Company,RSS,0.7,"Fri, 07 Aug 2026 07:00:00 GMT",2026-09-01T22:46:04.767305+00:00,0.5267,BULLISH,1,1.0,0.36868999999999996
65a54632a6fe93745975f0527de76ca81a6de03383a5a5e9aadd5f0d1cdc127a,"Reliance Power extends winning streak for second day, stock rallies 18% on Wednesday; here’s why - Upstox","<a href=""https://news.google.com/rss/articles/CBMi5wFBVV95cUxPVnRqM2d3NkUySmF5bXhvQVh3NTdTTC1qQ0RYRkotRVpQc1p5Mk9HMkhueDZWWTVyUE5SUXEzZVZYVEVKdjU2bk5qR3laTXBzOWhyNTJxWEEzMkVxTEh3Ul8tcWlrRElxVDUyVktsX1FEdEdNZkFSZDdPa2szbXJlZDltOWRxZzhFQmJZVGpGaTNIb0R3QS1EcTQ1Rk9SWU5IdU1SNXV4dkxKLTFPcUlUbjRtOUNuNTl1NklESW11T2NyVkg1VHdvc2t5ME1KS180TmstSkQ0T0dqdkZ5Y05NMUR6LVhLeE0?oc=5"" target=""_blank"">Reliance Power extends winning streak for second day, stock rallies 18% on Wednesday; here’s why</a>&nbsp;&nbsp;<font color=""#6f6f6f"">Upstox</font>",https://news.google.com/rss/articles/CBMi5wFBVV95cUxPVnRqM2d3NkUySmF5bXhvQVh3NTdTTC1qQ0RYRkotRVpQc1p5Mk9HMkhueDZWWTVyUE5SUXEzZVZYVEVKdjU2bk5qR3laTXBzOWhyNTJxWEEzMkVxTEh3Ul8tcWlrRElxVDUyVktsX1FEdEdNZkFSZDdPa2szbXJlZDltOWRxZzhFQmJZVGpGaTNIb0R3QS1EcTQ1Rk9SWU5IdU1SNXV4dkxKLTFPcUlUbjRtOUNuNTl1NklESW11T2NyVkg1VHdvc2t5ME1KS180TmstSkQ0T0dqdkZ5Y05NMUR6LVhLeE0?oc=5,Google News - Company,RSS,0.7,"Tue, 30 Jun 2026 07:00:00 GMT",2026-09-01T22:46:04.767291+00:00,0.8316,BULLISH,1,1.0,0.58212
a05e43ea9f8f34352f297bbb429f90405df413ed4a2c4c9a4df6a207a5939a7e,"Reliance Power faces ₹407.60 crore asset attachment under PMLA, to file appeal - ETLegalWorld.com","<a href=""https://news.google.com/rss/articles/CBMihAJBVV95cUxQclZMRm02OC10b0JjZDFfSkxFNWJoNUh5djdqQW53SHZqRnI3ZjdINm1WaUxFajFiVnRNbDBLdjJqXzBTUkM2TDhCOWEwSzBqMGJuLWh2UE12MWZYcllNeFVKM0lQTHFxRkdEUmN0U01GWWRFWUt5aGtHbEM1dm5ZNTdNUHV0bmdUSWlRU0VtOWdmNmhlRWpoWVJqZXIwWjJ0TDF2cUttRFRNdG92M25VQlJOcHpIR0FabFRVZjJkcUtaaXI4RUdOZ051TWxXRi00c1A4aGpibkllakJhTURDMWxzcm94SUJnT2VPNjk5eWliMngzRDdPejdNTmNoaDRmdDYxa9IBigJBVV95cUxNSmVvM1JPalFrbGlqcEtQblJfTG5abTgtMVhmYUJubGJyQzJSQXJSbjYtUldFLWRLdTFzM3FwaEZnTjZMRXNqdm9Udll5dmNtaEFMblR4TnNBWGRrOHZMQ1d0M3BDeUlWUGJzS2JsOU1tMW1LWEEwY2FpRl9ZWmlfRkVYVjBrVGptQlZmM0h6Rjk4Q21BeHlnTkFJREhGSUtUb0NBM0hmblhXanEwVFNaR1hZZ1FrYkQxOEpDMEtjRzRyVW1veHNqeWszN2N5WVZlV203MzdHdHMyTEFoZF9qS0ExMTQ2eDBwaGpYbE1udkdlRE83VVBzSi1sMDFKVjVWWTc3WE9RNGpzUQ?oc=5"" target=""_blank"">Reliance Power faces ₹407.60 crore asset attachment under PMLA, to file appeal</a>&nbsp;&nbsp;<font color=""#6f6f6f"">ETLegalWorld.com</font>",https://news.google.com/rss/articles/CBMihAJBVV95cUxQclZMRm02OC10b0JjZDFfSkxFNWJoNUh5djdqQW53SHZqRnI3ZjdINm1WaUxFajFiVnRNbDBLdjJqXzBTUkM2TDhCOWEwSzBqMGJuLWh2UE12MWZYcllNeFVKM0lQTHFxRkdEUmN0U01GWWRFWUt5aGtHbEM1dm5ZNTdNUHV0bmdUSWlRU0VtOWdmNmhlRWpoWVJqZXIwWjJ0TDF2cUttRFRNdG92M25VQlJOcHpIR0FabFRVZjJkcUtaaXI4RUdOZ051TWxXRi00c1A4aGpibkllakJhTURDMWxzcm94SUJnT2VPNjk5eWliMngzRDdPejdNTmNoaDRmdDYxa9IBigJBVV95cUxNSmVvM1JPalFrbGlqcEtQblJfTG5abTgtMVhmYUJubGJyQzJSQXJSbjYtUldFLWRLdTFzM3FwaEZnTjZMRXNqdm9Udll5dmNtaEFMblR4TnNBWGRrOHZMQ1d0M3BDeUlWUGJzS2JsOU1tMW1LWEEwY2FpRl9ZWmlfRkVYVjBrVGptQlZmM0h6Rjk4Q21BeHlnTkFJREhGSUtUb0NBM0hmblhXanEwVFNaR1hZZ1FrYkQxOEpDMEtjRzRyVW1veHNqeWszN2N5WVZlV203MzdHdHMyTEFoZF9qS0ExMTQ2eDBwaGpYbE1udkdlRE83VVBzSi1sMDFKVjVWWTc3WE9RNGpzUQ?oc=5,Google News - Company,RSS,0.7,"Thu, 21 May 2026 07:00:00 GMT",2026-09-01T22:46:04.767283+00:00,0.8126,BULLISH,1,1.0,0.56882
3b299b702a7694e1be8010624ebdd2fb02514db524c6daeead1cdbe9f8adf80b,"Reliance Power schedules 32nd AGM for Aug 14, e-voting opens Aug 10 - scanx.trade","<a href=""https://news.google.com/rss/articles/CBMiowFBVV95cUxQaGpDYXFvZURia0xmNW5CWWxVcXVqVnh0Q2RROTY2Wm1yX2R0cnpVeTVqRHBuLXY4VUlEczRTODRWT0ZtTF9OU1huV2VXTGlMU1IzTUNvS3lSNmhhSHFWRXUxMzhGRS0wMXVEdWswa1lkVnFkMm1oWUM4X1ZlR1oyLTlOS0M1V3oxLW5iSEdPLXRGSjNFZzJsbzlTUF9seEhDaHZv?oc=5"" target=""_blank"">Reliance Power schedules 32nd AGM for Aug 14, e-voting opens Aug 10</a>&nbsp;&nbsp;<font color=""#6f6f6f"">scanx.trade</font>",https://news.google.com/rss/articles/CBMiowFBVV95cUxQaGpDYXFvZURia0xmNW5CWWxVcXVqVnh0Q2RROTY2Wm1yX2R0cnpVeTVqRHBuLXY4VUlEczRTODRWT0ZtTF9OU1huV2VXTGlMU1IzTUNvS3lSNmhhSHFWRXUxMzhGRS0wMXVEdWswa1lkVnFkMm1oWUM4X1ZlR1oyLTlOS0M1V3oxLW5iSEdPLXRGSjNFZzJsbzlTUF9seEhDaHZv?oc=5,Google News - Company,RSS,0.7,"Thu, 23 Jul 2026 07:00:00 GMT",2026-09-01T22:46:04.767259+00:00,0.0,NEUTRAL,1,1.0,0.0
dc3a7ad6f28366c15cef61a7984116fa992d5d77a7a4840fa892b27fe57d960a,ED conducts raids against people linked to Reliance Power; company denies - newindianexpress.com,"<a href=""https://news.google.com/rss/articles/CBMiwAFBVV95cUxQMDl6aHpvSFdZaFM5Vk9qdkRoN3c0NGlCMGFDOVlHYTBmTHY1aUQtR1E3emdaelFSNlBYSlhxd2JqdHNKSUVsSHloQVFSWWVmWHpoWWN1QVAxdEdndjlFenk0MTFKWGVLbUZrTzlSdlh0eURaMFpqLTZoVC1nME04c0x5dlhNdzhlSXgyM2Z1LWZNcGlfRndPRWtyREs0cW9ncUs1UkYyT1ZUWHgxdTByeUoycWFBN05lYjJ5dHg0MFLSAc4BQVVfeXFMT0xuTG5nR0NwMVNJWUZXMzRvcTlFVl9mSDhEYTJQRmIzTW9jcDR6R1dzUjV0NEJPdEI1UVA0SUh3VnJWOW96SXFSci1sYjBQeWZVbERHdnBOTVVlU3FNTG1iTUUxd2MtSlhrMkNQUGtIWXFnZkpJQThzdzJBUzdYNk9rWlI0MjBjUmhGSzhJY0t2WE9CZVdJZWl5VFV4SzNqQUtmZUJ2UXJILV9NeFFzOUxIc2FCT2Q4RUJWckQySmF6N3BfbjR6ZW45S1ljVkE?oc=5"" target=""_blank"">ED conducts raids against people linked to Reliance Power; company denies</a>&nbsp;&nbsp;<font color=""#6f6f6f"">newindianexpress.com</font>",https://news.google.com/rss/articles/CBMiwAFBVV95cUxQMDl6aHpvSFdZaFM5Vk9qdkRoN3c0NGlCMGFDOVlHYTBmTHY1aUQtR1E3emdaelFSNlBYSlhxd2JqdHNKSUVsSHloQVFSWWVmWHpoWWN1QVAxdEdndjlFenk0MTFKWGVLbUZrTzlSdlh0eURaMFpqLTZoVC1nME04c0x5dlhNdzhlSXgyM2Z1LWZNcGlfRndPRWtyREs0cW9ncUs1UkYyT1ZUWHgxdTByeUoycWFBN05lYjJ5dHg0MFLSAc4BQVVfeXFMT0xuTG5nR0NwMVNJWUZXMzRvcTlFVl9mSDhEYTJQRmIzTW9jcDR6R1dzUjV0NEJPdEI1UVA0SUh3VnJWOW96SXFSci1sYjBQeWZVbERHdnBOTVVlU3FNTG1iTUUxd2MtSlhrMkNQUGtIWXFnZkpJQThzdzJBUzdYNk9rWlI0MjBjUmhGSzhJY0t2WE9CZVdJZWl5VFV4SzNqQUtmZUJ2UXJILV9NeFFzOUxIc2FCT2Q4RUJWckQySmF6N3BfbjR6ZW45S1ljVkE?oc=5,Google News - Company,RSS,0.7,"Fri, 06 Mar 2026 08:00:00 GMT",2026-09-01T22:46:04.767248+00:00,-0.4215,BEARISH,1,1.0,-0.29505
c0536ae6d3f49b5a161f5e64f357d1e0ecd1d5dc0b33cad68ca8000e11fb9cfd,"Reliance Power shares surge 18% on foraying into AI, allied new-age technologies - Moneycontrol.com","<a href=""https://news.google.com/rss/articles/CBMi1wFBVV95cUxNdFlfV00xSlhsYjF6VHN3VV9iYUVIRk1CTzFuR2VETEkwQ3ZDQUN4cGowVkFuZ3Q0am9Lb0FIQnphZ3A3R1ZuLTJjeXlCS080ZThQb3FpMmpmNE5CbW1xZ2E0eVZhc1VtTHVKc3A3YjNrQ0xqTmZIZVp3QVFQaEdsTlctbG91al9aQ2RIZHYzU1lmWDNkUXF1THJXMzdhLV9NZ2FrelFLYVA2RXotUVJxVTNjWDZKdEQ4STZmeWd2Z1Z4dk5jSnFHVkF2WDdFUkdVcUFsR0htY9IB3AFBVV95cUxNbm9HU01nc3ctMWFiRFNpeVo3ckFFZm5ZZlVqd0puaVg2QjVzNDVqVDEtMVlBaUVDWGV3RXdaN0p6d1I4Yk04WGFDQWhkelgzTnVEYWpYNVE2R1FXMlloT0RTSEVNUkhDMFlHamplX0dMZVlYLVpFYmFpVGx3QWZCejBTcm5qSU5iVTFTQlNoam50aXdwS09qa1MzcmkzOEhlUG80dWIyZ0ZPZ2VyaWdpc09icWRaU0dtTE9NeGFUR0pzZEsyMTNPWlNSVk5qbVlBa1RrZGVvcHI3d09J?oc=5"" target=""_blank"">Reliance Power shares surge 18% on foraying into AI, allied new-age technologies</a>&nbsp;&nbsp;<font color=""#6f6f6f"">Moneycontrol.com</font>",https://news.google.com/rss/articles/CBMi1wFBVV95cUxNdFlfV00xSlhsYjF6VHN3VV9iYUVIRk1CTzFuR2VETEkwQ3ZDQUN4cGowVkFuZ3Q0am9Lb0FIQnphZ3A3R1ZuLTJjeXlCS080ZThQb3FpMmpmNE5CbW1xZ2E0eVZhc1VtTHVKc3A3YjNrQ0xqTmZIZVp3QVFQaEdsTlctbG91al9aQ2RIZHYzU1lmWDNkUXF1THJXMzdhLV9NZ2FrelFLYVA2RXotUVJxVTNjWDZKdEQ4STZmeWd2Z1Z4dk5jSnFHVkF2WDdFUkdVcUFsR0htY9IB3AFBVV95cUxNbm9HU01nc3ctMWFiRFNpeVo3ckFFZm5ZZlVqd0puaVg2QjVzNDVqVDEtMVlBaUVDWGV3RXdaN0p6d1I4Yk04WGFDQWhkelgzTnVEYWpYNVE2R1FXMlloT0RTSEVNUkhDMFlHamplX0dMZVlYLVpFYmFpVGx3QWZCejBTcm5qSU5iVTFTQlNoam50aXdwS09qa1MzcmkzOEhlUG80dWIyZ0ZPZ2VyaWdpc09icWRaU0dtTE9NeGFUR0pzZEsyMTNPWlNSVk5qbVlBa1RrZGVvcHI3d09J?oc=5,Google News - Company,RSS,0.7,"Wed, 01 Jul 2026 07:00:00 GMT",2026-09-01T22:46:04.767241+00:00,0.5767,BULLISH,1,1.0,0.40369
de02fac87f52a6c96a3b5a143dc9fbee2de72ba99db9c98abde0e251746b917f,Reliance Power gets CBI pre-cognizance notice in PMLA case - scanx.trade,"<a href=""https://news.google.com/rss/articles/CBMitwFBVV95cUxOV0FBT3JRMklyMUFXY0xELW5jOHlqa04zaDJ1UnJhYXl3VG1URDBSY0lhUzRBQXpBRkMzZHhpV2RvSi1aQ0lCeGg1RjRveUJkZlpuYTRLVHhNQUxrQktzT295cnBxZFMzYnB2bDhoVEdvc3JpYzlrc0VNUDg1NDZOd1VqUnRkc3dkMWotd0dyUmxKckdhUE1XX0h0bWJEUDAxT3hNRGtBVGlGNXo5WEZtTjNsd2dZQlk?oc=5"" target=""_blank"">Reliance Power gets CBI pre-cognizance notice in PMLA case</a>&nbsp;&nbsp;<font color=""#6f6f6f"">scanx.trade</font>",https://news.google.com/rss/articles/CBMitwFBVV95cUxOV0FBT3JRMklyMUFXY0xELW5jOHlqa04zaDJ1UnJhYXl3VG1URDBSY0lhUzRBQXpBRkMzZHhpV2RvSi1aQ0lCeGg1RjRveUJkZlpuYTRLVHhNQUxrQktzT295cnBxZFMzYnB2bDhoVEdvc3JpYzlrc0VNUDg1NDZOd1VqUnRkc3dkMWotd0dyUmxKckdhUE1XX0h0bWJEUDAxT3hNRGtBVGlGNXo5WEZtTjNsd2dZQlk?oc=5,Google News - Company,RSS,0.7,"Mon, 17 Aug 2026 07:00:00 GMT",2026-09-01T22:46:04.767218+00:00,0.0,NEUTRAL,1,1.0,0.0
91fd231323bb9beba2f38fe17235da60c5a58b4904c629a4b96a1e21c72a47f9,"Top Gainers & Losers on 19 Aug: Netweb Tech, Bata, Reliance Power, Bharat Dynamics, Tata Chemicals among top losers - Livemint","<a href=""https://news.google.com/rss/articles/CBMiigJBVV95cUxQRm8xZ0Z2Zk9jdEN3aVBja0I0MHZCU1ZWM2YzM3ZIVzk0WTdiUGJrbkJsSTJUam1vTDRSSDN3Ny1ZRkhaNG95SEw4VlZ0aUlQcTFBNThrYV9Cd29NOFoxSzBDNzhYUUxaRGd5Tk5ISVo0NDRPN180X2xGOWV2Zmo2ZXJlVVFBOC1nZ19EUERXeTdVeTk0bXFvNXFxTXgwWU9HUjV3RGstLU5yYlJRTEl4T2lMT1FvT3d2VjVFMjgzb1R0WkNSQTU0c3FjT0toYU5aYUpVRFhVM2ZVLXN0OUVMSDJlTm85eGNrTWFFbkh3bUdvVXpRY2FGakdKeHZYSVhmeWxpcW44YUhfd9IBjwJBVV95cUxNbWV6alkweHdUY2lyaUdfWmVwV0R4cFVzSlV5bnZKcFVZU0lxUGVsVE4xSURWTW5YQ3dWUUhlUlBLdGtNT2wtcDFNX1A2RFNmUkxzdmg4enRJeTFXY1I4Z2lMdFJYaEU5YjF5dWlhYzJ5S3hWVEJTSG5od3N4NXZ3Ym1ZN0FzbF9Qd2Z4R1FtREt6QWFzQlY2VTBUZVFORzh3SGF1MzJES01adUdGdHZPLTg3Q2lsN2UxLVdraFhjY2tacFo2WnZxZVlsUlRHWWVKYy10clA1Z1VzXy1GN3U2RVZTZC16UTZzRFFsa0xaU2VFWURqdnlURU53ZmRIZ1I0TVhnb3gwQmVFSGl5Ml80?oc=5"" target=""_blank"">Top Gainers & Losers on 19 Aug: Netweb Tech, Bata, Reliance Power, Bharat Dynamics, Tata Chemicals among top losers</a>&nbsp;&nbsp;<font color=""#6f6f6f"">Livemint</font>",https://news.google.com/rss/articles/CBMiigJBVV95cUxQRm8xZ0Z2Zk9jdEN3aVBja0I0MHZCU1ZWM2YzM3ZIVzk0WTdiUGJrbkJsSTJUam1vTDRSSDN3Ny1ZRkhaNG95SEw4VlZ0aUlQcTFBNThrYV9Cd29NOFoxSzBDNzhYUUxaRGd5Tk5ISVo0NDRPN180X2xGOWV2Zmo2ZXJlVVFBOC1nZ19EUERXeTdVeTk0bXFvNXFxTXgwWU9HUjV3RGstLU5yYlJRTEl4T2lMT1FvT3d2VjVFMjgzb1R0WkNSQTU0c3FjT0toYU5aYUpVRFhVM2ZVLXN0OUVMSDJlTm85eGNrTWFFbkh3bUdvVXpRY2FGakdKeHZYSVhmeWxpcW44YUhfd9IBjwJBVV95cUxNbWV6alkweHdUY2lyaUdfWmVwV0R4cFVzSlV5bnZKcFVZU0lxUGVsVE4xSURWTW5YQ3dWUUhlUlBLdGtNT2wtcDFNX1A2RFNmUkxzdmg4enRJeTFXY1I4Z2lMdFJYaEU5YjF5dWlhYzJ5S3hWVEJTSG5od3N4NXZ3Ym1ZN0FzbF9Qd2Z4R1FtREt6QWFzQlY2VTBUZVFORzh3SGF1MzJES01adUdGdHZPLTg3Q2lsN2UxLVdraFhjY2tacFo2WnZxZVlsUlRHWWVKYy10clA1Z1VzXy1GN3U2RVZTZC16UTZzRFFsa0xaU2VFWURqdnlURU53ZmRIZ1I0TVhnb3gwQmVFSGl5Ml80?oc=5,Google News - Company,RSS,0.7,"Wed, 19 Aug 2026 07:00:00 GMT",2026-09-01T22:46:04.767211+00:00,-0.5574,BEARISH,1,1.0,-0.39017999999999997
cb0f5778f9f4ac9f104926053fd44dc7023335fb76eaf6254a0eff37ddf99ea5,"Reliance Power, Reliance Infra shares in focus today; here's why - Business Today","<a href=""https://news.google.com/rss/articles/CBMiyAFBVV95cUxOa2MxTzhlcGczVWU4c0ZnSnZvaTBTdlEzZEhqRWtoc00yYXpXa0xaNEVBZDR6Z2tnM3FxYkg2MU5uSGxYT1NlQW5jNl9jeTREal9iYWJSWlZmU2ZKeVA0TU0zSmc3aXo4S0VISmpRdGtuTFZMWGN0RW1tNWxIb3VIYWVtWC1YV2xwREExQ04tSklWV0NucUdnRk5wbndSSG03NHZ1dmo1a0Q2WmFjemxxVXZFcHlXeXNWLWJtcmE1eEVWZW1jLVJzY9IBzgFBVV95cUxNSVhEUXBPRzRNakM4YlZGbEpmWEtobDdqdXVTcG1UcElBaWNCbEJfano4dzQxN25wRXpCcnRYNDh5ejczNXluZUFMWDYwNzhod0xZTmQ0QTdmcmNBS0lwT3Jyb0x3cm9MVWVYNnRfX19RTDFVZ3hVblh0TVRNZ2JHYjhqbnNwSHFoLTZyVWU2aUpIM1l4a2FwS2pVLS1HUy1hX0d4b2trQjlGSFV4VFdrc25LbHJjS2toOXRHMW11eDRKQlEteXp2Vms5N1NRUQ?oc=5"" target=""_blank"">Reliance Power, Reliance Infra shares in focus today; here's why</a>&nbsp;&nbsp;<font color=""#6f6f6f"">Business Today</font>",https://news.google.com/rss/articles/CBMiyAFBVV95cUxOa2MxTzhlcGczVWU4c0ZnSnZvaTBTdlEzZEhqRWtoc00yYXpXa0xaNEVBZDR6Z2tnM3FxYkg2MU5uSGxYT1NlQW5jNl9jeTREal9iYWJSWlZmU2ZKeVA0TU0zSmc3aXo4S0VISmpRdGtuTFZMWGN0RW1tNWxIb3VIYWVtWC1YV2xwREExQ04tSklWV0NucUdnRk5wbndSSG03NHZ1dmo1a0Q2WmFjemxxVXZFcHlXeXNWLWJtcmE1eEVWZW1jLVJzY9IBzgFBVV95cUxNSVhEUXBPRzRNakM4YlZGbEpmWEtobDdqdXVTcG1UcElBaWNCbEJfano4dzQxN25wRXpCcnRYNDh5ejczNXluZUFMWDYwNzhod0xZTmQ0QTdmcmNBS0lwT3Jyb0x3cm9MVWVYNnRfX19RTDFVZ3hVblh0TVRNZ2JHYjhqbnNwSHFoLTZyVWU2aUpIM1l4a2FwS2pVLS1HUy1hX0d4b2trQjlGSFV4VFdrc25LbHJjS2toOXRHMW11eDRKQlEteXp2Vms5N1NRUQ?oc=5,Google News - Company,RSS,0.7,"Tue, 18 Aug 2026 07:00:00 GMT",2026-09-01T22:46:04.767067+00:00,0.5267,BULLISH,1,1.0,0.36868999999999996
6cfecbb2478d6833f4a6249a4bfd397980ab98e03a83dfa901ee543320774eac,Reliance Power and Arm Get CBI Pre-Cognizance Notice Over Alleged PMLA Violations - Sahi,"<a href=""https://news.google.com/rss/articles/CBMivAFBVV95cUxNRjI1VVhGRHAwT0dLNFFDQlBfVVdDU0RiSUY2bnVXQnNmeWw0eGtkXzBZYzhBaVA1NEl3YTBwMkpnek9zSHYxMFhfVGN6UXZpUGhxTktad2dtY1FGQi1Yckh5MUlpM2xxaFllSGpBLVZWM1NEdy1SNVhhTXBVeFd3cFJlNDlueEFGY3dBMEZOd2pseGFGZllibmpBNkQ4ZXlMME9TRmh1VHYxWTFTbTdIMFBGMzQ0TjlhRFFyQg?oc=5"" target=""_blank"">Reliance Power and Arm Get CBI Pre-Cognizance Notice Over Alleged PMLA Violations</a>&nbsp;&nbsp;<font color=""#6f6f6f"">Sahi</font>",https://news.google.com/rss/articles/CBMivAFBVV95cUxNRjI1VVhGRHAwT0dLNFFDQlBfVVdDU0RiSUY2bnVXQnNmeWw0eGtkXzBZYzhBaVA1NEl3YTBwMkpnek9zSHYxMFhfVGN6UXZpUGhxTktad2dtY1FGQi1Yckh5MUlpM2xxaFllSGpBLVZWM1NEdy1SNVhhTXBVeFd3cFJlNDlueEFGY3dBMEZOd2pseGFGZllibmpBNkQ4ZXlMME9TRmh1VHYxWTFTbTdIMFBGMzQ0TjlhRFFyQg?oc=5,Google News - Company,RSS,0.7,"Tue, 18 Aug 2026 07:00:00 GMT",2026-09-01T22:46:04.767032+00:00,-0.5267,BEARISH,1,1.0,-0.36868999999999996
945fcba17eed343f8b2964b9c28d64b919dd0e9195a639f7e7410a89fb673a2d,Reliance Power Limited Revenue Breakdown – NSE:RPOWER - TradingView,"<a href=""https://news.google.com/rss/articles/CBMidkFVX3lxTE5SUzhaQWFHdk53b2xUcGVwS0IybWpWRzdPUjBucGFqR0c3LTQyS09DM0NOTWExTVZjVzdxV2xtSDVpNkFUcVFFZDU2RGMybkN0Yjg5YTJXZUQyY2RxbV9PRXV1bzgwUzJYVjVaUnpzZUdqRzJ1Q3c?oc=5"" target=""_blank"">Reliance Power Limited Revenue Breakdown – NSE:RPOWER</a>&nbsp;&nbsp;<font color=""#6f6f6f"">TradingView</font>",https://news.google.com/rss/articles/CBMidkFVX3lxTE5SUzhaQWFHdk53b2xUcGVwS0IybWpWRzdPUjBucGFqR0c3LTQyS09DM0NOTWExTVZjVzdxV2xtSDVpNkFUcVFFZDU2RGMybkN0Yjg5YTJXZUQyY2RxbV9PRXV1bzgwUzJYVjVaUnpzZUdqRzJ1Q3c?oc=5,Google News - Company,RSS,0.7,"Fri, 24 Jul 2026 18:38:20 GMT",2026-09-01T22:46:04.767024+00:00,-0.4215,BEARISH,1,1.0,-0.29505
53bfd42ebfd9d320138ce29a28d7fe033a6558e14920e932da8cf9e04b54907b,Reliance Power Ltd. Share Price Today and Peer Analysis - Univest,"<a href=""https://news.google.com/rss/articles/CBMigAFBVV95cUxOMUVOTnVkNHJNZ1Rmdjd2ZENJLVFOUDlHdU52b19ybUdxTnNUeVlrVzJHUXQ2VEducThhN0JDc2VMekFpRVlESUJYaVc0WlNSUkxYekh5dnZSblVwTWFYLXMtVGlFX1dSX05QTFBhc1pTMXVOTU9CRHJRUEgxMnN3SQ?oc=5"" target=""_blank"">Reliance Power Ltd. Share Price Today and Peer Analysis</a>&nbsp;&nbsp;<font color=""#6f6f6f"">Univest</font>",https://news.google.com/rss/articles/CBMigAFBVV95cUxOMUVOTnVkNHJNZ1Rmdjd2ZENJLVFOUDlHdU52b19ybUdxTnNUeVlrVzJHUXQ2VEducThhN0JDc2VMekFpRVlESUJYaVc0WlNSUkxYekh5dnZSblVwTWFYLXMtVGlFX1dSX05QTFBhc1pTMXVOTU9CRHJRUEgxMnN3SQ?oc=5,Google News - Company,RSS,0.7,"Fri, 21 Aug 2026 04:57:00 GMT",2026-09-01T22:46:04.767015+00:00,0.5267,BULLISH,1,1.0,0.36868999999999996
6e1743d1cfe823f08de1973ffa27ec7e68f534ca5a675268cefa0d3587d4fcf2,"Reliance Power, Reliance Infra In Focus After ED’s Rs 715 Cr, Rs 3,000 Cr PMLA Complaints - businessworld.in","<a href=""https://news.google.com/rss/articles/CBMiywFBVV95cUxOd2lGWXpwZHp5ZHNKdEd2TTVibEhoaWxRcDhHSnFKMVZKTGFibnhZMGstVjZLQTRvSU1vc1FQY25pbm1iampoM0NiNjFVaXNaaXFPMHV2cVcxNlY3ZmpJQkl6dS1aNWkyY0trXzBSQlVzbEkxVkZydTV6bG84Ym9RWXluaXA0R3pLblVyTXRYelE3d3Nma0hkek9LQ3hOX1RpZzFxZDd5SzkyOEQwalJ5Y1dzN0llZTJnNERnMWkwemVhUUxZdGFlVlFGMA?oc=5"" target=""_blank"">Reliance Power, Reliance Infra In Focus After ED’s Rs 715 Cr, Rs 3,000 Cr PMLA Complaints</a>&nbsp;&nbsp;<font color=""#6f6f6f"">businessworld.in</font>",https://news.google.com/rss/articles/CBMiywFBVV95cUxOd2lGWXpwZHp5ZHNKdEd2TTVibEhoaWxRcDhHSnFKMVZKTGFibnhZMGstVjZLQTRvSU1vc1FQY25pbm1iampoM0NiNjFVaXNaaXFPMHV2cVcxNlY3ZmpJQkl6dS1aNWkyY0trXzBSQlVzbEkxVkZydTV6bG84Ym9RWXluaXA0R3pLblVyTXRYelE3d3Nma0hkek9LQ3hOX1RpZzFxZDd5SzkyOEQwalJ5Y1dzN0llZTJnNERnMWkwemVhUUxZdGFlVlFGMA?oc=5,Google News - Company,RSS,0.7,"Tue, 18 Aug 2026 07:00:00 GMT",2026-09-01T22:46:04.767006+00:00,-0.4019,BEARISH,1,1.0,-0.28132999999999997
b499ff6a45fa3fcefc3338fb00596adffd2609b65ec2d327abe5396db662fc36,"Reliance Power Ltd. Shareholding Pattern – Promoters, FIIs & DIIs - Value Research","<a href=""https://news.google.com/rss/articles/CBMiiAFBVV95cUxNUGlhOUQ5YmVkOWwyUW5XZmNOZ2I0Y1R5Vm5KTFkyMUVKQTJsTmdMS2NzYzBSdzRvTXNUVHRscHBvTzZnZDBRQ3hWbFQ4U0RtbXRMSVhrdHBaOTBxQUZUOFBWOTcxVHE1d3Y5eEE0bmRJaTRCVC1HdzN0blJLcVRWbjNwOXRYNXpu?oc=5"" target=""_blank"">Reliance Power Ltd. Shareholding Pattern – Promoters, FIIs & DIIs</a>&nbsp;&nbsp;<font color=""#6f6f6f"">Value Research</font>",https://news.google.com/rss/articles/CBMiiAFBVV95cUxNUGlhOUQ5YmVkOWwyUW5XZmNOZ2I0Y1R5Vm5KTFkyMUVKQTJsTmdMS2NzYzBSdzRvTXNUVHRscHBvTzZnZDBRQ3hWbFQ4U0RtbXRMSVhrdHBaOTBxQUZUOFBWOTcxVHE1d3Y5eEE0bmRJaTRCVC1HdzN0blJLcVRWbjNwOXRYNXpu?oc=5,Google News - Company,RSS,0.7,"Sun, 30 Aug 2026 12:38:07 GMT",2026-09-01T22:46:04.766997+00:00,0.34,BULLISH,1,1.0,0.238
e9827fcffbabf06d51069b54ea7ff4934ac3ff7c047bfe0ea2a48780949011fc,Reliance Power subsidiaries adopt new names for AI activities - scanx.trade,"<a href=""https://news.google.com/rss/articles/CBMi4AFBVV95cUxNSTNWODVRNUhua0tUT0VHdXgxN2liZW1UUGlaa0dYZEdac0xham5VcmF1bGVYRUw2VzhFcUZ2X2Jsc0JBYWFFT0otMEEzM3hST3RzcEJ1WS1NSjU4UTF3RVB5RnZQalBJUHVJSm55UFJ0XzRlOGt2LTQzM01IN1ZsbjFIN0Zxc2FXVlNKR0JMRi1keEZUMkZRdnlIOEJIY1JCZmRLbFNqTHpRTzRCMUFYUndSTXBiN1Y1QXFhSGdoeFB2UUhTVmJYX1o2dllWTTNJbWVnZWFYbEQzYjM3TlFrTA?oc=5"" target=""_blank"">Reliance Power subsidiaries adopt new names for AI activities</a>&nbsp;&nbsp;<font color=""#6f6f6f"">scanx.trade</font>",https://news.google.com/rss/articles/CBMi4AFBVV95cUxNSTNWODVRNUhua0tUT0VHdXgxN2liZW1UUGlaa0dYZEdac0xham5VcmF1bGVYRUw2VzhFcUZ2X2Jsc0JBYWFFT0otMEEzM3hST3RzcEJ1WS1NSjU4UTF3RVB5RnZQalBJUHVJSm55UFJ0XzRlOGt2LTQzM01IN1ZsbjFIN0Zxc2FXVlNKR0JMRi1keEZUMkZRdnlIOEJIY1JCZmRLbFNqTHpRTzRCMUFYUndSTXBiN1Y1QXFhSGdoeFB2UUhTVmJYX1o2dllWTTNJbWVnZWFYbEQzYjM3TlFrTA?oc=5,Google News - Company,RSS,0.7,"Sun, 30 Aug 2026 19:56:38 GMT",2026-09-01T22:46:04.766956+00:00,0.34,BULLISH,1,1.0,0.238
cb87f60d01a64a16cf69b5cca7180ba77d1f57f363ba6c6a06cb6a1cf6693510,"Reliance Power CFO, two others arrested in SECI fraud case​ - ETLegalWorld.com","<a href=""https://news.google.com/rss/articles/CBMixAFBVV95cUxQZG51Y3dRcVJJSkd0bjhrckV3RFZFZzhMOEhBZUJ3ZE9oOGVtMzhYNFRVRjdVNXBTRWhDVUxaNmV5UnA2S0hULVotNUFlNUI2VVdpVF9aNXoxVjJ3UUZTLTdHWjk5Qnpid09vZk8zeGpxd2xVdFR1ZjZmRmtRUkxGUUh1VkhWNUtCaUIxVEhjOEpXc1U4NnVlMDVvcEcwcHhfbmF3TEhKM3o1cUM0Y1JFSmhGVjNjbXJVVjFndi1pbjFZb1hJ0gHKAUFVX3lxTE9VVXF1c2dFOVRfUTlxZi1HQnFacElCdlFacWhHR2FXVWtEV2dJZDRWeVotYnZTWlFvNTl5WngwTGpUbFkzaUFVejVVLW5OMHJ1OWpzQTJQYmtCMkpJaHBhWWJBNnZZOGItNEk4OE44TTllU1hSMmxDZGdhZUFJeHU4UHd0R0NFQ1BmSVFlYTZ5MGZqNmthVHZUVXpJSFU0RTFIdko1aFFJVHh1d3oydzhVMEhSZGJReHlmaGxQRFh6cV9VNm5TT3R4SHc?oc=5"" target=""_blank"">Reliance Power CFO, two others arrested in SECI fraud case​</a>&nbsp;&nbsp;<font color=""#6f6f6f"">ETLegalWorld.com</font>",https://news.google.com/rss/articles/CBMixAFBVV95cUxQZG51Y3dRcVJJSkd0bjhrckV3RFZFZzhMOEhBZUJ3ZE9oOGVtMzhYNFRVRjdVNXBTRWhDVUxaNmV5UnA2S0hULVotNUFlNUI2VVdpVF9aNXoxVjJ3UUZTLTdHWjk5Qnpid09vZk8zeGpxd2xVdFR1ZjZmRmtRUkxGUUh1VkhWNUtCaUIxVEhjOEpXc1U4NnVlMDVvcEcwcHhfbmF3TEhKM3o1cUM0Y1JFSmhGVjNjbXJVVjFndi1pbjFZb1hJ0gHKAUFVX3lxTE9VVXF1c2dFOVRfUTlxZi1HQnFacElCdlFacWhHR2FXVWtEV2dJZDRWeVotYnZTWlFvNTl5WngwTGpUbFkzaUFVejVVLW5OMHJ1OWpzQTJQYmtCMkpJaHBhWWJBNnZZOGItNEk4OE44TTllU1hSMmxDZGdhZUFJeHU4UHd0R0NFQ1BmSVFlYTZ5MGZqNmthVHZUVXpJSFU0RTFIdko1aFFJVHh1d3oydzhVMEhSZGJReHlmaGxQRFh6cV9VNm5TT3R4SHc?oc=5,Google News - Company,RSS,0.7,"Tue, 21 Apr 2026 07:00:00 GMT",2026-09-01T22:46:04.767233+00:00,-0.9800000000000001,BEARISH,1,1.0,-0.686
85e959a78070fe942343ce9a1fb0880d5062536fc1a8e58efcf4d83b8d1c74ce,Price to sales forward of Reliance Power Limited – NSE:RPOWER - TradingView,"<a href=""https://news.google.com/rss/articles/CBMinAFBVV95cUxOcm1yTHdqbFNiWEJ5Ykhqd3VnUnJoQUdibF9WdDBZaHo0THdzNGYteE5RTlJqeXdvZHFlYUYwOGlEUEd0TGxwdjFiVEJTSUlQTThONlF3OXlZbkkxdEdveXloMEhPTzNxb0FnNG9DbnJ6dDRUOWN5cXBYVWI4c05DY1NLSk93R3JlRDhiS2ppYWpNam9rRHctdFdxVHI?oc=5"" target=""_blank"">Price to sales forward of Reliance Power Limited – NSE:RPOWER</a>&nbsp;&nbsp;<font color=""#6f6f6f"">TradingView</font>",https://news.google.com/rss/articles/CBMinAFBVV95cUxOcm1yTHdqbFNiWEJ5Ykhqd3VnUnJoQUdibF9WdDBZaHo0THdzNGYteE5RTlJqeXdvZHFlYUYwOGlEUEd0TGxwdjFiVEJTSUlQTThONlF3OXlZbkkxdEdveXloMEhPTzNxb0FnNG9DbnJ6dDRUOWN5cXBYVWI4c05DY1NLSk93R3JlRDhiS2ppYWpNam9rRHctdFdxVHI?oc=5,Google News - Company,RSS,0.7,"Fri, 26 Jun 2026 20:07:55 GMT",2026-09-01T22:46:04.767512+00:00,-0.4215,BEARISH,1,1.0,-0.29505
72c1ea4a1b125bae77841dc8cfed40637125fc4f0c1f61846ee308af691f0091,Reliance Power Jumps Over 5% as April Rally Extends Ahead of Q4 - HDFC Sky,"<a href=""https://news.google.com/rss/articles/CBMiogFBVV95cUxNVHk4VFJobDU2WFdwMUVtMk1DVzZWR2pfMjVvclpxMm5ERDZjUlBFRlVhUzZITDNENFNCdm94cXZrUXN3ZmdvVlkzTThQX1BkLV9uWEdOTmt2eXI4dlVyWUxHZzg4TlozdFRpSHNGSEIwUV9BRExZU1lXZEJDcUNMQ21hUUl3R3I3eXk5ZlVCbENVa0Z1YXFNRUlrdTdYbDRKaVE?oc=5"" target=""_blank"">Reliance Power Jumps Over 5% as April Rally Extends Ahead of Q4</a>&nbsp;&nbsp;<font color=""#6f6f6f"">HDFC Sky</font>",https://news.google.com/rss/articles/CBMiogFBVV95cUxNVHk4VFJobDU2WFdwMUVtMk1DVzZWR2pfMjVvclpxMm5ERDZjUlBFRlVhUzZITDNENFNCdm94cXZrUXN3ZmdvVlkzTThQX1BkLV9uWEdOTmt2eXI4dlVyWUxHZzg4TlozdFRpSHNGSEIwUV9BRExZU1lXZEJDcUNMQ21hUUl3R3I3eXk5ZlVCbENVa0Z1YXFNRUlrdTdYbDRKaVE?oc=5,Google News - Company,RSS,0.7,"Tue, 21 Apr 2026 07:00:00 GMT",2026-09-01T22:46:04.767497+00:00,0.3,BULLISH,1,1.0,0.21
e336c2e465cd36d91173bdd392e177db09ed803d75c15511608907c3ed92ad83,"Top Gainers & Losers on June 8: Netweb Tech, Wipro, Reliance Power, Swiggy, SAIL, HPCL among top losers - Livemint","<a href=""https://news.google.com/rss/articles/CBMi-AFBVV95cUxPNUNOanlVMU1aRVNPYU9GbVFuNVhSZGFoeV9mRnhGYl83QUFrc3hhM0xnVGRMbGpTNkM2UnJtZDhzdFNSa1BrT0cycHJzSTBrMDJKLXZaV3pPS1lyaTZpMUhDdUZMaHI4dVdRNXZtNTRKZ0wxM1pmX1d3Y21wQkd0T3BOVzJ5dHZyVGxsalhoVVQxbzExY0lKZTZvUnctYlExOUZUeFRMcjZRUXNTalRpekx0NnB3bU1fbGttam9qazRsY2ZsRWpHcDZrSlRvS3BwQ3FDU0RUZFZ0bTlBTkdiaV9Fd3RaNC1XaUc3SVJoaWFqZUVrUDFpTdIB_gFBVV95cUxPSVZFUHdzOGw1UVN2MFo3LUQyUnhhQldqazJ6ejZLdzg2QkZUbElhcnU5a3JlX3VRMFhRcTg4TU5wbEdGSlZiTmk0aUdRMWNjdTRaZkxnNjVablBJMk9CVkMyaVozOWVlWFVkb20xaG5GZmZkeFJFZXNkbmdBeHVZOEIxS1hSdUhBLUs3OG95THR3T0Q2OS14WUZEYnFjOXBpZXROMVJ4amZVaVE4WUNJNUZNdEIzZk8tanpyeGhrdV9LNFZoSTBHakFvMzVTckMyZ0E0VXJaYlEtY1ZMZlZTTU9tdTM0QlRhQjJ5RkowTFZKWHRQd3RIMFQteHNKUQ?oc=5"" target=""_blank"">Top Gainers & Losers on June 8: Netweb Tech, Wipro, Reliance Power, Swiggy, SAIL, HPCL among top losers</a>&nbsp;&nbsp;<font color=""#6f6f6f"">Livemint</font>",https://news.google.com/rss/articles/CBMi-AFBVV95cUxPNUNOanlVMU1aRVNPYU9GbVFuNVhSZGFoeV9mRnhGYl83QUFrc3hhM0xnVGRMbGpTNkM2UnJtZDhzdFNSa1BrT0cycHJzSTBrMDJKLXZaV3pPS1lyaTZpMUhDdUZMaHI4dVdRNXZtNTRKZ0wxM1pmX1d3Y21wQkd0T3BOVzJ5dHZyVGxsalhoVVQxbzExY0lKZTZvUnctYlExOUZUeFRMcjZRUXNTalRpekx0NnB3bU1fbGttam9qazRsY2ZsRWpHcDZrSlRvS3BwQ3FDU0RUZFZ0bTlBTkdiaV9Fd3RaNC1XaUc3SVJoaWFqZUVrUDFpTdIB_gFBVV95cUxPSVZFUHdzOGw1UVN2MFo3LUQyUnhhQldqazJ6ejZLdzg2QkZUbElhcnU5a3JlX3VRMFhRcTg4TU5wbEdGSlZiTmk0aUdRMWNjdTRaZkxnNjVablBJMk9CVkMyaVozOWVlWFVkb20xaG5GZmZkeFJFZXNkbmdBeHVZOEIxS1hSdUhBLUs3OG95THR3T0Q2OS14WUZEYnFjOXBpZXROMVJ4amZVaVE4WUNJNUZNdEIzZk8tanpyeGhrdV9LNFZoSTBHakFvMzVTckMyZ0E0VXJaYlEtY1ZMZlZTTU9tdTM0QlRhQjJ5RkowTFZKWHRQd3RIMFQteHNKUQ?oc=5,Google News - Company,RSS,0.7,"Mon, 08 Jun 2026 07:00:00 GMT",2026-09-01T22:46:04.767490+00:00,-0.7783,BEARISH,1,1.0,-0.5448099999999999
b938f7c9aa3f9c980a0df3cd86bfb24a233d40c5733615b216a360c978daefa7,Reliance Power CFO among 3 held for forging bank guarantees to secure tender: EOW - cfo.economictimes.indiatimes.com,"<a href=""https://news.google.com/rss/articles/CBMi9gFBVV95cUxORE5ObXA2SE9WN09nN1NwS1ZGQV85RVlteWlWSFRjdWJzV29VaDFfS203TG5oY3l3d212blZNdGoyUlQ2QWFVbkRBbTBfdEg4dmp3akJUM3dhYkVJYmlkOEFiSlhXekpPS21WOHZ3SDRrcnlzY3RSc0lIWEI4VVJBTHhtM2FSYjNWNHdXb3MtM3R2dTRSTlpkN2h3YmZjQ2NrcTN3TGxSSVlJMVlCZVQ3bHg2Nnp4RG9LYlU1M2p4M3cyLWdQd2pCMFM5ZEVoUjFCemwtelhKSjFiQUZSbDNSaDdNVmd4MWswalpQd0hRM3lrYlBfYmfSAfsBQVVfeXFMUFZObC10X1Yxa3RjUlVxZDUxUGtUdFdIU0MzTEhWTEJrTXNGNF9ndFYzUEFYVllJS1NkUDhrOWFiZFhFa0dPV2pxZTZoRkFQd01sWmh1TTJ1bmdYZEZFcXRMYkNLenhGNzFGRTBGSU1SN0FUV0JOcFZUQzNsYVp2cDdfYkFlbjBpWm0ycE5idWVPc05HRklBbHJvbF9hSUlhNWJWN292R3JCQ2w4di1TVG1saFVKN3JyaXBqclplbWlDblBOMlp0YXhuZ0NFRnE4ZDc2dDV1SkV3VXhhaWhXTWQxcDhZcE5jUHlSVGdCZVlJQlBKZXliZk5RX0k?oc=5"" target=""_blank"">Reliance Power CFO among 3 held for forging bank guarantees to secure tender: EOW</a>&nbsp;&nbsp;<font color=""#6f6f6f"">cfo.economictimes.indiatimes.com</font>",https://news.google.com/rss/articles/CBMi9gFBVV95cUxORE5ObXA2SE9WN09nN1NwS1ZGQV85RVlteWlWSFRjdWJzV29VaDFfS203TG5oY3l3d212blZNdGoyUlQ2QWFVbkRBbTBfdEg4dmp3akJUM3dhYkVJYmlkOEFiSlhXekpPS21WOHZ3SDRrcnlzY3RSc0lIWEI4VVJBTHhtM2FSYjNWNHdXb3MtM3R2dTRSTlpkN2h3YmZjQ2NrcTN3TGxSSVlJMVlCZVQ3bHg2Nnp4RG9LYlU1M2p4M3cyLWdQd2pCMFM5ZEVoUjFCemwtelhKSjFiQUZSbDNSaDdNVmd4MWswalpQd0hRM3lrYlBfYmfSAfsBQVVfeXFMUFZObC10X1Yxa3RjUlVxZDUxUGtUdFdIU0MzTEhWTEJrTXNGNF9ndFYzUEFYVllJS1NkUDhrOWFiZFhFa0dPV2pxZTZoRkFQd01sWmh1TTJ1bmdYZEZFcXRMYkNLenhGNzFGRTBGSU1SN0FUV0JOcFZUQzNsYVp2cDdfYkFlbjBpWm0ycE5idWVPc05HRklBbHJvbF9hSUlhNWJWN292R3JCQ2w4di1TVG1saFVKN3JyaXBqclplbWlDblBOMlp0YXhuZ0NFRnE4ZDc2dDV1SkV3VXhhaWhXTWQxcDhZcE5jUHlSVGdCZVlJQlBKZXliZk5RX0k?oc=5,Google News - Company,RSS,0.7,"Thu, 23 Apr 2026 07:00:00 GMT",2026-09-01T22:46:04.767473+00:00,0.5859,BULLISH,1,1.0,0.41012999999999994
34f606ee5e0da3591993cca6b412d48490d022862e2a186683f9ce40fc9a2d7d,Reliance Power Share Price Gains After Media Clarification - HDFC Sky,"<a href=""https://news.google.com/rss/articles/CBMiqgFBVV95cUxQOG5wSzlkSm00QS1OS056a015aWoyM2RWVU5DNklMNWQwWXZfTmdVcTFRRi1zcWRYTi1vbmhfRFlXZzRZTzdUVVFZVHEwTGtqWlZud0VaekstcVlIcl9YS2RBekxzMHY4dkFrcUdPcko3X09qcGN1aTdqQm1MMEN4SkYtRWY5Y1hIWXNtNTJ5c2tVUk1rczZ0TnZoa3Y2bWNkblNzenp6UUVaUQ?oc=5"" target=""_blank"">Reliance Power Share Price Gains After Media Clarification</a>&nbsp;&nbsp;<font color=""#6f6f6f"">HDFC Sky</font>",https://news.google.com/rss/articles/CBMiqgFBVV95cUxQOG5wSzlkSm00QS1OS056a015aWoyM2RWVU5DNklMNWQwWXZfTmdVcTFRRi1zcWRYTi1vbmhfRFlXZzRZTzdUVVFZVHEwTGtqWlZud0VaekstcVlIcl9YS2RBekxzMHY4dkFrcUdPcko3X09qcGN1aTdqQm1MMEN4SkYtRWY5Y1hIWXNtNTJ5c2tVUk1rczZ0TnZoa3Y2bWNkblNzenp6UUVaUQ?oc=5,Google News - Company,RSS,0.7,"Fri, 17 Apr 2026 07:00:00 GMT",2026-09-01T22:46:04.767458+00:00,0.802,BULLISH,1,1.0,0.5614
5946d1411048e1df083bb351b63fa26a44a5516ee05690baf7a0ad7fa5d2a351,Reliance Power Share Price Target 2026: Rs 30 Analyst Forecast - Univest,"<a href=""https://news.google.com/rss/articles/CBMicEFVX3lxTE1VZk9OT1lOYUM3MnNldGI2RHphbTdQM3U1Z3gyMV94b25FcXRUa2h1WkJOeXNpOXBSd19sSm9GWFB6alZFRVo3ZUYyQnhmaER2UGxUaDdrOHpvLWpWSkFyVVRVQjFLZ0FsZnJrYk44c1U?oc=5"" target=""_blank"">Reliance Power Share Price Target 2026: Rs 30 Analyst Forecast</a>&nbsp;&nbsp;<font color=""#6f6f6f"">Univest</font>",https://news.google.com/rss/articles/CBMicEFVX3lxTE1VZk9OT1lOYUM3MnNldGI2RHphbTdQM3U1Z3gyMV94b25FcXRUa2h1WkJOeXNpOXBSd19sSm9GWFB6alZFRVo3ZUYyQnhmaER2UGxUaDdrOHpvLWpWSkFyVVRVQjFLZ0FsZnJrYk44c1U?oc=5,Google News - Company,RSS,0.7,"Thu, 25 Jun 2026 07:00:00 GMT",2026-09-01T22:46:04.767451+00:00,0.5267,BULLISH,1,1.0,0.36868999999999996
f0a5edbd04d4668fa5b989b672f9501d2485f2dce28589aba10bff253fd03d4d,ED attaches Reliance Power promoter shares worth ₹762.75 crore - scanx.trade,"<a href=""https://news.google.com/rss/articles/CBMi2gFBVV95cUxPbFRtRHVNZUZMLVhGNl9hbDJ1TExBR2N3RkFFTHdJS1dqbjlxTEtUR256eHExQ3R2SjZPTjBOdmVaRlpMSl9QQk4tUE5sV3NabGJGYmJhcjBiWTlmc3VUTklJTDNZZXl5UURVLUgwdG9CdHFZa3hfUE56ZHd6QnVOcmVJZHdGaFhLN3hOenh6LTVPLVpFemh5cWNNTFVvdGowTS1mS1ZKVlJCRVQ0dlNFd0cwSW9VNGJILXd6WUx3TEVER2FCc3VRNlVhRE54QkJ1aHFhV2Yta09aQQ?oc=5"" target=""_blank"">ED attaches Reliance Power promoter shares worth ₹762.75 crore</a>&nbsp;&nbsp;<font color=""#6f6f6f"">scanx.trade</font>",https://news.google.com/rss/articles/CBMi2gFBVV95cUxPbFRtRHVNZUZMLVhGNl9hbDJ1TExBR2N3RkFFTHdJS1dqbjlxTEtUR256eHExQ3R2SjZPTjBOdmVaRlpMSl9QQk4tUE5sV3NabGJGYmJhcjBiWTlmc3VUTklJTDNZZXl5UURVLUgwdG9CdHFZa3hfUE56ZHd6QnVOcmVJZHdGaFhLN3hOenh6LTVPLVpFemh5cWNNTFVvdGowTS1mS1ZKVlJCRVQ0dlNFd0cwSW9VNGJILXd6WUx3TEVER2FCc3VRNlVhRE54QkJ1aHFhV2Yta09aQQ?oc=5,Google News - Company,RSS,0.7,"Mon, 13 Jul 2026 11:04:02 GMT",2026-09-01T22:46:04.767433+00:00,0.7351,BULLISH,1,1.0,0.51457
d22742927078e57daea30fa538785fa03dc20ce59627b600f3b9d94f4e583cd4,"Reliance ADA Group: ED Attaches Reliance Power Shares, Loans Worth ₹1,021 Crore - Moneylife","<a href=""https://news.google.com/rss/articles/CBMiuwFBVV95cUxOQktLUHhWcS0yMHBPNjg4UFpKdkIxR1NzdHBmSFJvbDNrRmxXSklUT0QyOVhfSUJmUFB6ZW5RQUc5bXRKWnQ5dFpJenNtcGtZMFlVUml4UWNWalMtcDZnLW9vTWl3ZFRwa2M4SVk4UmI1dGJ3TUhBdF80ZUJDajhuWWlCdlRKYlJuUGVXYVRSLWNIZjVLZ0Z2ZmdnRlVWTVVfa2JuVlZLRDRXNEpXdF94VW0yN01FY3NldDM4?oc=5"" target=""_blank"">Reliance ADA Group: ED Attaches Reliance Power Shares, Loans Worth ₹1,021 Crore</a>&nbsp;&nbsp;<font color=""#6f6f6f"">Moneylife</font>",https://news.google.com/rss/articles/CBMiuwFBVV95cUxOQktLUHhWcS0yMHBPNjg4UFpKdkIxR1NzdHBmSFJvbDNrRmxXSklUT0QyOVhfSUJmUFB6ZW5RQUc5bXRKWnQ5dFpJenNtcGtZMFlVUml4UWNWalMtcDZnLW9vTWl3ZFRwa2M4SVk4UmI1dGJ3TUhBdF80ZUJDajhuWWlCdlRKYlJuUGVXYVRSLWNIZjVLZ0Z2ZmdnRlVWTVVfa2JuVlZLRDRXNEpXdF94VW0yN01FY3NldDM4?oc=5,Google News - Company,RSS,0.7,"Mon, 13 Jul 2026 09:13:24 GMT",2026-09-01T22:46:04.767395+00:00,0.7351,BULLISH,1,1.0,0.51457
9d7e540ae056fba7b87c6038068b8c12cc49e409d37301c01378516c437d8e61,"Reliance Power Consolidated March 2026 Net Sales at Rs 1,887.26 crore, down 4.59% Y-o-Y - Moneycontrol.com","<a href=""https://news.google.com/rss/articles/CBMi5AFBVV95cUxPM3JQem1udk1qTWhRd20wRmZQV0ppRG1KSFRxWXoweDg2NmRyRFBwZTZVV3daeGt3V0xDVXdwcTBFb20zanVMb0FSOENibVVBRkJfZ2N1LVhUdk5DQmF2NGxBcWFMLVVtNmhFbFMyazhpU0k4RkQyWnMtY1FackpvUEgxLWpkWGtkUEtmaFp1ZHBzSjI5N1dHZVdsSmNiVnk0T3ZVTnZnd2NRUGw5ZGtacnI4dUh4eEZYNkpnMUVLRnZBVmFzWmYyY2NJMHZ4bTJ4VnJsWUJfRUdOS3VUVU1SVno5aTPSAeoBQVVfeXFMTjF3eldYbVI4VDF4VVpVa2w1ZFRZdk5lX0xpZ2hrZEF2YlgtSGdBU1ZJMEJLNWVRUVdoWE5GVFp3UEpXOVpSZVM4Q3VGSVdLd2RrYnNhSHctNlVkekE1N2dpX28wTk9LSnFZeExLODlhTGx3UXZHdjAyRXhHVDVESHZzdkZQUUFEU3NjVEVSOXVwNm4zWExmejdJVVdHSVBzLXBqTkNDaEs3QkRzT0pYRGRsb21qcTlsS1dLMGtUQjJrMFJhVWxVYVh1RkJJS0p3ZGtEd0VaSTBCS1owOFJMazloM0FKdUh5bjNR?oc=5"" target=""_blank"">Reliance Power Consolidated March 2026 Net Sales at Rs 1,887.26 crore, down 4.59% Y-o-Y</a>&nbsp;&nbsp;<font color=""#6f6f6f"">Moneycontrol.com</font>",https://news.google.com/rss/articles/CBMi5AFBVV95cUxPM3JQem1udk1qTWhRd20wRmZQV0ppRG1KSFRxWXoweDg2NmRyRFBwZTZVV3daeGt3V0xDVXdwcTBFb20zanVMb0FSOENibVVBRkJfZ2N1LVhUdk5DQmF2NGxBcWFMLVVtNmhFbFMyazhpU0k4RkQyWnMtY1FackpvUEgxLWpkWGtkUEtmaFp1ZHBzSjI5N1dHZVdsSmNiVnk0T3ZVTnZnd2NRUGw5ZGtacnI4dUh4eEZYNkpnMUVLRnZBVmFzWmYyY2NJMHZ4bTJ4VnJsWUJfRUdOS3VUVU1SVno5aTPSAeoBQVVfeXFMTjF3eldYbVI4VDF4VVpVa2w1ZFRZdk5lX0xpZ2hrZEF2YlgtSGdBU1ZJMEJLNWVRUVdoWE5GVFp3UEpXOVpSZVM4Q3VGSVdLd2RrYnNhSHctNlVkekE1N2dpX28wTk9LSnFZeExLODlhTGx3UXZHdjAyRXhHVDVESHZzdkZQUUFEU3NjVEVSOXVwNm4zWExmejdJVVdHSVBzLXBqTkNDaEs3QkRzT0pYRGRsb21qcTlsS1dLMGtUQjJrMFJhVWxVYVh1RkJJS0p3ZGtEd0VaSTBCS1owOFJMazloM0FKdUh5bjNR?oc=5,Google News - Company,RSS,0.7,"Fri, 22 May 2026 07:00:00 GMT",2026-09-01T22:46:04.767388+00:00,0.0,NEUTRAL,1,1.0,0.0
76edfb7a4fbcb2f238850a0b0bf2295d54c355f2fa65f4cdf9692864bac95fe0,"Trending Stocks Today, July 1, 2026: Reliance Power Soars on AI Plans, Vodafone Idea Extends Gains, Ola Electric Climbs on Q1 Registrations, Vedanta Oil & Gas Hits Upper Circuit - HDFC Sky","<a href=""https://news.google.com/rss/articles/CBMitwFBVV95cUxNTnpNNGowc05sMF94dHJKVkFocGpucjhqRS1RSUJDcldnZURiczZQQXM0d2JyMjdSUFBZeU9MSnNVdE1aRnkyVEMtc2Mxc2ZUNE1MUnhjc25wNEstZjdyNzdINmdVemg4V2JiV2JWQm8zbnRzd1FGZWZhVWlfRXdkMHZuYTVNS0ttSHoyckg0MnRCdkE2eENmM0xIWWVYbWI5SXNoZUZfNVo0ZDNqWkJfWTZjQ0tHNmc?oc=5"" target=""_blank"">Trending Stocks Today, July 1, 2026: Reliance Power Soars on AI Plans, Vodafone Idea Extends Gains, Ola Electric Climbs on Q1 Registrations, Vedanta Oil & Gas Hits Upper Circuit</a>&nbsp;&nbsp;<font color=""#6f6f6f"">HDFC Sky</font>",https://news.google.com/rss/articles/CBMitwFBVV95cUxNTnpNNGowc05sMF94dHJKVkFocGpucjhqRS1RSUJDcldnZURiczZQQXM0d2JyMjdSUFBZeU9MSnNVdE1aRnkyVEMtc2Mxc2ZUNE1MUnhjc25wNEstZjdyNzdINmdVemg4V2JiV2JWQm8zbnRzd1FGZWZhVWlfRXdkMHZuYTVNS0ttSHoyckg0MnRCdkE2eENmM0xIWWVYbWI5SXNoZUZfNVo0ZDNqWkJfWTZjQ0tHNmc?oc=5,Google News - Company,RSS,0.7,"Wed, 01 Jul 2026 07:00:00 GMT",2026-09-01T22:46:04.767380+00:00,0.7003,BULLISH,1,1.0,0.49021
092032e7d08242b6848f912c09ffed42a60909cf967ec06a94ee0cd8d43455f9,Reliance Power Share Price Surges 18% After AI-Focused Business Move: Key Details Explained - Samco,"<a href=""https://news.google.com/rss/articles/CBMi0wFBVV95cUxNcmt5OUF5V2ZjTWV3cl8xOWdIRFBPM2QzRFlIQW5TVkVuSmdnYVJZdHFKQ3IxTFd5TzRIVGxUWGJtZnljT2hQU3UwanlkejBuXzlzZVVFR0JXcFNpaWFpdjlJRVBfeVdGR01wNXAtVVZ3OGJkTlVhN1NwMVkwMTBzWnlORWpHVjdxeTkyQ2JrbFA0Ti1yRERGR3BnT3ptNmRUSEZxVU14ODM1SmRfeHNTb0EtMThiM0JZdEV6aXNJempaUGdlNTYyR1BHV1RDbEo1OGRr?oc=5"" target=""_blank"">Reliance Power Share Price Surges 18% After AI-Focused Business Move: Key Details Explained</a>&nbsp;&nbsp;<font color=""#6f6f6f"">Samco</font>",https://news.google.com/rss/articles/CBMi0wFBVV95cUxNcmt5OUF5V2ZjTWV3cl8xOWdIRFBPM2QzRFlIQW5TVkVuSmdnYVJZdHFKQ3IxTFd5TzRIVGxUWGJtZnljT2hQU3UwanlkejBuXzlzZVVFR0JXcFNpaWFpdjlJRVBfeVdGR01wNXAtVVZ3OGJkTlVhN1NwMVkwMTBzWnlORWpHVjdxeTkyQ2JrbFA0Ti1yRERGR3BnT3ptNmRUSEZxVU14ODM1SmRfeHNTb0EtMThiM0JZdEV6aXNJempaUGdlNTYyR1BHV1RDbEo1OGRr?oc=5,Google News - Company,RSS,0.7,"Wed, 01 Jul 2026 07:00:00 GMT",2026-09-01T22:46:04.767373+00:00,0.5767,BULLISH,1,1.0,0.40369
7ab09f89aba3c33a26f8d8bb87c941675b3d459cc248b6592c654843d8546612,​Reliance Power - 10 Nifty 500 stocks plunge over 50% from 52-week highs. Do you own any? - The Economic Times,"<a href=""https://news.google.com/rss/articles/CBMi6wFBVV95cUxPOUFFRTZRYkQ4QUZnR3lrM2otTVBWOU5GZXdCU3A0dlF3ei1XSUpxeUh5QnVRdnVTeTlSS2RMY3VwRFEwOUFRcDNzZTZxdUE4Y0hHektJS1ZWZE95VEpQNFp6SUM4eHliLW9mWjVNNmZVTm0yMnhzNjV3enQzb3RPeXlSNVhMMko5dlEyRVVGdkdJTVdFT29seEJGbXB6NmRzZXRoYV9IUG5HOWpvY1VSQW5zcTRiNlB2RkwtQ1lwaU9qT3o3QTRFVkU0RjlkOE8wbFNXVnlpMHdiWFVsSmVuMGlqN2ZlSkw1SGRV?oc=5"" target=""_blank"">​Reliance Power - 10 Nifty 500 stocks plunge over 50% from 52-week highs. Do you own any?</a>&nbsp;&nbsp;<font color=""#6f6f6f"">The Economic Times</font>",https://news.google.com/rss/articles/CBMi6wFBVV95cUxPOUFFRTZRYkQ4QUZnR3lrM2otTVBWOU5GZXdCU3A0dlF3ei1XSUpxeUh5QnVRdnVTeTlSS2RMY3VwRFEwOUFRcDNzZTZxdUE4Y0hHektJS1ZWZE95VEpQNFp6SUM4eHliLW9mWjVNNmZVTm0yMnhzNjV3enQzb3RPeXlSNVhMMko5dlEyRVVGdkdJTVdFT29seEJGbXB6NmRzZXRoYV9IUG5HOWpvY1VSQW5zcTRiNlB2RkwtQ1lwaU9qT3o3QTRFVkU0RjlkOE8wbFNXVnlpMHdiWFVsSmVuMGlqN2ZlSkw1SGRV?oc=5,Google News - Company,RSS,0.7,"Thu, 09 Jul 2026 07:00:00 GMT",2026-09-01T22:46:04.767366+00:00,0.7131,BULLISH,1,1.0,0.49916999999999995
2b0cc19eabd6613ff80def7e08dee080282fdf1f9ca0899105b1396179d74bc0,Reliance Power discloses CBI search at registered office - scanx.trade,"<a href=""https://news.google.com/rss/articles/CBMiyAFBVV95cUxNRUFOTlNuRkN3WUZqcWNwd1p0eTNJc2JFT0cwSEpvZnVTSXhZZTl1SFlFVTlRVFFWVFhOVzlXaWZSYU5oTGFDaFI1ZkVjaG9vRzFZeS0zSlMwMzZqSzA2TnVKb2lBVkVObnA5dkIydE5XN19IdWdEdDAyYk5La3RWSlZIZl9HeGRWWU1LNUgxZXkyTWhMWElMWG9uVUhYN2NKclZLX0lwbFJrTjF2Qy10c3ZiaXcyRHRybnlubHU5VjRpdDRETEl3QQ?oc=5"" target=""_blank"">Reliance Power discloses CBI search at registered office</a>&nbsp;&nbsp;<font color=""#6f6f6f"">scanx.trade</font>",https://news.google.com/rss/articles/CBMiyAFBVV95cUxNRUFOTlNuRkN3WUZqcWNwd1p0eTNJc2JFT0cwSEpvZnVTSXhZZTl1SFlFVTlRVFFWVFhOVzlXaWZSYU5oTGFDaFI1ZkVjaG9vRzFZeS0zSlMwMzZqSzA2TnVKb2lBVkVObnA5dkIydE5XN19IdWdEdDAyYk5La3RWSlZIZl9HeGRWWU1LNUgxZXkyTWhMWElMWG9uVUhYN2NKclZLX0lwbFJrTjF2Qy10c3ZiaXcyRHRybnlubHU5VjRpdDRETEl3QQ?oc=5,Google News - Company,RSS,0.7,"Sat, 18 Jul 2026 17:17:36 GMT",2026-09-01T22:46:04.767358+00:00,0.0,NEUTRAL,1,1.0,0.0
1127a0bf61c472cf3facd06e0e0ac4d631bd8744c29a3201c96fc277fa9b0dc5,Reliance Power shares climb 5% on foraying into AI and allied technology space; all you need to know - Upstox,"<a href=""https://news.google.com/rss/articles/CBMi7gFBVV95cUxQWkpuMmpFSEl2WW9ELXdqZ3g5S1h5dTAxUlBCbkFkR29xU3NGR0dDOGwwdWNudHliVkxWb1lWX1ZiSUlHWUF6VWdxaHd4dmRoSkN2anVjQUVYd0VJTUpOb3lYNlV3N2pFdXBTOHN0eVg3cUJvMDdKWVkwTHNBampzZVVlN1B4VzFHYlA2aElZc2Eta0Q3TTZibTFCX09sX1ItMVpCOWdkaTZLSF9ZMjNGb0RtV0NXNnNubXhlUWhla2ZCVk14NHY5UkxjUlNyUUloQzdNS3gyd001Nks4dU0tSHlEV0hpcWlNeW1ub3h3?oc=5"" target=""_blank"">Reliance Power shares climb 5% on foraying into AI and allied technology space; all you need to know</a>&nbsp;&nbsp;<font color=""#6f6f6f"">Upstox</font>",https://news.google.com/rss/articles/CBMi7gFBVV95cUxQWkpuMmpFSEl2WW9ELXdqZ3g5S1h5dTAxUlBCbkFkR29xU3NGR0dDOGwwdWNudHliVkxWb1lWX1ZiSUlHWUF6VWdxaHd4dmRoSkN2anVjQUVYd0VJTUpOb3lYNlV3N2pFdXBTOHN0eVg3cUJvMDdKWVkwTHNBampzZVVlN1B4VzFHYlA2aElZc2Eta0Q3TTZibTFCX09sX1ItMVpCOWdkaTZLSF9ZMjNGb0RtV0NXNnNubXhlUWhla2ZCVk14NHY5UkxjUlNyUUloQzdNS3gyd001Nks4dU0tSHlEV0hpcWlNeW1ub3h3?oc=5,Google News - Company,RSS,0.7,"Tue, 30 Jun 2026 07:00:00 GMT",2026-09-01T22:46:04.767343+00:00,0.5267,BULLISH,1,1.0,0.36868999999999996
fcbdcb85b6489d407531b0987cc8e0dd5e008a92b09a518e24fd474bfd0b8bab,Reliance Power gains after setting up four AI subsidiaries - Business Standard,"<a href=""https://news.google.com/rss/articles/CBMi1wFBVV95cUxNeFpyY1IwZU1rSTd3Tl9oeE9oVU1vVm1DUjJMUlp3VGtNdm5SdEdBLTlMSzNlSTZNcHA2cEI3TkNGeVg1STNvR3NwTTh4UUVZdFZPQUJmajdPN3YtUFlIMUtId2VnNzYwelJrclR6cS1aMHlBbV9HYVE4alkwcldkUF9FcEJ2NGRlSHhtYXBtTHBWWUpOUDVGWF9MSl9aMk1NUEtRQWxrUy1OVVQ4eHFyeGhQWkRHWWRiNFNqQ190RnRPSDV6Z21XbVZLQ2ZYelNCalJWWGRyb9IB3AFBVV95cUxQUXVyZ2dBWlVBZWZjRWU0NXBKQ1JpaUNRV25ieEdTbkRBbnNQY1NNMGN1dVNKamNfR2YzVVdWOVdzUUl5Q21GYk56bVF0OG1tUXpoWVEzVUt1ejJScXQ0c2sxeWl0M0kwYktIazFSQl9VRVNZTVBJZng0NEFRMWNoOVpWZi1KaksteXREN2lycldmTmRfMDZZZmMyRkZ3d1l3ZDJYY2g0Q254QldlM2RRajNpUjZtcXhxY2owS0FJU1lHX3R0cmhwZ05DVHNvU0xTdXR6ZFQ3RkE5RkVZ?oc=5"" target=""_blank"">Reliance Power gains after setting up four AI subsidiaries</a>&nbsp;&nbsp;<font color=""#6f6f6f"">Business Standard</font>",https://news.google.com/rss/articles/CBMi1wFBVV95cUxNeFpyY1IwZU1rSTd3Tl9oeE9oVU1vVm1DUjJMUlp3VGtNdm5SdEdBLTlMSzNlSTZNcHA2cEI3TkNGeVg1STNvR3NwTTh4UUVZdFZPQUJmajdPN3YtUFlIMUtId2VnNzYwelJrclR6cS1aMHlBbV9HYVE4alkwcldkUF9FcEJ2NGRlSHhtYXBtTHBWWUpOUDVGWF9MSl9aMk1NUEtRQWxrUy1OVVQ4eHFyeGhQWkRHWWRiNFNqQ190RnRPSDV6Z21XbVZLQ2ZYelNCalJWWGRyb9IB3AFBVV95cUxQUXVyZ2dBWlVBZWZjRWU0NXBKQ1JpaUNRV25ieEdTbkRBbnNQY1NNMGN1dVNKamNfR2YzVVdWOVdzUUl5Q21GYk56bVF0OG1tUXpoWVEzVUt1ejJScXQ0c2sxeWl0M0kwYktIazFSQl9VRVNZTVBJZng0NEFRMWNoOVpWZi1KaksteXREN2lycldmTmRfMDZZZmMyRkZ3d1l3ZDJYY2g0Q254QldlM2RRajNpUjZtcXhxY2owS0FJU1lHX3R0cmhwZ05DVHNvU0xTdXR6ZFQ3RkE5RkVZ?oc=5,Google News - Company,RSS,0.7,"Tue, 30 Jun 2026 07:00:00 GMT",2026-09-01T22:46:04.767425+00:00,0.5859,BULLISH,1,1.0,0.41012999999999994
8a04092d7d057720a89fe0c54c80d1659e1c6793cc3fc09b7a1b69afa0a9c4b8,"Reliance Power hits over 10-year high, stock zooms 85% in 1 month - Business Standard","<a href=""https://news.google.com/rss/articles/CBMiygFBVV95cUxOZWxIZ3Nrck5XR3JSZjVIQ212aXIyeXVXdU5IMUNFS3BMaFZLdVhNMlR6TGVMaHMxT2U0cXFKaDdidFpTOUZpTElWZXY3ZFZ0Q25RU0RaNGJuRkVoc0NZMTYzS3JhZVduTUVPWHdGRkRHaFhTRHViX0Q1bUR4cGwwa3Zvc0Jmek9sMHRGUXR6ZG1WRlRMV0U3bzNBaWpyYTBWTXp3RHM3MWVTWW5fWDJKQUVfUWpIcUdWaEZmaDlMWGNjaTVSdWtLcVdB0gHPAUFVX3lxTFBOdzhER051VTM4S3c1QnhjZDUxNTlsVklJYW1jclNMa3BZWEg5Smp4V0xzRHNmSEoxeWIzakdVVVpzVmVpXzNQaGU5ajFKOVJWYllEcEVKdUcxZHBORmlpY3A2YV8tVVZPbjhmOExsdUFyQUdlaDhHYmxFclFrRjFrSDBVaUU4RERfeDVYdExKN2pvSVk1MDZvVVVSRWltUUtCMWhrYW0tWW5NNlIzcWM0S0xMVGNMbDhCRTJWWHVyRFBBQ3BzNjJHUFRMOUg4Zw?oc=5"" target=""_blank"">Reliance Power hits over 10-year high, stock zooms 85% in 1 month</a>&nbsp;&nbsp;<font color=""#6f6f6f"">Business Standard</font>",https://news.google.com/rss/articles/CBMiygFBVV95cUxOZWxIZ3Nrck5XR3JSZjVIQ212aXIyeXVXdU5IMUNFS3BMaFZLdVhNMlR6TGVMaHMxT2U0cXFKaDdidFpTOUZpTElWZXY3ZFZ0Q25RU0RaNGJuRkVoc0NZMTYzS3JhZVduTUVPWHdGRkRHaFhTRHViX0Q1bUR4cGwwa3Zvc0Jmek9sMHRGUXR6ZG1WRlRMV0U3bzNBaWpyYTBWTXp3RHM3MWVTWW5fWDJKQUVfUWpIcUdWaEZmaDlMWGNjaTVSdWtLcVdB0gHPAUFVX3lxTFBOdzhER051VTM4S3c1QnhjZDUxNTlsVklJYW1jclNMa3BZWEg5Smp4V0xzRHNmSEoxeWIzakdVVVpzVmVpXzNQaGU5ajFKOVJWYllEcEVKdUcxZHBORmlpY3A2YV8tVVZPbjhmOExsdUFyQUdlaDhHYmxFclFrRjFrSDBVaUU4RERfeDVYdExKN2pvSVk1MDZvVVVSRWltUUtCMWhrYW0tWW5NNlIzcWM0S0xMVGNMbDhCRTJWWHVyRFBBQ3BzNjJHUFRMOUg4Zw?oc=5,Google News - Deals,RSS,0.7,"Tue, 10 Jun 2025 07:00:00 GMT",2026-09-01T22:46:06.163791+00:00,0.0,NEUTRAL,1,1.0,0.0
cc1db3017910af6301b8a2cebdfb874a9c90b4c3333a3788fc0aa61675942364,Reliance Power Wins Largest Share in India’s First 1500 MW FDRE Tender - Saur Energy,"<a href=""https://news.google.com/rss/articles/CBMiwAFBVV95cUxNTVI1QUw4Z1dlOVhzcUN4X3U4ckY1TTFtZFpZbkgzaS1wSXRzclZnS2JwRmd5M0xodzluWUxfQzBCelBueHhNdXdLQ0taTTQyWjhHYTkybVc1QXFtOThienN1bkdBNEpjT1FBaTJYLVhkV2dMZ0Rqb2pNZkFtM25DWjNReG5HRWY3VEt6TmhVT1pHNjlKdS1PaWpOb3ZTcFI1c0RKMExuakhYc1pfUFRVZXFPeTl3dFV0U2RoS3Z0RFk?oc=5"" target=""_blank"">Reliance Power Wins Largest Share in India’s First 1500 MW FDRE Tender</a>&nbsp;&nbsp;<font color=""#6f6f6f"">Saur Energy</font>",https://news.google.com/rss/articles/CBMiwAFBVV95cUxNTVI1QUw4Z1dlOVhzcUN4X3U4ckY1TTFtZFpZbkgzaS1wSXRzclZnS2JwRmd5M0xodzluWUxfQzBCelBueHhNdXdLQ0taTTQyWjhHYTkybVc1QXFtOThienN1bkdBNEpjT1FBaTJYLVhkV2dMZ0Rqb2pNZkFtM25DWjNReG5HRWY3VEt6TmhVT1pHNjlKdS1PaWpOb3ZTcFI1c0RKMExuakhYc1pfUFRVZXFPeTl3dFV0U2RoS3Z0RFk?oc=5,Google News - Deals,RSS,0.7,"Tue, 11 Nov 2025 08:00:00 GMT",2026-09-01T22:46:06.163776+00:00,0.9669000000000001,BULLISH,1,1.0,0.67683
e16ae94b1f12c2c84e636caca882b8c7d3363302e936274013a5dbbc644707a0,"Tata Communications, Yes Bank, Reliance Power shares gain up to 14% on high volumes - Moneycontrol.com","<a href=""https://news.google.com/rss/articles/CBMi3gFBVV95cUxOMnZPRkZRcFFDN0dfZUNrSzJJX2JKdlg4Y3E4S3Y1V1lKNFRZa3BiSkl3eHFwUTd1d0JvXy1hc2NtQU9YN05NdG1vMDd0clREeXRHdE1NaDc5ckRVMklQNkhmaFFWTDdnbFFzVzVVbDlZdW1MQlBCeVgyMlhDdkxqektybXBpeVJ6NXJkbDhyTTlYLUowWTRuVllpVUxmWWVralR5VHNmNnNOX2xLT3VKVmpqMTYyU214cy1DUE9DUTNSazZuNDM3ZWNyRzkxYkstZEpXNlA4aFdNMWdVQkHSAeMBQVVfeXFMTlBiSmYxUmVJWXpoV3YxdEY1MWxGRmFjWkl3MmtCYUpjQzByMmtBS3FEUWpoM2NCaGRDU0lJRlVuUmdLMUpXTjc4UWlMVXk0Xzc0b1hBVVBWejMzaHVpbnp1UGNNWWhPOV90NkNaWHZvempVUm9SZjU1ZFoxVEo0UWwzU1F0eHNMVVNuSjhWR0JkclNkUkRzQy1iVnBuaWFyTHAyaG03N3FDUlVpYVQ3cnBSa0NBc0t3dk5mZ0tIMlVnMk9XczVuN2RzbGtqdGJtOF9HMi1mT0Vxb3plNERFX3o5Tjg?oc=5"" target=""_blank"">Tata Communications, Yes Bank, Reliance Power shares gain up to 14% on high volumes</a>&nbsp;&nbsp;<font color=""#6f6f6f"">Moneycontrol.com</font>",https://news.google.com/rss/articles/CBMi3gFBVV95cUxOMnZPRkZRcFFDN0dfZUNrSzJJX2JKdlg4Y3E4S3Y1V1lKNFRZa3BiSkl3eHFwUTd1d0JvXy1hc2NtQU9YN05NdG1vMDd0clREeXRHdE1NaDc5ckRVMklQNkhmaFFWTDdnbFFzVzVVbDlZdW1MQlBCeVgyMlhDdkxqektybXBpeVJ6NXJkbDhyTTlYLUowWTRuVllpVUxmWWVralR5VHNmNnNOX2xLT3VKVmpqMTYyU214cy1DUE9DUTNSazZuNDM3ZWNyRzkxYkstZEpXNlA4aFdNMWdVQkHSAeMBQVVfeXFMTlBiSmYxUmVJWXpoV3YxdEY1MWxGRmFjWkl3MmtCYUpjQzByMmtBS3FEUWpoM2NCaGRDU0lJRlVuUmdLMUpXTjc4UWlMVXk0Xzc0b1hBVVBWejMzaHVpbnp1UGNNWWhPOV90NkNaWHZvempVUm9SZjU1ZFoxVEo0UWwzU1F0eHNMVVNuSjhWR0JkclNkUkRzQy1iVnBuaWFyTHAyaG03N3FDUlVpYVQ3cnBSa0NBc0t3dk5mZ0tIMlVnMk9XczVuN2RzbGtqdGJtOF9HMi1mT0Vxb3plNERFX3o5Tjg?oc=5,Google News - Deals,RSS,0.7,"Fri, 10 Oct 2025 07:00:00 GMT",2026-09-01T22:46:06.163766+00:00,0.9393,BULLISH,1,1.0,0.6575099999999999
2b528fcbbf359a385bbbaa926809c0235e553497aba3829b19cf4c77d5355044,Reliance Power Slides 2.5%: Stock Tests Key Support Levels Amid Weak Buy-Side Interest - MAMA Signal - vinanet.vn,"<a href=""https://news.google.com/rss/articles/CBMiwAFBVV95cUxOTEFUSmlWWW9WUzVRcjBBXzVnaklTaEg2enpYbl9EcGtqZUlmdTNERDRmZnZtZTJEdW1Od0JmYlIxOGswNlJKYVBqdmZKMGdRSS16aWVfc0xEeDZxbk9ZVmQ1aWNKbHdrQmJ3dEEzM2k4aVdPUkZuczdCYWJxZEJfeThGTmljZFplNjY2aTNMa0lCdkVjS21jZnhDNjNuUmNwU3B5RWpFcno0SWE2Rzh3SU5YRUpDOWZuWmVjQklhUmQ?oc=5"" target=""_blank"">Reliance Power Slides 2.5%: Stock Tests Key Support Levels Amid Weak Buy-Side Interest - MAMA Signal</a>&nbsp;&nbsp;<font color=""#6f6f6f"">vinanet.vn</font>",https://news.google.com/rss/articles/CBMiwAFBVV95cUxOTEFUSmlWWW9WUzVRcjBBXzVnaklTaEg2enpYbl9EcGtqZUlmdTNERDRmZnZtZTJEdW1Od0JmYlIxOGswNlJKYVBqdmZKMGdRSS16aWVfc0xEeDZxbk9ZVmQ1aWNKbHdrQmJ3dEEzM2k4aVdPUkZuczdCYWJxZEJfeThGTmljZFplNjY2aTNMa0lCdkVjS21jZnhDNjNuUmNwU3B5RWpFcno0SWE2Rzh3SU5YRUpDOWZuWmVjQklhUmQ?oc=5,Google News - Deals,RSS,0.7,"Thu, 02 Jul 2026 07:00:00 GMT",2026-09-01T22:46:06.163736+00:00,0.6307999999999999,BULLISH,1,1.0,0.4415599999999999
90c989b1e5e17643f204cf98637d077fe5604c6dbb48a9fae843d32ad96e5811,"Reliance Power, Reliance Infrastructure shares in focus after Sebi issues show cause - The Economic Times","<a href=""https://news.google.com/rss/articles/CBMi7gFBVV95cUxNS2ItZ2ZGUlE4ejRaWmRqN25Yb1JOSGxwTm54OXJxUndIMFRCdjFhSXhVSTA2R1k5OHM0cEg4YkRWSmpjMFUzM0VKYTc3aUc1ODc5cU1SdG0wRVduUnF5X2Y0WU9oNzBZN1NYT0NPZlVVNXJXNE5WS0NoS01zVWlzOFVwVUR4RTdaTGdYRVBtbVBTQUl3Wm82WmlKdnFpQWh5aWFubHVPaXQ2ZXRsRkhyV3UxQV9CZGlyZ1l2Zkc5SXZDWVpBVlVYNWFyQVNaNjBEcmp4WHpHQWs4bzFVekxPVF9EUm9Bcl9VQUdzYU930gHzAUFVX3lxTE1oOU5McmhOaVItYWVoaVZfM1JLWXAwVGRMY0lGVHYxSnRWd2RQQ3J2MVk4WmdoWXRlTFo2aHF2dVAwbzdqSHlYYWNCd2lwYlhBeDFlTHBzdjlFUDAtZVFpWkNab0pJSVF2UkgtOW5ReWxySnFuMlZBeXNuaC1wak41S2ROSU9jcHdlbHZfclBoLU5vT1hWTUdoVUkzZmpWbzVaQjZtbEV0UkpOS00yMEtzTzNZNjlObWliVHI0NkRGck5pQ25ySVYxWVlGSVFiSzRjUVJDNU4xa1pJbGNqWktuNlFlVjZ5UFFaY29YbjJGMkZlSQ?oc=5"" target=""_blank"">Reliance Power, Reliance Infrastructure shares in focus after Sebi issues show cause</a>&nbsp;&nbsp;<font color=""#6f6f6f"">The Economic Times</font>",https://news.google.com/rss/articles/CBMi7gFBVV95cUxNS2ItZ2ZGUlE4ejRaWmRqN25Yb1JOSGxwTm54OXJxUndIMFRCdjFhSXhVSTA2R1k5OHM0cEg4YkRWSmpjMFUzM0VKYTc3aUc1ODc5cU1SdG0wRVduUnF5X2Y0WU9oNzBZN1NYT0NPZlVVNXJXNE5WS0NoS01zVWlzOFVwVUR4RTdaTGdYRVBtbVBTQUl3Wm82WmlKdnFpQWh5aWFubHVPaXQ2ZXRsRkhyV3UxQV9CZGlyZ1l2Zkc5SXZDWVpBVlVYNWFyQVNaNjBEcmp4WHpHQWs4bzFVekxPVF9EUm9Bcl9VQUdzYU930gHzAUFVX3lxTE1oOU5McmhOaVItYWVoaVZfM1JLWXAwVGRMY0lGVHYxSnRWd2RQQ3J2MVk4WmdoWXRlTFo2aHF2dVAwbzdqSHlYYWNCd2lwYlhBeDFlTHBzdjlFUDAtZVFpWkNab0pJSVF2UkgtOW5ReWxySnFuMlZBeXNuaC1wak41S2ROSU9jcHdlbHZfclBoLU5vT1hWTUdoVUkzZmpWbzVaQjZtbEV0UkpOS00yMEtzTzNZNjlObWliVHI0NkRGck5pQ25ySVYxWVlGSVFiSzRjUVJDNU4xa1pJbGNqWktuNlFlVjZ5UFFaY29YbjJGMkZlSQ?oc=5,Google News - Deals,RSS,0.7,"Tue, 07 Oct 2025 07:00:00 GMT",2026-09-01T22:46:06.163700+00:00,0.5267,BULLISH,1,1.0,0.36868999999999996
85c60fe53e47948111d4cfc9adfb62bb686250c9cb7f25c2f6b5e746dd2eccfb,Reliance Power Limited Publishes Special Window Notice for Physical Share Transfer and Dematerialisation - scanx.trade,"<a href=""https://news.google.com/rss/articles/CBMi8wFBVV95cUxOYTFtTXpNMXYyOHlBX1dyRVgxaVk2bzdrMUJQWUlUQWxqdVNJYTRjZmg2V2ZSWnpMVDFvaHRyUjZfSHZZWk1MOGpBaUtNODFrbkJpdktuNEJGcTQ3aGdrX0Z4d01TUkV4ZHZUWENDaFB3dkJPeWlqRnpGSzBLZ0t4OE1NaTIyRlM2bmNuSTNvekJpT3d2bENPblMxUTB3WmJBdlpWNF9MMUU0RFFQYXVGbHgtcFBLaWt1TzlxM3JXZm04UWlaa2l0TGhKTXFaVGJsUDVvMG5KekZmakJVTHNnMHhLZ1g3ZTJwV1ZocjdkeG5xZTQ?oc=5"" target=""_blank"">Reliance Power Limited Publishes Special Window Notice for Physical Share Transfer and Dematerialisation</a>&nbsp;&nbsp;<font color=""#6f6f6f"">scanx.trade</font>",https://news.google.com/rss/articles/CBMi8wFBVV95cUxOYTFtTXpNMXYyOHlBX1dyRVgxaVk2bzdrMUJQWUlUQWxqdVNJYTRjZmg2V2ZSWnpMVDFvaHRyUjZfSHZZWk1MOGpBaUtNODFrbkJpdktuNEJGcTQ3aGdrX0Z4d01TUkV4ZHZUWENDaFB3dkJPeWlqRnpGSzBLZ0t4OE1NaTIyRlM2bmNuSTNvekJpT3d2bENPblMxUTB3WmJBdlpWNF9MMUU0RFFQYXVGbHgtcFBLaWt1TzlxM3JXZm04UWlaa2l0TGhKTXFaVGJsUDVvMG5KekZmakJVTHNnMHhLZ1g3ZTJwV1ZocjdkeG5xZTQ?oc=5,Google News - Stock,RSS,0.7,"Sun, 26 Apr 2026 07:00:00 GMT",2026-09-01T22:46:05.199165+00:00,0.7184,BULLISH,1,1.0,0.50288
ae636a5165ccf2bd5c54eba8c30ba921e94d3d7225d6601d0308ec7e91c8c670,Reliance Power CFO Ashok Kumar Pal and Two Others Arrested in ₹136 Crore Bank Guarantee Fraud Case - NewsGram,"<a href=""https://news.google.com/rss/articles/CBMioAFBVV95cUxQLXkzOGw0NE1WS1hIWllhdzdDN2otQ0F1a1hXMDM5UlQtcE5aeDZBWHQyTVNqU1NyaHlNX3ItbmpLNzZiM3gzNk5ydl9XZVR3d1E5MWhXem1zNFBRQ1FsSmduYWFteU92cm4yOE1WN0htUDh4aENGemJPUFFwQWtsd3dabjdxcVVHMlg4bGd1eWFnR3Q1aTE2M29hNUNCeklr0gGuAUFVX3lxTFBQa0hmZV9jOU91N3NRZFRicmhwbUpScUxsZkF5bDdKaTRDcGRsQ1ktSUM3bWFWaEVBbm1heFo1UWRWNHZkSVd5Zlplbk1TcUtCZ0twUWdPUThvNW9GOTBId3FMZDJYaTJWMTYzaEtNWGFGWGV5NTdnVFZzdVgzbUc4X1pUMEtUZW9kQm51SlVONXZYU2dFbHVUZWlDYmcxMUpGTFc5aDJXLUtKYm9rdw?oc=5"" target=""_blank"">Reliance Power CFO Ashok Kumar Pal and Two Others Arrested in ₹136 Crore Bank Guarantee Fraud Case</a>&nbsp;&nbsp;<font color=""#6f6f6f"">NewsGram</font>",https://news.google.com/rss/articles/CBMioAFBVV95cUxQLXkzOGw0NE1WS1hIWllhdzdDN2otQ0F1a1hXMDM5UlQtcE5aeDZBWHQyTVNqU1NyaHlNX3ItbmpLNzZiM3gzNk5ydl9XZVR3d1E5MWhXem1zNFBRQ1FsSmduYWFteU92cm4yOE1WN0htUDh4aENGemJPUFFwQWtsd3dabjdxcVVHMlg4bGd1eWFnR3Q1aTE2M29hNUNCeklr0gGuAUFVX3lxTFBQa0hmZV9jOU91N3NRZFRicmhwbUpScUxsZkF5bDdKaTRDcGRsQ1ktSUM3bWFWaEVBbm1heFo1UWRWNHZkSVd5Zlplbk1TcUtCZ0twUWdPUThvNW9GOTBId3FMZDJYaTJWMTYzaEtNWGFGWGV5NTdnVFZzdVgzbUc4X1pUMEtUZW9kQm51SlVONXZYU2dFbHVUZWlDYmcxMUpGTFc5aDJXLUtKYm9rdw?oc=5,Google News - Deals,RSS,0.7,"Wed, 22 Apr 2026 07:00:00 GMT",2026-09-01T22:46:06.163671+00:00,-0.9457000000000001,BEARISH,1,1.0,-0.6619900000000001
25a8792faca2a1d75e6dac57277a8f6c2c1a478f011a42725c118e0bac60cfec,"ADAG stocks Reliance Infra, Reliance Power tank up to 5% amid reports of CBI filing fraud case against Anil Ambani's son - Livemint","<a href=""https://news.google.com/rss/articles/CBMihgJBVV95cUxNLW91c2ppZXZEbC1KZWFQVV9uWkJIMVZpcnBib2o2aGZrYmJwS0NqVHV4Z1FpRzlRekU5YlpyakpoNVl3eHRxWkdTVHJqamtxNE1wUndQZ0ltdHJ3MGhiblRNM1l2RmtyN1pMVU9GbEJHX3d2UDJPWnR1Nk5fcHBZM3U4LXpBWGt5di1pV0NCb2RSaUJZcjNNUVVkeGdnR2hPOU5jczY2dWRDQkpWWXNkNVo4dVNYZE1MSGo1ejNNRGJTZU1KSE04aWpsaGVlYlNBWUVuVzQxSlZITzFTR2F4NDQwOC1qVWZRNlJ4MmsxS3A5MC1IQXNJUWtBdXQtUzdUOVNRcUl30gGLAkFVX3lxTFAxcW9uWTZYNEdNcWt0YUlESG9yNWl0dnlwUjRmSUNXUVpRSXBOUnNsX1FIVWNsVG5fUTI4bV9hSHRNSHh2VTBOQmJiSEI5dENsUWVMbHlERlRaNzdRZDRSVmZNMmhkVkZvcUcwNmkyZ2RkMHNuM3F4d3N1TDF2ZFBNS3kyRFdBMnB0cENFUWxaMDc0NW1tbDhfbGZuX0l1LWRtVzdsZEFUTzAzMGZ0TmFVU0tWQUdORmFhb0hhdkI4aTNidXFIZ2dRMWtubnZDeUJ3UWZOZExYQ05qajhOMDIxMnhpOEthNUIyYjJ1TldTZllvLTZyWk9sMVFWdnd6b2hLamc2Q292Z1RVYw?oc=5"" target=""_blank"">ADAG stocks Reliance Infra, Reliance Power tank up to 5% amid reports of CBI filing fraud case against Anil Ambani's son</a>&nbsp;&nbsp;<font color=""#6f6f6f"">Livemint</font>",https://news.google.com/rss/articles/CBMihgJBVV95cUxNLW91c2ppZXZEbC1KZWFQVV9uWkJIMVZpcnBib2o2aGZrYmJwS0NqVHV4Z1FpRzlRekU5YlpyakpoNVl3eHRxWkdTVHJqamtxNE1wUndQZ0ltdHJ3MGhiblRNM1l2RmtyN1pMVU9GbEJHX3d2UDJPWnR1Nk5fcHBZM3U4LXpBWGt5di1pV0NCb2RSaUJZcjNNUVVkeGdnR2hPOU5jczY2dWRDQkpWWXNkNVo4dVNYZE1MSGo1ejNNRGJTZU1KSE04aWpsaGVlYlNBWUVuVzQxSlZITzFTR2F4NDQwOC1qVWZRNlJ4MmsxS3A5MC1IQXNJUWtBdXQtUzdUOVNRcUl30gGLAkFVX3lxTFAxcW9uWTZYNEdNcWt0YUlESG9yNWl0dnlwUjRmSUNXUVpRSXBOUnNsX1FIVWNsVG5fUTI4bV9hSHRNSHh2VTBOQmJiSEI5dENsUWVMbHlERlRaNzdRZDRSVmZNMmhkVkZvcUcwNmkyZ2RkMHNuM3F4d3N1TDF2ZFBNS3kyRFdBMnB0cENFUWxaMDc0NW1tbDhfbGZuX0l1LWRtVzdsZEFUTzAzMGZ0TmFVU0tWQUdORmFhb0hhdkI4aTNidXFIZ2dRMWtubnZDeUJ3UWZOZExYQ05qajhOMDIxMnhpOEthNUIyYjJ1TldTZllvLTZyWk9sMVFWdnd6b2hLamc2Q292Z1RVYw?oc=5,Google News - Deals,RSS,0.7,"Wed, 10 Dec 2025 08:00:00 GMT",2026-09-01T22:46:06.163663+00:00,-0.8725,BEARISH,1,1.0,-0.61075
063a4704536d71f2132fc3cbf51be4b553c6ec9d1028676233fb6764016fbd2a,Reliance Power CFO Ashok Kumar Pal Arrested in ₹136 Crore Fake Bank Guarantee Scam - Moneylife,"<a href=""https://news.google.com/rss/articles/CBMiwwFBVV95cUxPR1JpN0JaNTlySjJIdTZ3VlNMa2NUWjRmcU1xbml2ci1pdkRWdXJNQXg4TFI4eUVkLWVRRDUwdzlSTlExMEg0OEJCUG83cmlpalVNMTFxOU9TMk90Sll1RmZvTnJRWkpEN0QtN2JuQmczbTdIOTJDX2RBbFNmRHM1d1RSdkJMd0ZENEJUWUNhUzRKTDhhYnphcnVZVU5XSmxPdGtLV3o4dFhYc2JHVGFMYy1qUFBwVVh6LTg0ZkF1aW93Ums?oc=5"" target=""_blank"">Reliance Power CFO Ashok Kumar Pal Arrested in ₹136 Crore Fake Bank Guarantee Scam</a>&nbsp;&nbsp;<font color=""#6f6f6f"">Moneylife</font>",https://news.google.com/rss/articles/CBMiwwFBVV95cUxPR1JpN0JaNTlySjJIdTZ3VlNMa2NUWjRmcU1xbml2ci1pdkRWdXJNQXg4TFI4eUVkLWVRRDUwdzlSTlExMEg0OEJCUG83cmlpalVNMTFxOU9TMk90Sll1RmZvTnJRWkpEN0QtN2JuQmczbTdIOTJDX2RBbFNmRHM1d1RSdkJMd0ZENEJUWUNhUzRKTDhhYnphcnVZVU5XSmxPdGtLV3o4dFhYc2JHVGFMYy1qUFBwVVh6LTg0ZkF1aW93Ums?oc=5,Google News - Deals,RSS,0.7,"Wed, 22 Apr 2026 07:11:22 GMT",2026-09-01T22:46:06.163648+00:00,-0.9201,BEARISH,1,1.0,-0.64407
1306fa23b556bdb8074ec0a4dee4a0e95117295d2642a37127a15a8ebb6f9700,"YES Bank, Reliance Power, GMR Airports shares rise up to 6% - Business Today","<a href=""https://news.google.com/rss/articles/CBMizAFBVV95cUxQU1ZQUmgyRjV2cXdFT0dtTHJjYXVtLW14dmdSUVBpdVRUNHBpajlUVk1pZks3d2dxZGU2YVc0OUt6UUdSb1ZQV3paNWpPR0FBNmV0Z0JXQlF2dXZzQVYzdVYyYzU0U3otNmJKZ3VORmRrMzBWQVIzRGlSLXlPTmQzVndIRXJsZVF6NFNNcGZtN1F1YTNtTXFhYVdhd0xaVDZ5Qy05M2VHOFJTZzJkY0xSMzZ1NU9EMHVNRndodF9FenlaanJBY09qTjZEb0jSAdIBQVVfeXFMTnVING5WNGtZN3RBbHJKUDZxLTZnZmVDV000VGxabHFqTGN5dVkyQ3M4UGVSZjV5Tk9uV09RdUFtdG9oT0dlcUZwSkVSb1NZXzhWdWhYMVJ6OHc2eDZ5Ty10WUNWMjFiZUNYMEVQZ3VUdDNaN2E3Q3otQ1RvSkk1Z1BaekpFTkRzZUhCYVp1UHc2UGR6QzdhUDRoM2l2cTFHYjBRaVlsNWtJQ0I1Rk85ck5UMWt4TE9qZEhETVozaGR3QjZENk5JbDRfdVZkSVFaWDRR?oc=5"" target=""_blank"">YES Bank, Reliance Power, GMR Airports shares rise up to 6%</a>&nbsp;&nbsp;<font color=""#6f6f6f"">Business Today</font>",https://news.google.com/rss/articles/CBMizAFBVV95cUxQU1ZQUmgyRjV2cXdFT0dtTHJjYXVtLW14dmdSUVBpdVRUNHBpajlUVk1pZks3d2dxZGU2YVc0OUt6UUdSb1ZQV3paNWpPR0FBNmV0Z0JXQlF2dXZzQVYzdVYyYzU0U3otNmJKZ3VORmRrMzBWQVIzRGlSLXlPTmQzVndIRXJsZVF6NFNNcGZtN1F1YTNtTXFhYVdhd0xaVDZ5Qy05M2VHOFJTZzJkY0xSMzZ1NU9EMHVNRndodF9FenlaanJBY09qTjZEb0jSAdIBQVVfeXFMTnVING5WNGtZN3RBbHJKUDZxLTZnZmVDV000VGxabHFqTGN5dVkyQ3M4UGVSZjV5Tk9uV09RdUFtdG9oT0dlcUZwSkVSb1NZXzhWdWhYMVJ6OHc2eDZ5Ty10WUNWMjFiZUNYMEVQZ3VUdDNaN2E3Q3otQ1RvSkk1Z1BaekpFTkRzZUhCYVp1UHc2UGR6QzdhUDRoM2l2cTFHYjBRaVlsNWtJQ0I1Rk85ck5UMWt4TE9qZEhETVozaGR3QjZENk5JbDRfdVZkSVFaWDRR?oc=5,Google News - Deals,RSS,0.7,"Fri, 29 May 2026 07:00:00 GMT",2026-09-01T22:46:06.163632+00:00,0.7804,BULLISH,1,1.0,0.54628
bd2e6d291e11c7e8160daa91bd3cb894fd0b9d13a664261c5ba87200bb661ef2,Reliance Power lines up 4 GW solar and 6.5 GWh battery storage pipeline - Saur Energy,"<a href=""https://news.google.com/rss/articles/CBMiwgFBVV95cUxNZ0ppeFQ3cVI3NmlBcUhfLXZaby11eFZRVXhIMmstSTJvNnRETEd0N0dFbGRNamFvdEtBV3dUUzYzNzRNb2VUd0VzSHVPa0tTV0JuWkpxeGlnaVVrN3JWR09obk5wcmoyWTJJakhJRS1wLU1tM0xfQkZacWJ6bkxNbUt2U2Q4b0hhX0VvY2JFNXl1eWVVODR0VEFkY2VVM1czSkZ0THpXT1ltVEtyd0xPZGhoVDhGM3g0S1BpUW1JamhKQQ?oc=5"" target=""_blank"">Reliance Power lines up 4 GW solar and 6.5 GWh battery storage pipeline</a>&nbsp;&nbsp;<font color=""#6f6f6f"">Saur Energy</font>",https://news.google.com/rss/articles/CBMiwgFBVV95cUxNZ0ppeFQ3cVI3NmlBcUhfLXZaby11eFZRVXhIMmstSTJvNnRETEd0N0dFbGRNamFvdEtBV3dUUzYzNzRNb2VUd0VzSHVPa0tTV0JuWkpxeGlnaVVrN3JWR09obk5wcmoyWTJJakhJRS1wLU1tM0xfQkZacWJ6bkxNbUt2U2Q4b0hhX0VvY2JFNXl1eWVVODR0VEFkY2VVM1czSkZ0THpXT1ltVEtyd0xPZGhoVDhGM3g0S1BpUW1JamhKQQ?oc=5,Google News - Deals,RSS,0.7,"Mon, 08 Dec 2025 08:00:00 GMT",2026-09-01T22:46:06.163597+00:00,0.2732,BULLISH,1,1.0,0.19124
3bf15d7a254ecafcf16945945911eb584ce6024642798a6498d46f88fd11514c,ED searches multiple sites linked to Anil Ambani’s Reliance Power in bank fraud probe - The Times of India,"<a href=""https://news.google.com/rss/articles/CBMi5wFBVV95cUxPanM5Y1JOaFh0VklVY2xtVV9nb3JsR1FQZUdlU0YxT3B4R2dmczBBdnFXUEdsNnl6N3FIT3dpMXlGMjJFQ1dVT0ZzUUxBVTlOQmFjRFdFZXIzMDdpZHJ3VkFGMjg4OFJ5VjdBd3hJYWhkaThkeVFQNmdxOEMxWllVLVpnRlZpWFJ4SVRMWXVqQXBLaW16MDFBYUU3Ukh1WlV5YlB0SDNLSHl0ai02M3BKbnVzMzhkbm1pQ2xHTEZRZnB4Ny1feVZ4SVQ2VWpRREhyaUZnVE5PMzNyX2dsZjJGejdGc0tXRVU?oc=5"" target=""_blank"">ED searches multiple sites linked to Anil Ambani’s Reliance Power in bank fraud probe</a>&nbsp;&nbsp;<font color=""#6f6f6f"">The Times of India</font>",https://news.google.com/rss/articles/CBMi5wFBVV95cUxPanM5Y1JOaFh0VklVY2xtVV9nb3JsR1FQZUdlU0YxT3B4R2dmczBBdnFXUEdsNnl6N3FIT3dpMXlGMjJFQ1dVT0ZzUUxBVTlOQmFjRFdFZXIzMDdpZHJ3VkFGMjg4OFJ5VjdBd3hJYWhkaThkeVFQNmdxOEMxWllVLVpnRlZpWFJ4SVRMWXVqQXBLaW16MDFBYUU3Ukh1WlV5YlB0SDNLSHl0ai02M3BKbnVzMzhkbm1pQ2xHTEZRZnB4Ny1feVZ4SVQ2VWpRREhyaUZnVE5PMzNyX2dsZjJGejdGc0tXRVU?oc=5,Google News - Risk,RSS,0.7,"Fri, 06 Mar 2026 08:00:00 GMT",2026-09-01T22:46:06.731118+00:00,-0.8725,BEARISH,1,1.0,-0.61075
1b79026677ddbc448cfe220b1d4f26481578cf857ebaaba17b01a18238d5d95c,Why will Anil Ambani-owned Reliance Power shares be in focus tomorrow? EXPLAINED - Livemint,"<a href=""https://news.google.com/rss/articles/CBMi4wFBVV95cUxPRExDZWJCakJablA4YThYYXkyNHo1TU4wblVmeXp3MFVweTU3RXdTTnJjaDlWZTIwZ2dLSHdEUGYxbXA3eVBtQWNyMlFxQW01WmoyMndGV0F0Zm1fZFBPRkJHYi1JLW5YMnJvaDlzemJBUFRkMHdxRzhZaWRoNlZxZGo5OWVzTTYxY1daYkU5azFTdzJScS1tS3BVYlA0c0gtU3NKRGRqUzNMZDJRLVpJbHNRa2Z1VmNIZmFwa0pHRS10U1JUSktQOGpBbDhONTd6cHN4NDhFbzBMdkxqMVhIYm1nd9IB6AFBVV95cUxQV283dkFrbVgxY2dWMEdyZmJ2LXBTX3EzcU1HUWN0bmowaWZ5NGN1Nkk1UmhlZ0FwdXdySjFFMGFGc2xBa2Jfa1MxNU5YdTZvQ2VSTEUtcjY1akpKUXZqVTRHUS1vSFBYamxTNlNjT29YNk1adU1aamVWQWZzYkJXOVNrSmFCTXZLdGd6QnlEUC1OM1BZbS00Z0paVlpjMUpmOXBmS0FaRUYtWnB0MWQ2UkpwUm5zTVUxR2c1dl95MEdiZHJuZE4yQkxYTkVFeDN0WlRCVS1iVVA2UjkyNUN3YkJpNC11MU82?oc=5"" target=""_blank"">Why will Anil Ambani-owned Reliance Power shares be in focus tomorrow? EXPLAINED</a>&nbsp;&nbsp;<font color=""#6f6f6f"">Livemint</font>",https://news.google.com/rss/articles/CBMi4wFBVV95cUxPRExDZWJCakJablA4YThYYXkyNHo1TU4wblVmeXp3MFVweTU3RXdTTnJjaDlWZTIwZ2dLSHdEUGYxbXA3eVBtQWNyMlFxQW01WmoyMndGV0F0Zm1fZFBPRkJHYi1JLW5YMnJvaDlzemJBUFRkMHdxRzhZaWRoNlZxZGo5OWVzTTYxY1daYkU5azFTdzJScS1tS3BVYlA0c0gtU3NKRGRqUzNMZDJRLVpJbHNRa2Z1VmNIZmFwa0pHRS10U1JUSktQOGpBbDhONTd6cHN4NDhFbzBMdkxqMVhIYm1nd9IB6AFBVV95cUxQV283dkFrbVgxY2dWMEdyZmJ2LXBTX3EzcU1HUWN0bmowaWZ5NGN1Nkk1UmhlZ0FwdXdySjFFMGFGc2xBa2Jfa1MxNU5YdTZvQ2VSTEUtcjY1akpKUXZqVTRHUS1vSFBYamxTNlNjT29YNk1adU1aamVWQWZzYkJXOVNrSmFCTXZLdGd6QnlEUC1OM1BZbS00Z0paVlpjMUpmOXBmS0FaRUYtWnB0MWQ2UkpwUm5zTVUxR2c1dl95MEdiZHJuZE4yQkxYTkVFeDN0WlRCVS1iVVA2UjkyNUN3YkJpNC11MU82?oc=5,Google News - Deals,RSS,0.7,"Tue, 20 May 2025 07:00:00 GMT",2026-09-01T22:46:06.163978+00:00,0.6046,BULLISH,1,1.0,0.42322
254647dfca9feba5bcadce3039d67ab32e80f394cfa94a522933341374fc74d1,"Reliance Infrastructure, Reliance Power shares rally over 10% in 2 days. Here’s what moved the Anil Ambani - The Economic Times","<a href=""https://news.google.com/rss/articles/CBMikAJBVV95cUxNZk8tOVBKR0hpX2hXMmEzNmJWcVdTWkg5ZmdrckRFZUhQMEJJODFUdlYya2h1TXRKWE5jUHRPajdDeEdqTy1kN0lkS2ZWM0pJc1AyMjRoT3o5d1dDMlpTRDJhX2VUdlpIT1lqa0RFcUw0MGJYOVJwVndhZDhkdlBWanZ6STVfdlpYQldHTGRhYmJkNHRieG42cnptMHdCUkpseTdtWkd0Ukc0cmliSTNRSG4yOUw5cW81d1ZUNGx0akE1aU5PSG10RnBwM3pTQzhTN2hDWmUxOGdOdjVTNHJoMjNOeXhJZjY3YTN0Qm02WjhiMWoycW5hZTRHQWpfRDYtUjF0SUl0Sm85enZWZTZoZ9IBlgJBVV95cUxOUko3OEktUllGbEF3MzlkQlRFbWM3UURORTMxaGkzU253SG9rS0xpQkdkYWU0bVlaVXBiQ2c5dnJHcTR6QWI5emFhRjB2ei16bFpPQlBGRFdibUpGSTE4cE8tSnhvV2FiUkg3NGNXd1ZGOFQ2NUtTSzVGUzNCWG1BV0RJT1kyTlQwSEVrdmhTeEJZWTJiT1ZjWUs0NUdxdWtCRTBDVmtxRnFROUl1VlpocVJnMFBmQUtVd1pUbU5pcGhvanVhLXd0SUVEU2hiNHpzN2ROTFFidWlvdF9KeVFlNkVpbmNxMms2dlhfTl9UVDZMblZYSFlBQ3pic3RFbnlLVTNRS0xDSFRlZWp0RlN1UjcxUUNuUQ?oc=5"" target=""_blank"">Reliance Infrastructure, Reliance Power shares rally over 10% in 2 days. Here’s what moved the Anil Ambani</a>&nbsp;&nbsp;<font color=""#6f6f6f"">The Economic Times</font>",https://news.google.com/rss/articles/CBMikAJBVV95cUxNZk8tOVBKR0hpX2hXMmEzNmJWcVdTWkg5ZmdrckRFZUhQMEJJODFUdlYya2h1TXRKWE5jUHRPajdDeEdqTy1kN0lkS2ZWM0pJc1AyMjRoT3o5d1dDMlpTRDJhX2VUdlpIT1lqa0RFcUw0MGJYOVJwVndhZDhkdlBWanZ6STVfdlpYQldHTGRhYmJkNHRieG42cnptMHdCUkpseTdtWkd0Ukc0cmliSTNRSG4yOUw5cW81d1ZUNGx0akE1aU5PSG10RnBwM3pTQzhTN2hDWmUxOGdOdjVTNHJoMjNOeXhJZjY3YTN0Qm02WjhiMWoycW5hZTRHQWpfRDYtUjF0SUl0Sm85enZWZTZoZ9IBlgJBVV95cUxOUko3OEktUllGbEF3MzlkQlRFbWM3UURORTMxaGkzU253SG9rS0xpQkdkYWU0bVlaVXBiQ2c5dnJHcTR6QWI5emFhRjB2ei16bFpPQlBGRFdibUpGSTE4cE8tSnhvV2FiUkg3NGNXd1ZGOFQ2NUtTSzVGUzNCWG1BV0RJT1kyTlQwSEVrdmhTeEJZWTJiT1ZjWUs0NUdxdWtCRTBDVmtxRnFROUl1VlpocVJnMFBmQUtVd1pUbU5pcGhvanVhLXd0SUVEU2hiNHpzN2ROTFFidWlvdF9KeVFlNkVpbmNxMms2dlhfTl9UVDZMblZYSFlBQ3pic3RFbnlLVTNRS0xDSFRlZWp0RlN1UjcxUUNuUQ?oc=5,Google News - Deals,RSS,0.7,"Wed, 20 Aug 2025 07:00:00 GMT",2026-09-01T22:46:06.163962+00:00,0.5767,BULLISH,1,1.0,0.40369
8b84ee05c8ef4facaafd8a2c6713a16d337673632fd411747a987fdbbd445e45,Reliance Infrastructure to Reliance Power: Why Anil Ambani-owned Reliance ADAG stocks are skyrocketing? EXPLAINED - Livemint,"<a href=""https://news.google.com/rss/articles/CBMijgJBVV95cUxNS3Z0Z2k5VXprbGRfMzBlOEhOU1VpNDU5UWV6VVZ1YmJEdkZfcElQcFRFejI2Q2R0VC1XNEUwNEZ6ZkpNVHNHNGotVFJ1MW1DMDV1dmpSRHlCd0hOTEg0ZVVkVlA0SFdLZHpSQXpGRjRWM3B4UHRzY2R6ZzFEZHZxanc4QWhDRGVFT0hSMk1lWkFrOEpQa1R3dmNrWk9KYVNfRXpYOXNRalhNQW1TcmhWOWNQMmNzNlMteDZBTktadUFhTk95eFZ6WDFmeVM5VXdQUldrWmhTVTdMUFlVZE80ZmNzMjNqVnpGSi1adjN0TWF0QmJSbG4wTERZVGdKSXRMVEFERXpJTzJFR2lod0HSAZMCQVVfeXFMTmpzbWE1TnZONUpXTURGWmJnYTJBTnhoVnl5UU13ZVMyZG9XNHFsZVRtam9zX1UwRU9qdl85amt2MzB6RHNVR20zTWJWa1FDQXVhY2RmUk9fSW1RZlU3T05FVVhLc3lDRm1ZcEdIbWUxOVZ0YjdLamJURDZ1dnNsWEpVTDhiUmR0NEZHS3lyMmhOQzNqUVFiQk93T1l0ZDlJNHhaaFEyTjl0bjZWWmNTQ3FLZ3U4TGtkNkRseDVRNi1iSk45M1k4dy1KbElrckhCUTY5UkdvaTN0QUk4bXFBWWt2blotemEwSVlwTTQ0N0p3OTdxNzlYQ25DdmtFYUU4R3dGVDhjTnk2bnJ6MFp0YldJY28?oc=5"" target=""_blank"">Reliance Infrastructure to Reliance Power: Why Anil Ambani-owned Reliance ADAG stocks are skyrocketing? EXPLAINED</a>&nbsp;&nbsp;<font color=""#6f6f6f"">Livemint</font>",https://news.google.com/rss/articles/CBMijgJBVV95cUxNS3Z0Z2k5VXprbGRfMzBlOEhOU1VpNDU5UWV6VVZ1YmJEdkZfcElQcFRFejI2Q2R0VC1XNEUwNEZ6ZkpNVHNHNGotVFJ1MW1DMDV1dmpSRHlCd0hOTEg0ZVVkVlA0SFdLZHpSQXpGRjRWM3B4UHRzY2R6ZzFEZHZxanc4QWhDRGVFT0hSMk1lWkFrOEpQa1R3dmNrWk9KYVNfRXpYOXNRalhNQW1TcmhWOWNQMmNzNlMteDZBTktadUFhTk95eFZ6WDFmeVM5VXdQUldrWmhTVTdMUFlVZE80ZmNzMjNqVnpGSi1adjN0TWF0QmJSbG4wTERZVGdKSXRMVEFERXpJTzJFR2lod0HSAZMCQVVfeXFMTmpzbWE1TnZONUpXTURGWmJnYTJBTnhoVnl5UU13ZVMyZG9XNHFsZVRtam9zX1UwRU9qdl85amt2MzB6RHNVR20zTWJWa1FDQXVhY2RmUk9fSW1RZlU3T05FVVhLc3lDRm1ZcEdIbWUxOVZ0YjdLamJURDZ1dnNsWEpVTDhiUmR0NEZHS3lyMmhOQzNqUVFiQk93T1l0ZDlJNHhaaFEyTjl0bjZWWmNTQ3FLZ3U4TGtkNkRseDVRNi1iSk45M1k4dy1KbElrckhCUTY5UkdvaTN0QUk4bXFBWWt2blotemEwSVlwTTQ0N0p3OTdxNzlYQ25DdmtFYUU4R3dGVDhjTnk2bnJ6MFp0YldJY28?oc=5,Google News - Deals,RSS,0.7,"Fri, 23 May 2025 07:00:00 GMT",2026-09-01T22:46:06.163953+00:00,0.0,NEUTRAL,1,1.0,0.0
3abe568f62294da7dca53bc8894f5cdaa7a500d668151e86753d56d09dfc5849,"Reliance Power Plans Rs 25,000 Crore Investment In Renewable Energy In Andhra Pradesh - ETV Bharat","<a href=""https://news.google.com/rss/articles/CBMi1AFBVV95cUxNNGdqTzJZdXVpMlJCUVA3QzFpMC1IZF94Vk52T3BSUzY2bnpSWmRaeXBzSmUxcWFZNjFaVkdwN1ZSZ2lfZG5yeFh4WUR5T243M2plVnY0Zld4bmQzeExUYy1PejNqUnJUd2hNTDA5cjZaRzRPbEp4YzZScEhxV05FSEc5Nm5vU2NPb2VXeWM0SlJvd3pZZlk4OUdPLVlpakk2U2Vtb2tiSFR1VThubWxOZDF2dzF3T0Q0bWRueS00YnFydEVFSVBtX2pTanN1aUdlVG5jbNIB2gFBVV95cUxOZXZlVl9qdWdUOHEyY2hQVFhmd0F5Tld2aXJMdG9YUzhQeFhaaVA5a3RBWUU1NmZJeDNsdko5dzZwS1ZOdlJ3VHFQdFhMbEs0bkUtWVFtNC12ckJaYVRmbDJnQXZxVy1MWm1jVWU2WEpaZXRMVHdQV0h5OTV2M0JxdldHZVVwdVFZVl9qLXZocTdvUzJuMUM0SWNYSWIxTTR6a09nLW04UjJKU2JNQXBkNjlKVHFIb0psZFZtbGljcnAyajFtbjdLaVJJTDUzM0V5cDVBX01xWnZ6QQ?oc=5"" target=""_blank"">Reliance Power Plans Rs 25,000 Crore Investment In Renewable Energy In Andhra Pradesh</a>&nbsp;&nbsp;<font color=""#6f6f6f"">ETV Bharat</font>",https://news.google.com/rss/articles/CBMi1AFBVV95cUxNNGdqTzJZdXVpMlJCUVA3QzFpMC1IZF94Vk52T3BSUzY2bnpSWmRaeXBzSmUxcWFZNjFaVkdwN1ZSZ2lfZG5yeFh4WUR5T243M2plVnY0Zld4bmQzeExUYy1PejNqUnJUd2hNTDA5cjZaRzRPbEp4YzZScEhxV05FSEc5Nm5vU2NPb2VXeWM0SlJvd3pZZlk4OUdPLVlpakk2U2Vtb2tiSFR1VThubWxOZDF2dzF3T0Q0bWRueS00YnFydEVFSVBtX2pTanN1aUdlVG5jbNIB2gFBVV95cUxOZXZlVl9qdWdUOHEyY2hQVFhmd0F5Tld2aXJMdG9YUzhQeFhaaVA5a3RBWUU1NmZJeDNsdko5dzZwS1ZOdlJ3VHFQdFhMbEs0bkUtWVFtNC12ckJaYVRmbDJnQXZxVy1MWm1jVWU2WEpaZXRMVHdQV0h5OTV2M0JxdldHZVVwdVFZVl9qLXZocTdvUzJuMUM0SWNYSWIxTTR6a09nLW04UjJKU2JNQXBkNjlKVHFIb0psZFZtbGljcnAyajFtbjdLaVJJTDUzM0V5cDVBX01xWnZ6QQ?oc=5,Google News - Deals,RSS,0.7,"Fri, 24 Jan 2025 08:00:00 GMT",2026-09-01T22:46:06.163938+00:00,0.5439,BULLISH,1,1.0,0.38073
f7ec29e161a4b6c7c65a724cb984673f12310dc2bbbee2eebb2f61755cf88b8e,Reliance Power stock jumps 100% in 3 months: A turnaround or another bubble? - The Indian Express,"<a href=""https://news.google.com/rss/articles/CBMiwAFBVV95cUxONFBaMkMzYlg5cGh1SmQ3aVQ3RWpBWW9kdnZzNE1OU0RsbmxfTENsYUZoYmVnNVBsbmh0bTF2VW5aT19NQWtHb2ZnakVBN21OZWZMWG1KUXdEYk5VUm5zcUpZSnZieHVwU1JkNVhhYS1ZWWYyNVI3MUZZMGx5R283MUtub0NQak1qeUJPdGhxZzItTGlCb0VBRDU3QkV2T1U0SFdwYUFoM0lyRXRDWXlUdkZXMGdISXVFUE9JYWgyVzbSAccBQVVfeXFMT1BEb3ZCVUN0X1FLNkpSQTNUbkFEVkVNUW9aRUVDOWxEYmJCRi1RMXlqUmFWQ3g1MUZlX3g2VjhEamh5M01oWUR6RW5xLVdvWWt5TWt0SUdsUU15ODRuVUV2eUtZVWxGRnhLSk1GZ0l3bk5NMEppZTJkbFRCSXhwMVhkSGc3aXFnaWlZak1Jbzc4UDNCN3VlamhncFZCSE1pMG4zSkJYZEhEeGhndWZGUm5QZDBhcnNvMXV5SHhVT3EwQzFHdlFFMA?oc=5"" target=""_blank"">Reliance Power stock jumps 100% in 3 months: A turnaround or another bubble?</a>&nbsp;&nbsp;<font color=""#6f6f6f"">The Indian Express</font>",https://news.google.com/rss/articles/CBMiwAFBVV95cUxONFBaMkMzYlg5cGh1SmQ3aVQ3RWpBWW9kdnZzNE1OU0RsbmxfTENsYUZoYmVnNVBsbmh0bTF2VW5aT19NQWtHb2ZnakVBN21OZWZMWG1KUXdEYk5VUm5zcUpZSnZieHVwU1JkNVhhYS1ZWWYyNVI3MUZZMGx5R283MUtub0NQak1qeUJPdGhxZzItTGlCb0VBRDU3QkV2T1U0SFdwYUFoM0lyRXRDWXlUdkZXMGdISXVFUE9JYWgyVzbSAccBQVVfeXFMT1BEb3ZCVUN0X1FLNkpSQTNUbkFEVkVNUW9aRUVDOWxEYmJCRi1RMXlqUmFWQ3g1MUZlX3g2VjhEamh5M01oWUR6RW5xLVdvWWt5TWt0SUdsUU15ODRuVUV2eUtZVWxGRnhLSk1GZ0l3bk5NMEppZTJkbFRCSXhwMVhkSGc3aXFnaWlZak1Jbzc4UDNCN3VlamhncFZCSE1pMG4zSkJYZEhEeGhndWZGUm5QZDBhcnNvMXV5SHhVT3EwQzFHdlFFMA?oc=5,Google News - Deals,RSS,0.7,"Mon, 23 Jun 2025 07:00:00 GMT",2026-09-01T22:46:06.163807+00:00,0.05,NEUTRAL,1,1.0,0.034999999999999996
f0a51716fc4806711823a656a8bf1ca2f321de36220d13e301dd50e22d3d14dc,"Reliance Power, Reliance Infra shares zoom 16% in 3 days, hit upper circuit consecutively. Here’s why - The Economic Times","<a href=""https://news.google.com/rss/articles/CBMi_wFBVV95cUxPdGg5WElmREEtZzhBazVwSmYxOWo1dmk5eC1FX0RwdzQ1ZUFDN21nNkpwOFAwbkJ4VlVsNW9ENFNWakRmV0xpb3h2YmtVc2E4TFJkdm1LSkFFbkY0Q2pJMFQ1cjhNc1REbWk1bDBzYi0yckswWnpQTHVoQ1J4alhtX3VBZU1zbW1lLWFPMWUxb0dhRGdmUUtjX0MxZmFQUmhIb0s2anVLckZTaElENXRzZ1BOeEczX0ltSENwb0hCMGh0b0hxdk0zNEtLYnpOUUpSQVkzVnlaenBEOHA5R1NCUXlDM0hGM1lxQTRGS05nbmQ0Nkxud1M0dXlxb0l6QUXSAYQCQVVfeXFMT3AwMXdid3VHOGRra0g3TG9UZTlqaEFrUzRNN3BzbHBEeWZyTjdSYXhxbTFsWUFmRjRIMkwtVEt4TXpOdW9fOG9oYTcwQmRNZE8xQ3NWZTdreTZwVWlYZHh2SEdkUEZhZFBxOGtxM3ZNVnFLdk55MWdvUUQzU1lpR1hWM3Q2ZXdzYWlSWFFFd2p4S3FnTE0zXzFqNXJwT0RIem4zdTJCdWRhY3ktV01KWDFTZ0hSMWxkcFIyNFQzMzBmM1RndHV6VlBlNXVwd2c1MXVtS25QZFR5RXpDVFU5TXZnZkxRaWNyVXFVTEMyVDFNWmRBSV9vWkJhUU5pZmhhRDRqLUs?oc=5"" target=""_blank"">Reliance Power, Reliance Infra shares zoom 16% in 3 days, hit upper circuit consecutively. Here’s why</a>&nbsp;&nbsp;<font color=""#6f6f6f"">The Economic Times</font>",https://news.google.com/rss/articles/CBMi_wFBVV95cUxPdGg5WElmREEtZzhBazVwSmYxOWo1dmk5eC1FX0RwdzQ1ZUFDN21nNkpwOFAwbkJ4VlVsNW9ENFNWakRmV0xpb3h2YmtVc2E4TFJkdm1LSkFFbkY0Q2pJMFQ1cjhNc1REbWk1bDBzYi0yckswWnpQTHVoQ1J4alhtX3VBZU1zbW1lLWFPMWUxb0dhRGdmUUtjX0MxZmFQUmhIb0s2anVLckZTaElENXRzZ1BOeEczX0ltSENwb0hCMGh0b0hxdk0zNEtLYnpOUUpSQVkzVnlaenBEOHA5R1NCUXlDM0hGM1lxQTRGS05nbmQ0Nkxud1M0dXlxb0l6QUXSAYQCQVVfeXFMT3AwMXdid3VHOGRra0g3TG9UZTlqaEFrUzRNN3BzbHBEeWZyTjdSYXhxbTFsWUFmRjRIMkwtVEt4TXpOdW9fOG9oYTcwQmRNZE8xQ3NWZTdreTZwVWlYZHh2SEdkUEZhZFBxOGtxM3ZNVnFLdk55MWdvUUQzU1lpR1hWM3Q2ZXdzYWlSWFFFd2p4S3FnTE0zXzFqNXJwT0RIem4zdTJCdWRhY3ktV01KWDFTZ0hSMWxkcFIyNFQzMzBmM1RndHV6VlBlNXVwd2c1MXVtS25QZFR5RXpDVFU5TXZnZkxRaWNyVXFVTEMyVDFNWmRBSV9vWkJhUU5pZmhhRDRqLUs?oc=5,Google News - Deals,RSS,0.7,"Thu, 21 Aug 2025 07:00:00 GMT",2026-09-01T22:46:06.163914+00:00,0.5267,BULLISH,1,1.0,0.36868999999999996
c41dcdd5b973978e10f34561c3cb4a94e8b9582433bf66ef34a447643103bdae,2400% gain in five years: Reliance Power share price delivers multibagger returns. Should you buy? - Livemint,"<a href=""https://news.google.com/rss/articles/CBMikgJBVV95cUxPTG1mMXN5RjlQMEo4WVJYOVlnd2dHS09FcTZQbjJBNV9yaGpPNXh0dUVBR0FtcDUzbU5Xdlp6YzBEMVA4eXRDSFU3SGJqXzMtbDljenh4dlljWnhUWTVPYTBhWkVYU0Z2bHBiQ3h5T2xVbHJLVm1PWjVldlNqc1k2eVV1X0poZkEwdC1iYjhxaVVJaXlPRW1YMTBYejNraUQtMzdhS1o4ZW9GYjRLcW5IdTF5T0VCZmloSGlSN3dfSFZXRU9zbDJZd0ZXYnhGb0c3VE90QjRXXzVQZkdyT2xVLVNhbnI2QzBXbEY0cElUQnJYMjdjRzd6b0ZkUnBRckNKZnV1Y0lBbUozQjBjZTE1VjR30gGXAkFVX3lxTE1PZkNOYkVoMW1EUlFfNlk2bmpXS05vZkNiMElBYlV2Yk5DWEZwdF9QRnpzU09uTUJCbFFRSlozTlFXQ1J0M0RVaVZmbGpmLUs3eE5iT2V0cENRMGp0eEFNcldxUHRzLVFFcGZxNDJHdnVBb2ctNTVVdjM0bTJZT0pQOEotaUx3SVJLclZvbzdCaVVGUktLZU9QOGM2dWdkeHBCYXliSzFjTm5icG1HZ005MWttY014WDRhMzFXRXZQZGhWMGI5UDZ4X01DZTFxNDhrcTQwa3BCX25Kajl2MHhzQU1HYTBqOEtPenh6NkhkbERoblVmNTktSGNCZnVkd2hmTGNJTG8yeHRpSDNfM2lYUTh2WXdWQQ?oc=5"" target=""_blank"">2400% gain in five years: Reliance Power share price delivers multibagger returns. Should you buy?</a>&nbsp;&nbsp;<font color=""#6f6f6f"">Livemint</font>",https://news.google.com/rss/articles/CBMikgJBVV95cUxPTG1mMXN5RjlQMEo4WVJYOVlnd2dHS09FcTZQbjJBNV9yaGpPNXh0dUVBR0FtcDUzbU5Xdlp6YzBEMVA4eXRDSFU3SGJqXzMtbDljenh4dlljWnhUWTVPYTBhWkVYU0Z2bHBiQ3h5T2xVbHJLVm1PWjVldlNqc1k2eVV1X0poZkEwdC1iYjhxaVVJaXlPRW1YMTBYejNraUQtMzdhS1o4ZW9GYjRLcW5IdTF5T0VCZmloSGlSN3dfSFZXRU9zbDJZd0ZXYnhGb0c3VE90QjRXXzVQZkdyT2xVLVNhbnI2QzBXbEY0cElUQnJYMjdjRzd6b0ZkUnBRckNKZnV1Y0lBbUozQjBjZTE1VjR30gGXAkFVX3lxTE1PZkNOYkVoMW1EUlFfNlk2bmpXS05vZkNiMElBYlV2Yk5DWEZwdF9QRnpzU09uTUJCbFFRSlozTlFXQ1J0M0RVaVZmbGpmLUs3eE5iT2V0cENRMGp0eEFNcldxUHRzLVFFcGZxNDJHdnVBb2ctNTVVdjM0bTJZT0pQOEotaUx3SVJLclZvbzdCaVVGUktLZU9QOGM2dWdkeHBCYXliSzFjTm5icG1HZ005MWttY014WDRhMzFXRXZQZGhWMGI5UDZ4X01DZTFxNDhrcTQwa3BCX25Kajl2MHhzQU1HYTBqOEtPenh6NkhkbERoblVmNTktSGNCZnVkd2hmTGNJTG8yeHRpSDNfM2lYUTh2WXdWQQ?oc=5,Google News - Deals,RSS,0.7,"Thu, 05 Jun 2025 07:00:00 GMT",2026-09-01T22:46:06.163898+00:00,0.8943,BULLISH,1,1.0,0.62601
e5095b790d4d1c391f750741838d68b83e32ac586f79f1bcdd62e4f8cccec4b3,"Reliance Power shares jump 15%, hit 52-week high; rise 111% in one year - Business Standard","<a href=""https://news.google.com/rss/articles/CBMi0wFBVV95cUxQX2Rwak8wWW1NZk9WVHUxUko2eHNhd0c3YTV1MDl1QVFlb1BOS1lkTGNodndKNlNhWTdHTE1hZ1dndUMzLXlHZWVuME12bkFpZ0RRX2c0cmIzamc2VHFTMjZvMFQ1Y1p0Rmp0ODducWg2dVJtUkVXWHNlZkdOOXpaQ2ItNWpXTTliR1FYOVlra1pzQ2s5SldTdURRUXN2TUJTbnBIc1BrMHBwYkRLQy1mZ0NrYnBCcEtjUzhoNWlPc1E4azJoTXFWN0VPaldHalIyUFl30gHYAUFVX3lxTE9lQlExWTVucjVGSXgtSlNSYVdFY3JDb1ZuQjI5cEd2Y2VTS0FoZVdxdENheHJnbk8yS1diLUdWRTJXcnBiWVJJVVNjLTVyVmdXaEJOanVFeWozNmN1V3ZQY25QNWZ1a0NEOVNpcEhmdllSQmJQU2x4RkZGRGp1M0YyZ0xnOG9jUGhIUTYwdWZqYW9DMk9PVEJ0NGgydTBDTXdjZFZlZnFQbzY2OUNsU2JRMXd5YWVLb2xoV3JlY0RKQWtGNTIyMmNRVnMtWUJnVnZ0eXVXTkszNw?oc=5"" target=""_blank"">Reliance Power shares jump 15%, hit 52-week high; rise 111% in one year</a>&nbsp;&nbsp;<font color=""#6f6f6f"">Business Standard</font>",https://news.google.com/rss/articles/CBMi0wFBVV95cUxQX2Rwak8wWW1NZk9WVHUxUko2eHNhd0c3YTV1MDl1QVFlb1BOS1lkTGNodndKNlNhWTdHTE1hZ1dndUMzLXlHZWVuME12bkFpZ0RRX2c0cmIzamc2VHFTMjZvMFQ1Y1p0Rmp0ODducWg2dVJtUkVXWHNlZkdOOXpaQ2ItNWpXTTliR1FYOVlra1pzQ2s5SldTdURRUXN2TUJTbnBIc1BrMHBwYkRLQy1mZ0NrYnBCcEtjUzhoNWlPc1E4azJoTXFWN0VPaldHalIyUFl30gHYAUFVX3lxTE9lQlExWTVucjVGSXgtSlNSYVdFY3JDb1ZuQjI5cEd2Y2VTS0FoZVdxdENheHJnbk8yS1diLUdWRTJXcnBiWVJJVVNjLTVyVmdXaEJOanVFeWozNmN1V3ZQY25QNWZ1a0NEOVNpcEhmdllSQmJQU2x4RkZGRGp1M0YyZ0xnOG9jUGhIUTYwdWZqYW9DMk9PVEJ0NGgydTBDTXdjZFZlZnFQbzY2OUNsU2JRMXd5YWVLb2xoV3JlY0RKQWtGNTIyMmNRVnMtWUJnVnZ0eXVXTkszNw?oc=5,Google News - Deals,RSS,0.7,"Fri, 30 May 2025 07:00:00 GMT",2026-09-01T22:46:06.163883+00:00,0.5267,BULLISH,1,1.0,0.36868999999999996
c25950b09ddcbe7711121ff4680431693b3994d9f8eb3d334fecce9eef60d7cc,Reliance Power share price jumps 8% to fresh 52-week high; Should you buy? - Livemint,"<a href=""https://news.google.com/rss/articles/CBMi2AFBVV95cUxNT05BdXNLZUZ4X1QyN2N0M0ZtS3FOR25yeVEwVzRudHI2Nm9RY2lubEJZLWpTVHE3R1I1NkJEVVdFODYxcXNHWTlPZDB4Q0dGWHFYM0txOFpVU0pObm9fN3NYTjNoMGZqMzgtZ1N2bnBUZGZkYlNVNnk5UWF3aGp6bFBOVkwxcUZhT29JaktBaEthaEQtb0NyX1R0MktIbl9jN1o3c1lfNExMR1NKQUlwRzJFckRZU0FoaEdkS2ZkcGJjWFJ5STlOekZSeDIycHB5dFNQYmVhd0zSAd4BQVVfeXFMUGNBOTk0VlczS0hORVBvV01vaXZ6OWhkUzRYUWhGd0U5QXJFSWxlR3JoZmJQdFdaUzd3OVhrT2lZbWw4MGVmVzJfYl8teWVzTWdqM0J2dzNSLWRVVlM3eTZoR3R4Sm45dFFZdzIxTkstS3gxakNHb0xnRkFaaGlyTlh5RFYwc2NZa055ck9QdWdUU2dCVGY1cnIzTUdjeU5wMkdseXFaRzBXdmRvUmROTWItN3FXOTIwTjhaSVd1Tzh2XzVnczd5VTRnNEk5THQ2VE1KWU53a05OTFI1clFn?oc=5"" target=""_blank"">Reliance Power share price jumps 8% to fresh 52-week high; Should you buy?</a>&nbsp;&nbsp;<font color=""#6f6f6f"">Livemint</font>",https://news.google.com/rss/articles/CBMi2AFBVV95cUxNT05BdXNLZUZ4X1QyN2N0M0ZtS3FOR25yeVEwVzRudHI2Nm9RY2lubEJZLWpTVHE3R1I1NkJEVVdFODYxcXNHWTlPZDB4Q0dGWHFYM0txOFpVU0pObm9fN3NYTjNoMGZqMzgtZ1N2bnBUZGZkYlNVNnk5UWF3aGp6bFBOVkwxcUZhT29JaktBaEthaEQtb0NyX1R0MktIbl9jN1o3c1lfNExMR1NKQUlwRzJFckRZU0FoaEdkS2ZkcGJjWFJ5STlOekZSeDIycHB5dFNQYmVhd0zSAd4BQVVfeXFMUGNBOTk0VlczS0hORVBvV01vaXZ6OWhkUzRYUWhGd0U5QXJFSWxlR3JoZmJQdFdaUzd3OVhrT2lZbWw4MGVmVzJfYl8teWVzTWdqM0J2dzNSLWRVVlM3eTZoR3R4Sm45dFFZdzIxTkstS3gxakNHb0xnRkFaaGlyTlh5RFYwc2NZa055ck9QdWdUU2dCVGY1cnIzTUdjeU5wMkdseXFaRzBXdmRvUmROTWItN3FXOTIwTjhaSVd1Tzh2XzVnczd5VTRnNEk5THQ2VE1KWU53a05OTFI1clFn?oc=5,Google News - Deals,RSS,0.7,"Mon, 02 Jun 2025 07:00:00 GMT",2026-09-01T22:46:06.163850+00:00,0.8196,BULLISH,1,1.0,0.57372
96b81b86938e1565039946d1b2caf2876fe4d8eecdae02852d4e29aeff048712,Reliance Power to divest Indonesian coal subsidiaries for $12 million - The Economic Times,"<a href=""https://news.google.com/rss/articles/CBMi3AFBVV95cUxOa0tUZUhqbjJ5bkZ4R0gxeGR6UFk1MWpPd0RYZFdoQXE5bDl4ZmJpN3Uwek1GT3FQOGttSjdyOTVqNXlBaXhMWThRbUd3Y0RHSEFwa3lrSzB0bkZYX3N1QlhvbGtpQm5ReG82TWtUbVpTekFDczhNbElOY1FhbXl0cTlfUmNsR2Z3SjE1T3Bvc1dSaDVJLUpOYktwMk04ajF4ZHMxS01EN3BOeUtfb3V4YVBnMDZrYlZSTVBXM2F2OV9udV9BU01QMDR6X2VqSXpfU0pOdzUzWXZLTHZT0gHiAUFVX3lxTE5TeXVhLWpUSXdWVDVFbWxra3JLTzFPLVlfZkROS1FVc0duUXdPZ241RHZYemZxWEk1UFY4bjVOekdEREV5VmY1cmtmamVrN2IycVBRTUtHXzB4MXJ1ODZEYU1OUG9DQmxnMXNUNTZZWVFxQjN6V0s5NGJPTTU5ZVdZMF9sVk40NUdVbDhNLTF5TXJick04bnB6RkJyVFpkUlp4UzVzeTJLTDJoOFh0Vjl4bFBkSlpVVFFIOVR5eEhucTM5Q1VlMk9kYTNCWTlVYUNYU0RibXFSdmxEaWZUUm1xOUE?oc=5"" target=""_blank"">Reliance Power to divest Indonesian coal subsidiaries for $12 million</a>&nbsp;&nbsp;<font color=""#6f6f6f"">The Economic Times</font>",https://news.google.com/rss/articles/CBMi3AFBVV95cUxOa0tUZUhqbjJ5bkZ4R0gxeGR6UFk1MWpPd0RYZFdoQXE5bDl4ZmJpN3Uwek1GT3FQOGttSjdyOTVqNXlBaXhMWThRbUd3Y0RHSEFwa3lrSzB0bkZYX3N1QlhvbGtpQm5ReG82TWtUbVpTekFDczhNbElOY1FhbXl0cTlfUmNsR2Z3SjE1T3Bvc1dSaDVJLUpOYktwMk04ajF4ZHMxS01EN3BOeUtfb3V4YVBnMDZrYlZSTVBXM2F2OV9udV9BU01QMDR6X2VqSXpfU0pOdzUzWXZLTHZT0gHiAUFVX3lxTE5TeXVhLWpUSXdWVDVFbWxra3JLTzFPLVlfZkROS1FVc0duUXdPZ241RHZYemZxWEk1UFY4bjVOekdEREV5VmY1cmtmamVrN2IycVBRTUtHXzB4MXJ1ODZEYU1OUG9DQmxnMXNUNTZZWVFxQjN6V0s5NGJPTTU5ZVdZMF9sVk40NUdVbDhNLTF5TXJick04bnB6RkJyVFpkUlp4UzVzeTJLTDJoOFh0Vjl4bFBkSlpVVFFIOVR5eEhucTM5Q1VlMk9kYTNCWTlVYUNYU0RibXFSdmxEaWZUUm1xOUE?oc=5,Google News - Deals,RSS,0.7,"Mon, 29 Sep 2025 07:00:00 GMT",2026-09-01T22:46:06.163821+00:00,0.0,NEUTRAL,1,1.0,0.0
79c172f873a9e7a29c5696165f48e69b206c3be33ef7686a216e5c8bfc4ccfb1,Reliance Power shares gain 4% amid plans to strengthen governance - Business Standard,"<a href=""https://news.google.com/rss/articles/CBMizgFBVV95cUxNMjd6ay1saHM2LU43WG1TYTRBS2lobnRXU0FyZ3lQa19tbEpGbXJYM2ZNZ21SbEpLNmFkVkVvM2Fjc0pCcFR6VDg0Q3hUUGJQdDV0VnBaSVRxNkhldndQZ3ZFcG1XZUh4eGVUQjA1bWYzdG1CZER5eEVOeDRkcXJSRFRhX3FyQVpWR0JPS0xWMjZtSWlRRWlLdkh3ZGlMZGhibGxwWWlzeTR1WHlKaGZvNmYtM0FzNjdwYWxSQWR4NnRsdS0wVEtNVXEyZWRjd9IB0wFBVV95cUxNUlF6RXdJaV9nSjdTeTJNM3Utc2k2RGFOcGU3QmVFalQwb3loNld3d04zbjV2SERidXJBd2VZTWdDSjJfS2hBVXZCWGVWQjJKSlVvZmVzdnozTlh1dVJTdFhZRzZWT3JDbnNVY2g1VFd1XzhiZVl0Z3NySE4wYmtOZ2NzQUlLbE9zbm9wb1pEejN4UTVCc2tEbHFKdnBuTEhqY2VYOTMwQ1N1WDVvV1VFM3ZKX3AzZUVpWlp0RThaRzFRMnN4RXFXT1UyRW5xQ1VobDJj?oc=5"" target=""_blank"">Reliance Power shares gain 4% amid plans to strengthen governance</a>&nbsp;&nbsp;<font color=""#6f6f6f"">Business Standard</font>",https://news.google.com/rss/articles/CBMizgFBVV95cUxNMjd6ay1saHM2LU43WG1TYTRBS2lobnRXU0FyZ3lQa19tbEpGbXJYM2ZNZ21SbEpLNmFkVkVvM2Fjc0pCcFR6VDg0Q3hUUGJQdDV0VnBaSVRxNkhldndQZ3ZFcG1XZUh4eGVUQjA1bWYzdG1CZER5eEVOeDRkcXJSRFRhX3FyQVpWR0JPS0xWMjZtSWlRRWlLdkh3ZGlMZGhibGxwWWlzeTR1WHlKaGZvNmYtM0FzNjdwYWxSQWR4NnRsdS0wVEtNVXEyZWRjd9IB0wFBVV95cUxNUlF6RXdJaV9nSjdTeTJNM3Utc2k2RGFOcGU3QmVFalQwb3loNld3d04zbjV2SERidXJBd2VZTWdDSjJfS2hBVXZCWGVWQjJKSlVvZmVzdnozTlh1dVJTdFhZRzZWT3JDbnNVY2g1VFd1XzhiZVl0Z3NySE4wYmtOZ2NzQUlLbE9zbm9wb1pEejN4UTVCc2tEbHFKdnBuTEhqY2VYOTMwQ1N1WDVvV1VFM3ZKX3AzZUVpWlp0RThaRzFRMnN4RXFXT1UyRW5xQ1VobDJj?oc=5,Google News - Results,RSS,0.7,"Thu, 20 Nov 2025 08:00:00 GMT",2026-09-01T22:46:05.711575+00:00,0.93,BULLISH,1,1.0,0.651
6146eb06c1bda0f9ee4ec3a8d62ea76ddb704549dfd517a7d5efd50eae325f84,"Reliance Infra, Reliance Power tank up to 54% from June highs; here's why - Business Standard","<a href=""https://news.google.com/rss/articles/CBMi0wFBVV95cUxQcFJQQy1ZZW1uVy1TQlkteVhlRVFhUDZrU3hGYy1EVmFZTS1XXzdWVWtIalpRTWZmY2JzbnI1NU1xWk85ZkZseXV5SV9SOXZ1WWluS3BreVZjY3FzVDZqbTdNWFBOQXB1c2RweTVEb04wcUlGNmJEWjBVdDhXb3Y3a1VoNlRiY21MXzFHVW9UZzZ2WHFvQjVvb3RGX2dpMVhBb2Z2WktJLW9oYTF3QWxkdFpBR3h2TGc3THg4dXdFYy1fS3NGOTRBSXJsaHpqUW5jOUNr0gHYAUFVX3lxTFB4QnY4UHBBWFQtN3ZpWEw4UVdqWXhVRkl3RFA5WEhIRjVKX3RKMTZKM0R1VHpFZWh4VXpDQWZUa3RnZGtHSExLWUF2eWpyM0lGZ3hUaDByTERuRFBfMGRNRXZlajJ3NE5JQ3l6dmtKZF9DeTZicXRXZ0VTa0hLbUFnbTNYT2FBMi1Na05wRU9XcG9LTzZONkFBMDRLYWZYY0d1TkpyaHJISFFqTHhRWXpfd2NHTXJhNFV5THY2b3lIYnBia2FxZGRYdFFYQlRwdG54T080RWdSUg?oc=5"" target=""_blank"">Reliance Infra, Reliance Power tank up to 54% from June highs; here's why</a>&nbsp;&nbsp;<font color=""#6f6f6f"">Business Standard</font>",https://news.google.com/rss/articles/CBMi0wFBVV95cUxQcFJQQy1ZZW1uVy1TQlkteVhlRVFhUDZrU3hGYy1EVmFZTS1XXzdWVWtIalpRTWZmY2JzbnI1NU1xWk85ZkZseXV5SV9SOXZ1WWluS3BreVZjY3FzVDZqbTdNWFBOQXB1c2RweTVEb04wcUlGNmJEWjBVdDhXb3Y3a1VoNlRiY21MXzFHVW9UZzZ2WHFvQjVvb3RGX2dpMVhBb2Z2WktJLW9oYTF3QWxkdFpBR3h2TGc3THg4dXdFYy1fS3NGOTRBSXJsaHpqUW5jOUNr0gHYAUFVX3lxTFB4QnY4UHBBWFQtN3ZpWEw4UVdqWXhVRkl3RFA5WEhIRjVKX3RKMTZKM0R1VHpFZWh4VXpDQWZUa3RnZGtHSExLWUF2eWpyM0lGZ3hUaDByTERuRFBfMGRNRXZlajJ3NE5JQ3l6dmtKZF9DeTZicXRXZ0VTa0hLbUFnbTNYT2FBMi1Na05wRU9XcG9LTzZONkFBMDRLYWZYY0d1TkpyaHJISFFqTHhRWXpfd2NHTXJhNFV5THY2b3lIYnBia2FxZGRYdFFYQlRwdG54T080RWdSUg?oc=5,Google News - Results,RSS,0.7,"Tue, 04 Nov 2025 08:00:00 GMT",2026-09-01T22:46:05.711568+00:00,0.0,NEUTRAL,1,1.0,0.0
8bd5fa3f0593d343b2b0aa8b91f31a8774852a56b28c43fab9b6085a507f4e0f,Reliance Power shares down 15% in a month as ED probe drags. Can the stock reclaim Rs 70 amid volatility? - The Economic Times,"<a href=""https://news.google.com/rss/articles/CBMihwJBVV95cUxQMnQyU2toTUhjWUM2MVZsbmFybEdvVjV5X1BBTU5xS2JzQ2Z3eWlqdkh2MHdxVjVvRHBlN2xxaHk3dld1OFFjZWRiQ1lSUTZGTnNwXzQxdHFlbDFoOUs1MFc2ZmJpYnNGSS1VRjdHeXl5d2hQbjJuWVNGcHA4LVRaVUVKZThLc280QzVlQm13em8zY0xXUVliVHNDXzlMX2U1RWRiYVJ6ZmhMNkNfWlBOSWZ6bTA0amc5eG1ZRUkxUXo0NlJ4M0FnREdOanM2clVaR2plQlpOUWNBVXNYb1VlWTJLU1RzMXA1QnhiaE5LZFJCQVVLdmxtZUJMZXdHMkt6WnQ0R3F6QdIBjAJBVV95cUxOUVNNS0RVNTRfb3FwY2JjQUdTZnBscmpnWW1TOUZfODBkck9FV3U0UUlxNlU2R083VG13ZUxucnEwTmhaTnRtTV9hZ05mRjJON2tZeXQ1S2FLTnY1OHJxNVFKZ2tBUzh6LXlhZnJmeHZUemNCYnhWcERSTUxHaDBmeVlFNENzeFRPcWhHZExoa3RLLTI4V3B1Uk9QTkpzWXVwMlJYa2hiLTNGeThHS1ZUdHJGY3lOUVFSdnJxMTQ0X0pKcEpJdl9nZlE3YjVtX0JCZ043Z1NYWFk2LWlrM3Q0empiRHBNSC1LS1REMWoyLUtMMHpfT3loMXBESkZSYWZFRlJIZWg4ck96NldV?oc=5"" target=""_blank"">Reliance Power shares down 15% in a month as ED probe drags. Can the stock reclaim Rs 70 amid volatility?</a>&nbsp;&nbsp;<font color=""#6f6f6f"">The Economic Times</font>",https://news.google.com/rss/articles/CBMihwJBVV95cUxQMnQyU2toTUhjWUM2MVZsbmFybEdvVjV5X1BBTU5xS2JzQ2Z3eWlqdkh2MHdxVjVvRHBlN2xxaHk3dld1OFFjZWRiQ1lSUTZGTnNwXzQxdHFlbDFoOUs1MFc2ZmJpYnNGSS1VRjdHeXl5d2hQbjJuWVNGcHA4LVRaVUVKZThLc280QzVlQm13em8zY0xXUVliVHNDXzlMX2U1RWRiYVJ6ZmhMNkNfWlBOSWZ6bTA0amc5eG1ZRUkxUXo0NlJ4M0FnREdOanM2clVaR2plQlpOUWNBVXNYb1VlWTJLU1RzMXA1QnhiaE5LZFJCQVVLdmxtZUJMZXdHMkt6WnQ0R3F6QdIBjAJBVV95cUxOUVNNS0RVNTRfb3FwY2JjQUdTZnBscmpnWW1TOUZfODBkck9FV3U0UUlxNlU2R083VG13ZUxucnEwTmhaTnRtTV9hZ05mRjJON2tZeXQ1S2FLTnY1OHJxNVFKZ2tBUzh6LXlhZnJmeHZUemNCYnhWcERSTUxHaDBmeVlFNENzeFRPcWhHZExoa3RLLTI4V3B1Uk9QTkpzWXVwMlJYa2hiLTNGeThHS1ZUdHJGY3lOUVFSdnJxMTQ0X0pKcEpJdl9nZlE3YjVtX0JCZ043Z1NYWFk2LWlrM3Q0empiRHBNSC1LS1REMWoyLUtMMHpfT3loMXBESkZSYWZFRlJIZWg4ck96NldV?oc=5,Google News - Results,RSS,0.7,"Fri, 25 Jul 2025 07:00:00 GMT",2026-09-01T22:46:05.711551+00:00,0.3695,BULLISH,1,1.0,0.25865
d2ea9e269060b9a9598d4f097755957475c0fb1b3a5d0a2acbb4d9997e670fa2,"Reliance Power Q3 FY26: EBITDA Jumps 22% to ₹600 Crores, Margin Improves to 32.27% - scanx.trade","<a href=""https://news.google.com/rss/articles/CBMiqAFBVV95cUxQSF9LejJwT051NmROR2lQWDA0UVJZLVFtSUxlRVlYWUtNY3pUMEg0SnFVLWtfZ3IxTDZmYlhfYURkQ3d2X3FfbnhSMDZBcV9IYTctMGNXU25pdnVnZE9KZkdIcWtKVEgwcGNpUlZnWE81QVUwS2pfVGpOTl9kQ0hwaEFCQnhMVmROal9pTTFfVEo5THlHY3F3RWJDOHRLVXo0T25GTnQtbHc?oc=5"" target=""_blank"">Reliance Power Q3 FY26: EBITDA Jumps 22% to ₹600 Crores, Margin Improves to 32.27%</a>&nbsp;&nbsp;<font color=""#6f6f6f"">scanx.trade</font>",https://news.google.com/rss/articles/CBMiqAFBVV95cUxQSF9LejJwT051NmROR2lQWDA0UVJZLVFtSUxlRVlYWUtNY3pUMEg0SnFVLWtfZ3IxTDZmYlhfYURkQ3d2X3FfbnhSMDZBcV9IYTctMGNXU25pdnVnZE9KZkdIcWtKVEgwcGNpUlZnWE81QVUwS2pfVGpOTl9kQ0hwaEFCQnhMVmROal9pTTFfVEo5THlHY3F3RWJDOHRLVXo0T25GTnQtbHc?oc=5,Google News - Results,RSS,0.7,"Fri, 30 Jan 2026 08:00:00 GMT",2026-09-01T22:46:05.711492+00:00,0.6808,BULLISH,1,1.0,0.47655999999999993
7a20c98db49f780573e83938f9a9611cfcfc2697a11fbda85a1ac289d6520ec7,"Reliance Power Consolidated December 2025 Net Sales at Rs 1,872.84 crore, up 1.08% Y-o-Y - Moneycontrol.com","<a href=""https://news.google.com/rss/articles/CBMi5gFBVV95cUxNN1JQOWd5ajkxTGJxMlkxbmdYQVM1c1VESFQxNHBrcXZYcHJVYzFkRDNZZ0liZC1hY3U3eXB3QkRfdXQ5bEUzbWhiZDFFdG5KTXJJUlZSUE81Vkl2RlQ4QlhNWDJ3XzRkYlVQV2tNXzBKWTdJdkhhWTNSam8zRTdiVk9VNGR3VFR6SWo1TEJGcWZuNXJkcEI0S2F4RzVyYVQ2RlRETHJUaFdkN2dNTlo5eFM4dVV4SFZiVEc4bkpjZ1VTZHFubWR3aUFYcFZYeE1wOUd4cTJKaC1xcy03OWNfbjJGbEJJd9IB6wFBVV95cUxQY0Z6VFlHV3RORHljd3JMd1BRX1d1U1NxNWVrdExVcm9SRlViaEM2enpqWTJsMnpRV3VGSEJOamd4cFBrXzNCdEl5UUZnSU9qYklqUzk3UVI2Qk5NclJFYmNqQWRHREVNV2hGYVctU1p4Y0ZKWTM1S3BCM3hZeVFVODFob3p3aVhvOF9vNm9MUlJnc2NhcU9lYUx6YW5SMUtxZElHYzJOQnA1bmZDaGgxdXpPczd0dkxoZUJKVkIwRUZva1pqNVdFWUFWWDhaamdwbGhnSGRYaVNCTWRSLTFLdDlESThYWEFIckww?oc=5"" target=""_blank"">Reliance Power Consolidated December 2025 Net Sales at Rs 1,872.84 crore, up 1.08% Y-o-Y</a>&nbsp;&nbsp;<font color=""#6f6f6f"">Moneycontrol.com</font>",https://news.google.com/rss/articles/CBMi5gFBVV95cUxNN1JQOWd5ajkxTGJxMlkxbmdYQVM1c1VESFQxNHBrcXZYcHJVYzFkRDNZZ0liZC1hY3U3eXB3QkRfdXQ5bEUzbWhiZDFFdG5KTXJJUlZSUE81Vkl2RlQ4QlhNWDJ3XzRkYlVQV2tNXzBKWTdJdkhhWTNSam8zRTdiVk9VNGR3VFR6SWo1TEJGcWZuNXJkcEI0S2F4RzVyYVQ2RlRETHJUaFdkN2dNTlo5eFM4dVV4SFZiVEc4bkpjZ1VTZHFubWR3aUFYcFZYeE1wOUd4cTJKaC1xcy03OWNfbjJGbEJJd9IB6wFBVV95cUxQY0Z6VFlHV3RORHljd3JMd1BRX1d1U1NxNWVrdExVcm9SRlViaEM2enpqWTJsMnpRV3VGSEJOamd4cFBrXzNCdEl5UUZnSU9qYklqUzk3UVI2Qk5NclJFYmNqQWRHREVNV2hGYVctU1p4Y0ZKWTM1S3BCM3hZeVFVODFob3p3aVhvOF9vNm9MUlJnc2NhcU9lYUx6YW5SMUtxZElHYzJOQnA1bmZDaGgxdXpPczd0dkxoZUJKVkIwRUZva1pqNVdFWUFWWDhaamdwbGhnSGRYaVNCTWRSLTFLdDlESThYWEFIckww?oc=5,Google News - Results,RSS,0.7,"Thu, 05 Feb 2026 08:00:00 GMT",2026-09-01T22:46:05.711484+00:00,0.0,NEUTRAL,1,1.0,0.0
fccced04b1c3bbef76542a4e4223707c59bf6dc6361452fffa79fcb548fe478a,"Reliance Power, Reliance Infra shares hit lower circuit limits - Press Trust of India","<a href=""https://news.google.com/rss/articles/CBMirgFBVV95cUxPMXVGREtwYzlodXlWQTAtTy1tNTdsOEJicnJRRGNWbUpNbE1EdjlBajJVdEdVZ0dlVy1adU85V2JhZWNyakNoSXotVjNUSHRIRjRLSFZTamxzd29fbXNnTlRUbEtWVFhnSUV3STd1SHFDR2p5dktRX04wRVJ6eFBibFdHQmlaWnIzeU1oYzV5MmhtWDQ1TlZteGpfV1lFWXZmNWhDczdDSzNhN1N1aGc?oc=5"" target=""_blank"">Reliance Power, Reliance Infra shares hit lower circuit limits</a>&nbsp;&nbsp;<font color=""#6f6f6f"">Press Trust of India</font>",https://news.google.com/rss/articles/CBMirgFBVV95cUxPMXVGREtwYzlodXlWQTAtTy1tNTdsOEJicnJRRGNWbUpNbE1EdjlBajJVdEdVZ0dlVy1adU85V2JhZWNyakNoSXotVjNUSHRIRjRLSFZTamxzd29fbXNnTlRUbEtWVFhnSUV3STd1SHFDR2p5dktRX04wRVJ6eFBibFdHQmlaWnIzeU1oYzV5MmhtWDQ1TlZteGpfV1lFWXZmNWhDczdDSzNhN1N1aGc?oc=5,Google News - Stock,RSS,0.7,"Sat, 01 Aug 2026 07:00:00 GMT",2026-09-01T22:46:05.199179+00:00,0.765,BULLISH,1,1.0,0.5355
ec26d3917bd4f85b6c6f782f381df7448d08005c1bc772c2a2c6557ab9a7151a,"Top Gainers & losers on 1 July: Reliance Power, Delhivery, Eternal, Paytm, MCX, Dabur India among top gainers - Livemint","<a href=""https://news.google.com/rss/articles/CBMigAJBVV95cUxNOFdaUGVlcUhrOEtxbDVHX1V1SGpvbms5Sk1FQlNBYTRtcU1XbHhMZEFoNDBhUlVDenVwRFJJOWg2dnVsaXI0ekkybG9FRlpQc3hwLUxMeVhfelVOMUhaU0RGSUV5X1poZXd2ZmZ1ZVV4eDAxcHBoMFVPSWhyZ3dlSmt0OGwwNF9CcUMyLW1DT3RMSEJHR0FkdGZyQzJrTW1kb093WDJnelY0MUdYbnE0S1FpSUdJWUhya0JETEk1a0tZZVkwSHhqWmh4TmdpdDhpSnlrTS1nekVGOG5ORkpOblc2TmdtSHQxck5FeTFNdVcyNjgxU19hOHNTTzdYTUJp0gGGAkFVX3lxTFBrOTJhLTJIa0l4Y2NSMlhkOGlFMGJuUklxckNoRW1XZm1oUVMtVVF0Yy01ZW1TUm1oN0xSZWc3dVZsZjBXQ0p3NWZqTUNhR2gzNHEzTTkwdWRUNllOMTVuWW1uY2tQVDdDbDNvN2ozb2YxX3VlaHRsQkFma2hkWXVTc1Z4OG1PT1dnOG5aTTQ4RnJMWFJLYkhPX0FlaDRBc1RScENKbmh5NVpGaklmS1BjdFZIVlFMVHZqZzdvako2SlhMaWNQSHBJOFhlNDhDakdncmJHTEI3bnQ3bHBjdElUUFBJWmpLd0VQQ09PMjdFcjBpUmp2VHE3UzVIcVlxaDhRdzR5VXc?oc=5"" target=""_blank"">Top Gainers & losers on 1 July: Reliance Power, Delhivery, Eternal, Paytm, MCX, Dabur India among top gainers</a>&nbsp;&nbsp;<font color=""#6f6f6f"">Livemint</font>",https://news.google.com/rss/articles/CBMigAJBVV95cUxNOFdaUGVlcUhrOEtxbDVHX1V1SGpvbms5Sk1FQlNBYTRtcU1XbHhMZEFoNDBhUlVDenVwRFJJOWg2dnVsaXI0ekkybG9FRlpQc3hwLUxMeVhfelVOMUhaU0RGSUV5X1poZXd2ZmZ1ZVV4eDAxcHBoMFVPSWhyZ3dlSmt0OGwwNF9CcUMyLW1DT3RMSEJHR0FkdGZyQzJrTW1kb093WDJnelY0MUdYbnE0S1FpSUdJWUhya0JETEk1a0tZZVkwSHhqWmh4TmdpdDhpSnlrTS1nekVGOG5ORkpOblc2TmdtSHQxck5FeTFNdVcyNjgxU19hOHNTTzdYTUJp0gGGAkFVX3lxTFBrOTJhLTJIa0l4Y2NSMlhkOGlFMGJuUklxckNoRW1XZm1oUVMtVVF0Yy01ZW1TUm1oN0xSZWc3dVZsZjBXQ0p3NWZqTUNhR2gzNHEzTTkwdWRUNllOMTVuWW1uY2tQVDdDbDNvN2ozb2YxX3VlaHRsQkFma2hkWXVTc1Z4OG1PT1dnOG5aTTQ4RnJMWFJLYkhPX0FlaDRBc1RScENKbmh5NVpGaklmS1BjdFZIVlFMVHZqZzdvako2SlhMaWNQSHBJOFhlNDhDakdncmJHTEI3bnQ3bHBjdElUUFBJWmpLd0VQQ09PMjdFcjBpUmp2VHE3UzVIcVlxaDhRdzR5VXc?oc=5,Google News - Stock,RSS,0.7,"Wed, 01 Jul 2026 07:00:00 GMT",2026-09-01T22:46:05.199172+00:00,-0.5267,BEARISH,1,1.0,-0.36868999999999996
63f9a418abf98fdd067d7f0599ae576d2bb7d69f40b9f7cb69e89e5fae5e6eb0,"ED conduct searches against Reliance Power Ltd in Mumbai, Hyderabad - Business Standard","<a href=""https://news.google.com/rss/articles/CBMi0AFBVV95cUxPOFFRbTdHYWxodEF6R2xrek1EdTJFTmVCUExMTUloLW9hTHZITGpYSHFnV1FLaHRkSk82Y00xQXo4ZF9GWl9yaFJfYzI2TnJBaThmX3FlMlBXYTV1MU9RUnlQTkdHTnpqaVFvUVpKSHpfbXdOOFdadXM0U1FWeFEtWDBzR0NzZk1aRU9KOUdCT1ZEQUpmREtFNlVhaTQ4b0hURUpSSWJOUVdYcXRoV1hFR25QWHFhZXpzeG1zRjEwSnJSV0dXS0Nub1VjM09ia2pZ0gHWAUFVX3lxTFBTMGoyREZtSl9tZUFvUldIN0l4TzlJNTV1STRSeHpiZVdQc2pfZkNyQkhQOENPNjNhTWk0a0ZmOUNYVEdiLVlNWkZNMzA1elVHSEExd3ZweE11Y0pSMU8zQkVBTG5qWURxV3lrTWxMMXFCMnpsOVkxRmFSbEh3a090N2VqM3NiaXl4T2dQRTVGbi0zck8wX2gxQXZfUnBfR0NxWF9CSHExZ1ZfQlIyLUEwQS01MnRNWjA2RkV6SG9hQks5NEdZVmdtUjRTLVFrR291RGUxYUE?oc=5"" target=""_blank"">ED conduct searches against Reliance Power Ltd in Mumbai, Hyderabad</a>&nbsp;&nbsp;<font color=""#6f6f6f"">Business Standard</font>",https://news.google.com/rss/articles/CBMi0AFBVV95cUxPOFFRbTdHYWxodEF6R2xrek1EdTJFTmVCUExMTUloLW9hTHZITGpYSHFnV1FLaHRkSk82Y00xQXo4ZF9GWl9yaFJfYzI2TnJBaThmX3FlMlBXYTV1MU9RUnlQTkdHTnpqaVFvUVpKSHpfbXdOOFdadXM0U1FWeFEtWDBzR0NzZk1aRU9KOUdCT1ZEQUpmREtFNlVhaTQ4b0hURUpSSWJOUVdYcXRoV1hFR25QWHFhZXpzeG1zRjEwSnJSV0dXS0Nub1VjM09ia2pZ0gHWAUFVX3lxTFBTMGoyREZtSl9tZUFvUldIN0l4TzlJNTV1STRSeHpiZVdQc2pfZkNyQkhQOENPNjNhTWk0a0ZmOUNYVEdiLVlNWkZNMzA1elVHSEExd3ZweE11Y0pSMU8zQkVBTG5qWURxV3lrTWxMMXFCMnpsOVkxRmFSbEh3a090N2VqM3NiaXl4T2dQRTVGbi0zck8wX2gxQXZfUnBfR0NxWF9CSHExZ1ZfQlIyLUEwQS01MnRNWjA2RkV6SG9hQks5NEdZVmdtUjRTLVFrR291RGUxYUE?oc=5,Google News - Results,RSS,0.7,"Fri, 06 Mar 2026 08:00:00 GMT",2026-09-01T22:46:05.711477+00:00,0.0,NEUTRAL,1,1.0,0.0
9e96ad187cbd93531a3b67eb581a6adb6deb57b570210aaeca704f8454a06c73,"ED files chargesheet against Reliance Power, subsidiaries in 'bogus' bank guarantee case - The Hindu","<a href=""https://news.google.com/rss/articles/CBMi3AFBVV95cUxQWURWVXBPbzBOd2VPZGZDSloyUU02cFd3QzdDX1dmazNKU3dmRXNzVEl1U3lhRVIwb1lLZ3lHZmxkdFZVb0tLNEdKTXRMV1lrSVZVVTFQX3QxUGZaTnBSR3ZtUlhwQ0MteFpDN2J4V2JPZVF0aE1VbzR6YlF3SHhuNmQzNjBkb0NFeWp6RENQbVd4TjB2WGp5dWVNbWx0Rm4yQ0NfX1NYX1JnTmd4V3BhckF1ZFNoUXlRNlFCU3dhYW5yeU1nU205d3JoVnluR3hwdWYzUEZja0pOQXZ60gHjAUFVX3lxTFBCY1FBNGJ0bk03UW5rR0poWDhyb0xUbDhqcFl5dFpvRnRkV1Q5bkJiX1hSZlI1N0FSazJ5MWpJajBONzczdFNLc1RuTzJ2OXVOdC13RFFmTE5kbkQtT0J3YzB6dnluUE1tQ1E1bVhEQ2M5WURtNWthd3lCcUhhT2hQdFpka1FIWlpyZGtWT1FwVzJoQkxZd2pjbnlPSVlsLS04LW51ZE44cVM1b1Q4Y1VPRmhEcWJMcVZDSmRjWXhxbzQ1TndsSWdXVDZfUWVTMXltLS14SUNkbHZoUmpuZHpJYmEw?oc=5"" target=""_blank"">ED files chargesheet against Reliance Power, subsidiaries in 'bogus' bank guarantee case</a>&nbsp;&nbsp;<font color=""#6f6f6f"">The Hindu</font>",https://news.google.com/rss/articles/CBMi3AFBVV95cUxQWURWVXBPbzBOd2VPZGZDSloyUU02cFd3QzdDX1dmazNKU3dmRXNzVEl1U3lhRVIwb1lLZ3lHZmxkdFZVb0tLNEdKTXRMV1lrSVZVVTFQX3QxUGZaTnBSR3ZtUlhwQ0MteFpDN2J4V2JPZVF0aE1VbzR6YlF3SHhuNmQzNjBkb0NFeWp6RENQbVd4TjB2WGp5dWVNbWx0Rm4yQ0NfX1NYX1JnTmd4V3BhckF1ZFNoUXlRNlFCU3dhYW5yeU1nU205d3JoVnluR3hwdWYzUEZja0pOQXZ60gHjAUFVX3lxTFBCY1FBNGJ0bk03UW5rR0poWDhyb0xUbDhqcFl5dFpvRnRkV1Q5bkJiX1hSZlI1N0FSazJ5MWpJajBONzczdFNLc1RuTzJ2OXVOdC13RFFmTE5kbkQtT0J3YzB6dnluUE1tQ1E1bVhEQ2M5WURtNWthd3lCcUhhT2hQdFpka1FIWlpyZGtWT1FwVzJoQkxZd2pjbnlPSVlsLS04LW51ZE44cVM1b1Q4Y1VPRmhEcWJMcVZDSmRjWXhxbzQ1TndsSWdXVDZfUWVTMXltLS14SUNkbHZoUmpuZHpJYmEw?oc=5,Google News - Deals,RSS,0.7,"Sat, 06 Dec 2025 08:00:00 GMT",2026-09-01T22:46:06.163529+00:00,0.4588,BULLISH,1,1.0,0.32115999999999995
f8fd9615eb1262eb5f32fcdeb43c283d12a8404d71b12f7cc840bfffac90957e,Reliance Power Distances Itself from Former Executive Arrested in Money Laundering Probe - Rediff,"<a href=""https://news.google.com/rss/articles/CBMinAFBVV95cUxPc1VHUTJlVlkwZ3lJOHlaSXlkZWJJTnlNNnV1WTZyZ3NpMkUwbWVnalF0WU82UE9JckZ1TFpuOXVMLXpRZ0ZEU1dSdE1xRmdJX0tORzFiM1VyYUJEV3ViczdpbUdKVXNSTWtHRkp2eTM5S25UbmNNQzJtcFoxUzdUdVh6ekRVcjlpSWowR3dSUzFaeEM1aTE0T0JtYnPSAZ8BQVVfeXFMTVhVcTM2TDlwU3p4bGJXbEVYMVIyMlpfbzlzY2N6MWJvZWZ4UU5kYjZKOG10V1JuYVFGTXpGTi05V0dXMzBGSUFPUDVUTFQzRFpXZXdqQW9kUFB5bk5uanpUcldxOTdzTnJnZnl3bXNrR1FXS0xJVFl2LTNRVWQtQW53Y3J6UWF5bUQ2aENfTmVMVkJCMlJOeldWX1R2bEVn?oc=5"" target=""_blank"">Reliance Power Distances Itself from Former Executive Arrested in Money Laundering Probe</a>&nbsp;&nbsp;<font color=""#6f6f6f"">Rediff</font>",https://news.google.com/rss/articles/CBMinAFBVV95cUxPc1VHUTJlVlkwZ3lJOHlaSXlkZWJJTnlNNnV1WTZyZ3NpMkUwbWVnalF0WU82UE9JckZ1TFpuOXVMLXpRZ0ZEU1dSdE1xRmdJX0tORzFiM1VyYUJEV3ViczdpbUdKVXNSTWtHRkp2eTM5S25UbmNNQzJtcFoxUzdUdVh6ekRVcjlpSWowR3dSUzFaeEM1aTE0T0JtYnPSAZ8BQVVfeXFMTVhVcTM2TDlwU3p4bGJXbEVYMVIyMlpfbzlzY2N6MWJvZWZ4UU5kYjZKOG10V1JuYVFGTXpGTi05V0dXMzBGSUFPUDVUTFQzRFpXZXdqQW9kUFB5bk5uanpUcldxOTdzTnJnZnl3bXNrR1FXS0xJVFl2LTNRVWQtQW53Y3J6UWF5bUQ2aENfTmVMVkJCMlJOeldWX1R2bEVn?oc=5,Google News - Deals,RSS,0.7,"Thu, 16 Apr 2026 07:00:00 GMT",2026-09-01T22:46:06.163414+00:00,-0.7351,BEARISH,1,1.0,-0.51457
33600832e9b92e7fdc6e3027f04c701bd2da4cc20986fc61b58ad507a4f0e755,India's Reliance Power to Shift Uttar Pradesh Gas-Fired Power Pro... - Industrial Info Resources,"<a href=""https://news.google.com/rss/articles/CBMi1AFBVV95cUxQelcxUExDMWpBVXNwbjdWSnJsQktXT2xBOE9YOW1lanR5NG5sM0RpVkNQb3JTNGNQeFNicHdzT0tDR2VMSE8zUzhkMGlUdjY3RmNIdE1ub29scV9jaFAwXzJJSlVPRE9BeHE0T3dBNWw0eGNSdDZwUmRaSDJXRmNmYXFWakZrY0hUd1FkMEhKQ3d3bEstSDhBcDBUS2cxMmtoQndudzBiQjgzZENKTzl5SlZ2ai1TT2JiakNSX25UZmo4bXBTTXdRcTZjOEpScnNTZV9IMw?oc=5"" target=""_blank"">India's Reliance Power to Shift Uttar Pradesh Gas-Fired Power Pro...</a>&nbsp;&nbsp;<font color=""#6f6f6f"">Industrial Info Resources</font>",https://news.google.com/rss/articles/CBMi1AFBVV95cUxQelcxUExDMWpBVXNwbjdWSnJsQktXT2xBOE9YOW1lanR5NG5sM0RpVkNQb3JTNGNQeFNicHdzT0tDR2VMSE8zUzhkMGlUdjY3RmNIdE1ub29scV9jaFAwXzJJSlVPRE9BeHE0T3dBNWw0eGNSdDZwUmRaSDJXRmNmYXFWakZrY0hUd1FkMEhKQ3d3bEstSDhBcDBUS2cxMmtoQndudzBiQjgzZENKTzl5SlZ2ai1TT2JiakNSX25UZmo4bXBTTXdRcTZjOEpScnNTZV9IMw?oc=5,Google News - Deals,RSS,0.7,"Wed, 26 Nov 2025 03:36:18 GMT",2026-09-01T22:46:06.163405+00:00,0.0,NEUTRAL,1,1.0,0.0
a5980b38e35f70ba4ce3e918dc465a3833c08c0c2f8e9e7e66b81b66bc978254,"Stocks to Watch on Friday, July 25: Reliance Power, Reliance Infra, REC, Nestle India, Wipro and more - The Indian Express","<a href=""https://news.google.com/rss/articles/CBMixAFBVV95cUxQalRFbUNPb1RWeUdHU1EzMmpXRElRV2hCaE1qbjBiLTI1RnZNTm5sQldNcHk2dDFMY1VGdy1hbU12dU9zZHVlMU16Nk5nMHFNVllwZnVoN2h5VzdNNFlKQi1ablR5dTdlTV9wRHNCNlpPR0N6Uk1OTUtoNXRBM2FUS3ZfaHVFcVRHNW83bFRpZHdGd0FJa3Mzc29ydzRXWTRxejFCNkxjakRLYkRBaFctZTBReU5PY3dHYTJsaXBsOW9CVTJx0gHLAUFVX3lxTE42VjdBMnl2V2RVOXVIU3MxSzNqd1BuVUpfRnJRNE8zVDAwZnFNdU9DQURkOWpNTmRUNnVybmZGbnZuYlZGU3g0NXNNY2ljYnRXUlZFU2lxLXhxZFJGX19qSm9YaGVYZHh0dTg3ZUFya1lmbjRCU0ViU3BINWw3UC1UQkZwYTNvSW50X250b1I3TDB5UUpMc2Fac09WU2ZORVUxWlpydy10ZkdWWUJKMDRXZG03YzJyT2twMTdtOG9VaXBDQW1lTGFUR2JZ?oc=5"" target=""_blank"">Stocks to Watch on Friday, July 25: Reliance Power, Reliance Infra, REC, Nestle India, Wipro and more</a>&nbsp;&nbsp;<font color=""#6f6f6f"">The Indian Express</font>",https://news.google.com/rss/articles/CBMixAFBVV95cUxQalRFbUNPb1RWeUdHU1EzMmpXRElRV2hCaE1qbjBiLTI1RnZNTm5sQldNcHk2dDFMY1VGdy1hbU12dU9zZHVlMU16Nk5nMHFNVllwZnVoN2h5VzdNNFlKQi1ablR5dTdlTV9wRHNCNlpPR0N6Uk1OTUtoNXRBM2FUS3ZfaHVFcVRHNW83bFRpZHdGd0FJa3Mzc29ydzRXWTRxejFCNkxjakRLYkRBaFctZTBReU5PY3dHYTJsaXBsOW9CVTJx0gHLAUFVX3lxTE42VjdBMnl2V2RVOXVIU3MxSzNqd1BuVUpfRnJRNE8zVDAwZnFNdU9DQURkOWpNTmRUNnVybmZGbnZuYlZGU3g0NXNNY2ljYnRXUlZFU2lxLXhxZFJGX19qSm9YaGVYZHh0dTg3ZUFya1lmbjRCU0ViU3BINWw3UC1UQkZwYTNvSW50X250b1I3TDB5UUpMc2Fac09WU2ZORVUxWlpydy10ZkdWWUJKMDRXZG03YzJyT2twMTdtOG9VaXBDQW1lTGFUR2JZ?oc=5,Google News - Results,RSS,0.7,"Thu, 24 Jul 2025 07:00:00 GMT",2026-09-01T22:46:05.711754+00:00,0.0,NEUTRAL,1,1.0,0.0
bc301adf8755b7508428e4b9b6f73a9f20fb4b3a827dac9e9c16cf81bc10ca7d,"Reliance Power share price soars 6%, hits 52-week high - Value Research","<a href=""https://news.google.com/rss/articles/CBMiswFBVV95cUxNUEhYZzAzbVB3ZVNJN2hpOUJtanBOSktLMmZHTjZhN29LdHhjeG9md0RPcUNIWjFId3NwODBfSnRKcERfRzJzaDFqSW96ZHV2SXdXdWdLaVB2TzQ1SFc4NXVEXzlUeUJpc2dRTGV5bW0wN296VVlUY2JnV3FiZUQ0aUFzaVJiWlJKRFZONW90NmJLRnFqaW50aVJoVnExcHJlYVMyMmZrTjQ2QVNHUC1hanhmWQ?oc=5"" target=""_blank"">Reliance Power share price soars 6%, hits 52-week high</a>&nbsp;&nbsp;<font color=""#6f6f6f"">Value Research</font>",https://news.google.com/rss/articles/CBMiswFBVV95cUxNUEhYZzAzbVB3ZVNJN2hpOUJtanBOSktLMmZHTjZhN29LdHhjeG9md0RPcUNIWjFId3NwODBfSnRKcERfRzJzaDFqSW96ZHV2SXdXdWdLaVB2TzQ1SFc4NXVEXzlUeUJpc2dRTGV5bW0wN296VVlUY2JnV3FiZUQ0aUFzaVJiWlJKRFZONW90NmJLRnFqaW50aVJoVnExcHJlYVMyMmZrTjQ2QVNHUC1hanhmWQ?oc=5,Google News - Results,RSS,0.7,"Mon, 02 Jun 2025 07:00:00 GMT",2026-09-01T22:46:05.711739+00:00,0.7003,BULLISH,1,1.0,0.49021
95dc18b9d1369b157a937f98ba33ab5c2cc842e8241d8921e56b777eae93a281,Reliance Power share skyrockets 19% amid heavy volumes; more details here - Business Standard,"<a href=""https://news.google.com/rss/articles/CBMi1AFBVV95cUxPQWI2R0xXRldnUV9ZN2VEUzhFLU9EZ0hYUnJ6TEtGcGk2ZEtvT3kzem9CaWphSmtaZjI3dGJpbHJ1b0JnNmVnZVdxSFlDb3MyZDZ2MEIyNEtUdnZCdmRKWE15M3k0VEZSZkdEZjdzMl9vUjYxUGpFc195Sjh1WGpJblFPajBhdlpPV3hoNVBBVWV2UzlCTUJxZkc1elJCb1o2SF9QQ1pYRHRpa3JUOUo1S3lvbHZZcGxFbjNYS09NQVdjRWF3eXVRejMtR3NGXzBTVXgwaNIB2gFBVV95cUxPMEhDd2FWMVVwS3dzWU5OUXhtSkt0dTJKVEN0X191a05FcXNTd0ZGVlN5c0otS28xRHVienZCUWswUG1JaWNycmZHOFd4VGhlQllnZGNFaFpSbElUX1pwejFiNUVKeGYzRzZqQXNieHR0RTVWVHctR2tubnhvajcwT0pMRkRzY2o1TkZDWnQ3UExCLUU3UWtfQ0d3cUFKamFLM2lkSTVDQ3RyY3dwTWl4T3dDTUx5Q2lMX2VHY1lsZFdlWVNIYVhwbE52dEhZTFV3aWlJZGVmRHc2Zw?oc=5"" target=""_blank"">Reliance Power share skyrockets 19% amid heavy volumes; more details here</a>&nbsp;&nbsp;<font color=""#6f6f6f"">Business Standard</font>",https://news.google.com/rss/articles/CBMi1AFBVV95cUxPQWI2R0xXRldnUV9ZN2VEUzhFLU9EZ0hYUnJ6TEtGcGk2ZEtvT3kzem9CaWphSmtaZjI3dGJpbHJ1b0JnNmVnZVdxSFlDb3MyZDZ2MEIyNEtUdnZCdmRKWE15M3k0VEZSZkdEZjdzMl9vUjYxUGpFc195Sjh1WGpJblFPajBhdlpPV3hoNVBBVWV2UzlCTUJxZkc1elJCb1o2SF9QQ1pYRHRpa3JUOUo1S3lvbHZZcGxFbjNYS09NQVdjRWF3eXVRejMtR3NGXzBTVXgwaNIB2gFBVV95cUxPMEhDd2FWMVVwS3dzWU5OUXhtSkt0dTJKVEN0X191a05FcXNTd0ZGVlN5c0otS28xRHVienZCUWswUG1JaWNycmZHOFd4VGhlQllnZGNFaFpSbElUX1pwejFiNUVKeGYzRzZqQXNieHR0RTVWVHctR2tubnhvajcwT0pMRkRzY2o1TkZDWnQ3UExCLUU3UWtfQ0d3cUFKamFLM2lkSTVDQ3RyY3dwTWl4T3dDTUx5Q2lMX2VHY1lsZFdlWVNIYVhwbE52dEhZTFV3aWlJZGVmRHc2Zw?oc=5,Google News - Results,RSS,0.7,"Fri, 23 May 2025 07:00:00 GMT",2026-09-01T22:46:05.711725+00:00,0.5267,BULLISH,1,1.0,0.36868999999999996
9cfe34a6fd08d22812968fe5063862df783f645415bd984da3a0c8a606460b37,Reliance Power's Independent Director Dr. Vijayalakshmy Gupta Steps Down Citing Health Concerns - scanx.trade,"<a href=""https://news.google.com/rss/articles/CBMi4gFBVV95cUxNYmhHVUFZTEtmN2taekZzblVHcUp3dXlyQjJNZ21MME5DRWQ3ckVYOFVqcHdfODVBY0F5S1Z6WmtEOFpQN3pUX0t6Zk5GNWhfZWNHRzlJSlh0eGU4ZGRPYUk2aXUwZWpMbHhmZVVXY3NBc1RuV05DLWxEQkxtVUJoTzRJRDMtdnNsYnpUR1VvU3QxejJOMzdIUWJyYkttaTNlVnVaMkZ5dV9XRk92LW5OcktnVUUxeElfdWkxUUt6aU5LbmZJVVUzbXFyQjVpSkl5SFN3ZXh5eEE2WWRTWUdHY0FB?oc=5"" target=""_blank"">Reliance Power's Independent Director Dr. Vijayalakshmy Gupta Steps Down Citing Health Concerns</a>&nbsp;&nbsp;<font color=""#6f6f6f"">scanx.trade</font>",https://news.google.com/rss/articles/CBMi4gFBVV95cUxNYmhHVUFZTEtmN2taekZzblVHcUp3dXlyQjJNZ21MME5DRWQ3ckVYOFVqcHdfODVBY0F5S1Z6WmtEOFpQN3pUX0t6Zk5GNWhfZWNHRzlJSlh0eGU4ZGRPYUk2aXUwZWpMbHhmZVVXY3NBc1RuV05DLWxEQkxtVUJoTzRJRDMtdnNsYnpUR1VvU3QxejJOMzdIUWJyYkttaTNlVnVaMkZ5dV9XRk92LW5OcktnVUUxeElfdWkxUUt6aU5LbmZJVVUzbXFyQjVpSkl5SFN3ZXh5eEE2WWRTWUdHY0FB?oc=5,Google News - Results,RSS,0.7,"Tue, 04 Nov 2025 08:00:00 GMT",2026-09-01T22:46:05.711695+00:00,-0.05,NEUTRAL,1,1.0,-0.034999999999999996
caa9bb9167a5f1b98ff87c9960ffde7225f00a85b37c31de794a86484c53a989,Reliance Power shares rise 3% in trade; what's driving investors' interest? - Business Standard,"<a href=""https://news.google.com/rss/articles/CBMi3gFBVV95cUxOZkdfdGtPWDR3TloxSVBiU09KVFIxelhTaDdVMDJXa2hCcE11ZTRWbVZiQ2pBSTVhOVlQLTR4VDNWbVUxU1NhQngydEF3Nzh5LURvS0tOdnFuS2JOZ0djYlpsOEVYVVItMXBhM2ptajlkWUtWdTlCZHlXQ0h6czcwdzdDS05LdlQzRHYtalNNSVQzUkRuVDM1ckQxUTZxUGQzblRzZXdjOVpjWUlwamtQcEN4SzBWN3YzRTZvMkxPTzRqOE15MVBMS3c5c3p5SC04VmNvdl9UdTYtQVZhbVHSAeMBQVVfeXFMTWd6akhhVld5bTR6cjQ4RGRSZ1pBdVp2RW5Bajh4bHFpaEUtYjhRSkpQa2psMkNPVkxITEswNHlzTWJfZUtmcVd3UG91QlNhaENUblhtYzYxTUNXTWlLRXRrdFRzME5PWTFTTWFxd0dFTlpybHRxVUVSWk1LaTB3YWpUY0ZmbWpLMFVEb1VNV1JtY2FBcl81aTlGWUlyZmhUWE9sNXJHM2ZrdVJ4aW5QemZKdGZvdE9JYmJrd09rMDNoUmxOUDREMTNvbDJYTGZqZHBtU1l6TWxycmlNS0pwMVJpLXc?oc=5"" target=""_blank"">Reliance Power shares rise 3% in trade; what's driving investors' interest?</a>&nbsp;&nbsp;<font color=""#6f6f6f"">Business Standard</font>",https://news.google.com/rss/articles/CBMi3gFBVV95cUxOZkdfdGtPWDR3TloxSVBiU09KVFIxelhTaDdVMDJXa2hCcE11ZTRWbVZiQ2pBSTVhOVlQLTR4VDNWbVUxU1NhQngydEF3Nzh5LURvS0tOdnFuS2JOZ0djYlpsOEVYVVItMXBhM2ptajlkWUtWdTlCZHlXQ0h6czcwdzdDS05LdlQzRHYtalNNSVQzUkRuVDM1ckQxUTZxUGQzblRzZXdjOVpjWUlwamtQcEN4SzBWN3YzRTZvMkxPTzRqOE15MVBMS3c5c3p5SC04VmNvdl9UdTYtQVZhbVHSAeMBQVVfeXFMTWd6akhhVld5bTR6cjQ4RGRSZ1pBdVp2RW5Bajh4bHFpaEUtYjhRSkpQa2psMkNPVkxITEswNHlzTWJfZUtmcVd3UG91QlNhaENUblhtYzYxTUNXTWlLRXRrdFRzME5PWTFTTWFxd0dFTlpybHRxVUVSWk1LaTB3YWpUY0ZmbWpLMFVEb1VNV1JtY2FBcl81aTlGWUlyZmhUWE9sNXJHM2ZrdVJ4aW5QemZKdGZvdE9JYmJrd09rMDNoUmxOUDREMTNvbDJYTGZqZHBtU1l6TWxycmlNS0pwMVJpLXc?oc=5,Google News - Results,RSS,0.7,"Mon, 29 Sep 2025 07:00:00 GMT",2026-09-01T22:46:05.711643+00:00,0.787,BULLISH,1,1.0,0.5509
4a6950c28a02ae523d6ee34eecdc739f51e4ac273257ce2330724c5168426a97,"India’s draft power data framework aims to make electricity sector data public, but remains voluntary - Down To Earth","<a href=""https://news.google.com/rss/articles/CBMi0wFBVV95cUxObU1mTFZZbE45T0p2NHN4OEpva0JVcGdjamt2dnl4VV8yakFRNm84XzBEVUEzcEhWM3NFektSN1Q1cjVwREhCVDVra0lIVjJUTUw1UThEME05alZYOVEyT3BNTHllLW0xd2lfQm85MjA4aXRVTHY5RHdVN0R1cld4X19LUFdfR0pKRHVva1Q3X1l6ZUt5bHNFQTYteG9KYWpGR3dLeGFlU0NsSG55Mk1BT0pQVXpQak9SVkRITExKWV9lbzZzMEhPTlIta2R3amNvWk5z0gHgAUFVX3lxTE56Ums1Rmd1NzVheDQ1TDFzZnJwNmlzX1cyMldodFhjX0NmdkdpQ0tMbGd3b0gtTUs2cmtmdjRteWZwXzZmbkpXU0hoZ3hMR2g3bXpyLTNNNGhOWHdIUEhuM0xUdkRycXZ4Wk14VzkyWXc2X0lOR3RGdzZZYTVIeU56Tm92WFZHSXFyTDhMQXh6cDVrS0wydkN5MEQ2YmdYUTdQckRrUkFPMFFnNGw3ZkkwMXpOcWVQN0dIOUNOR2xaOXFnYTlhcnFkSDVGMEJLMC0wY2MxeU9ubFpNUXJmMGtP?oc=5"" target=""_blank"">India’s draft power data framework aims to make electricity sector data public, but remains voluntary</a>&nbsp;&nbsp;<font color=""#6f6f6f"">Down To Earth</font>",https://news.google.com/rss/articles/CBMi0wFBVV95cUxObU1mTFZZbE45T0p2NHN4OEpva0JVcGdjamt2dnl4VV8yakFRNm84XzBEVUEzcEhWM3NFektSN1Q1cjVwREhCVDVra0lIVjJUTUw1UThEME05alZYOVEyT3BNTHllLW0xd2lfQm85MjA4aXRVTHY5RHdVN0R1cld4X19LUFdfR0pKRHVva1Q3X1l6ZUt5bHNFQTYteG9KYWpGR3dLeGFlU0NsSG55Mk1BT0pQVXpQak9SVkRITExKWV9lbzZzMEhPTlIta2R3amNvWk5z0gHgAUFVX3lxTE56Ums1Rmd1NzVheDQ1TDFzZnJwNmlzX1cyMldodFhjX0NmdkdpQ0tMbGd3b0gtTUs2cmtmdjRteWZwXzZmbkpXU0hoZ3hMR2g3bXpyLTNNNGhOWHdIUEhuM0xUdkRycXZ4Wk14VzkyWXc2X0lOR3RGdzZZYTVIeU56Tm92WFZHSXFyTDhMQXh6cDVrS0wydkN5MEQ2YmdYUTdQckRrUkFPMFFnNGw3ZkkwMXpOcWVQN0dIOUNOR2xaOXFnYTlhcnFkSDVGMEJLMC0wY2MxeU9ubFpNUXJmMGtP?oc=5,Google News - Sector,RSS,0.7,"Thu, 02 Jul 2026 07:00:00 GMT",2026-09-01T22:46:07.222319+00:00,0.0,NEUTRAL,1,0.35,0.0
c83a4b1964f9d5656a00abe17ebc0fb9d04be1e3a1ee512e323d58c0cd4494e5,India power sector revival: What ended the 14-year freeze - Value Research,"<a href=""https://news.google.com/rss/articles/CBMiqwFBVV95cUxPT09hUHhDUGNfbFVXRDdhcUkwOFZwS1FPM19ZVVpMS2JEN2thdlRjX1NtaXVxX3p2aTNhcnBkODFTSnA0RFRwSGk0N19Ga0ZMbDlKQ011VHNyUklyMU55LXJrWm5mSUlnbE4tNHA1TE40Zi1YQkprVFhaejg0anNNclVLNlJ0TTN5ZGFsa19VeVR0ckItd2NZU1QwNUc3SHdRWjZuU3h3ODBFRnc?oc=5"" target=""_blank"">India power sector revival: What ended the 14-year freeze</a>&nbsp;&nbsp;<font color=""#6f6f6f"">Value Research</font>",https://news.google.com/rss/articles/CBMiqwFBVV95cUxPT09hUHhDUGNfbFVXRDdhcUkwOFZwS1FPM19ZVVpMS2JEN2thdlRjX1NtaXVxX3p2aTNhcnBkODFTSnA0RFRwSGk0N19Ga0ZMbDlKQ011VHNyUklyMU55LXJrWm5mSUlnbE4tNHA1TE40Zi1YQkprVFhaejg0anNNclVLNlJ0TTN5ZGFsa19VeVR0ckItd2NZU1QwNUc3SHdRWjZuU3h3ODBFRnc?oc=5,Google News - Sector,RSS,0.7,"Mon, 01 Jun 2026 07:00:00 GMT",2026-09-01T22:46:07.222310+00:00,0.3818,BULLISH,1,0.35,0.09354099999999997
7a4093afb1e84d309e0f1c82e18447abd4d861729a44ca88571dcef529906f7e,"Renewable Energy in India: Growth Story, Policy Push & What's Next - NewsGram","<a href=""https://news.google.com/rss/articles/CBMilwFBVV95cUxPLS1RVXdTM0YycmlrTkY2NXBOOE1kajNsR0F4aHdDdGhMVE5HdG5xa2d2TTJtOVZmS2Z2cHpOU1Nzc1BsbzBVajBOcUFDNkdjV3BSLWJQV2NnQVlCMWV1U25MdHNRa0VCcG92VktXanlZOXN0cjVWdzNzeFFVbEc2RmRObzNraFBzVGZjYlExUmtvdUdhb0hJ0gGkAUFVX3lxTFA2WS1nWTlDd0w2djBvLVR4LUZFREZyQXB6SzJ3STBDcXVqRkR3d0pnZE1nSnhMWU5sN1I0MVhiQ204Rk1zUzVDVXhFdF9LYWhBVGNCN2t5d0t2M2RHTWNTTUhYNUgtbUVpVFlOYVg1N1pJeENBZ1NyVlI3bEhDTEVmclFpYmRaTm00VFBrRVVjQTM0Q3RFUHZYTU1lX0R1Q3B2ZzZu?oc=5"" target=""_blank"">Renewable Energy in India: Growth Story, Policy Push & What's Next</a>&nbsp;&nbsp;<font color=""#6f6f6f"">NewsGram</font>",https://news.google.com/rss/articles/CBMilwFBVV95cUxPLS1RVXdTM0YycmlrTkY2NXBOOE1kajNsR0F4aHdDdGhMVE5HdG5xa2d2TTJtOVZmS2Z2cHpOU1Nzc1BsbzBVajBOcUFDNkdjV3BSLWJQV2NnQVlCMWV1U25MdHNRa0VCcG92VktXanlZOXN0cjVWdzNzeFFVbEc2RmRObzNraFBzVGZjYlExUmtvdUdhb0hJ0gGkAUFVX3lxTFA2WS1nWTlDd0w2djBvLVR4LUZFREZyQXB6SzJ3STBDcXVqRkR3d0pnZE1nSnhMWU5sN1I0MVhiQ204Rk1zUzVDVXhFdF9LYWhBVGNCN2t5d0t2M2RHTWNTTUhYNUgtbUVpVFlOYVg1N1pJeENBZ1NyVlI3bEhDTEVmclFpYmRaTm00VFBrRVVjQTM0Q3RFUHZYTU1lX0R1Q3B2ZzZu?oc=5,Google News - Sector,RSS,0.7,"Fri, 21 Aug 2026 07:17:20 GMT",2026-09-01T22:46:07.222303+00:00,0.8626,BULLISH,1,0.35,0.211337
39943e4c534f5ff81df5a12d21633a3424ebe9e86c0d6203b867cbce833eadf4,"India’s Renewable Energy Generation Rises 17.27% In July 2026, Crosses 38,497 MU - SolarQuarter","<a href=""https://news.google.com/rss/articles/CBMiswFBVV95cUxPbEV6c0lBSVB2RndNQW1JVUlSY0trUUZfU2p2QVgyek5MTUtKQ0tDbnN6eUJLVTB6ajBmVHFZV25OY2ZwTjRxMEVwSjMzVHdRcFdSLS00ZVhjVmlPTTVrbTRRM3c2cUdUdkFsemEwVUNIcmw4dVd6V3hlX0ZLMGlqR2VIeFZQbzEteG5nN3FVWkM3WGJKMVZ2ZzVPcV9IUzBKMFNzWFo3Q0YtNEhlNDRjYV8yVQ?oc=5"" target=""_blank"">India’s Renewable Energy Generation Rises 17.27% In July 2026, Crosses 38,497 MU</a>&nbsp;&nbsp;<font color=""#6f6f6f"">SolarQuarter</font>",https://news.google.com/rss/articles/CBMiswFBVV95cUxPbEV6c0lBSVB2RndNQW1JVUlSY0trUUZfU2p2QVgyek5MTUtKQ0tDbnN6eUJLVTB6ajBmVHFZV25OY2ZwTjRxMEVwSjMzVHdRcFdSLS00ZVhjVmlPTTVrbTRRM3c2cUdUdkFsemEwVUNIcmw4dVd6V3hlX0ZLMGlqR2VIeFZQbzEteG5nN3FVWkM3WGJKMVZ2ZzVPcV9IUzBKMFNzWFo3Q0YtNEhlNDRjYV8yVQ?oc=5,Google News - Sector,RSS,0.7,"Tue, 25 Aug 2026 06:00:19 GMT",2026-09-01T22:46:07.222289+00:00,0.4939,BULLISH,1,0.35,0.12100549999999999
c73402a89d4c34cb735c30f3e7800293f56043ea80a1c320e8fb898bb9c0cef2,Coal Plant Inflexibility Poses Challenge to India’s Renewable Energy Integration - Sanskriti IAS,"<a href=""https://news.google.com/rss/articles/CBMiwgFBVV95cUxPY2t3SHNhX2hYWEdGSzJlM3FKLTkyc2g0emJsNlh6emM2MlZhZ0wzUmlLSzYxdXUyejl2aFl2Zy1heHZIMDVLdTF6enBRN1NnV1Qzbmt0RmdGSUh0cVdkTGdFVkhENm5KX29aeFFqTlFZem0wVFJyVnFzU0QtNnRLMzJaOHhJVG4tazR1Q21kTDAySTlMX212cjdXcGdfc1VFSGZMdXJiMUlQZjdoelR0M3lvQWdtLU9JTDQ5em9LdjhNZw?oc=5"" target=""_blank"">Coal Plant Inflexibility Poses Challenge to India’s Renewable Energy Integration</a>&nbsp;&nbsp;<font color=""#6f6f6f"">Sanskriti IAS</font>",https://news.google.com/rss/articles/CBMiwgFBVV95cUxPY2t3SHNhX2hYWEdGSzJlM3FKLTkyc2g0emJsNlh6emM2MlZhZ0wzUmlLSzYxdXUyejl2aFl2Zy1heHZIMDVLdTF6enBRN1NnV1Qzbmt0RmdGSUh0cVdkTGdFVkhENm5KX29aeFFqTlFZem0wVFJyVnFzU0QtNnRLMzJaOHhJVG4tazR1Q21kTDAySTlMX212cjdXcGdfc1VFSGZMdXJiMUlQZjdoelR0M3lvQWdtLU9JTDQ5em9LdjhNZw?oc=5,Google News - Sector,RSS,0.7,"Wed, 19 Aug 2026 07:00:00 GMT",2026-09-01T22:46:07.222280+00:00,0.5859,BULLISH,1,0.35,0.14354549999999996
27a39793b940ea27ce5751193ebd1bdcc697daf3ec9af65faad772b5d6bba421,The Delivery Gap: What India's Electricity Amendment Bill Must Address - orfonline.org,"<a href=""https://news.google.com/rss/articles/CBMirAFBVV95cUxPSEZkUDNmUGtlOGlBaVluNXJFc2hzOHgyZVNvNkV3VHBtbjlnbGFwSEhudWF2Uk0zMlNvYWlwcjd2QkttdWMzZzZUR1htTVZNZTZTV25ObW00N0R1MmY4Z3RJejNlS054QnZvYjdpdUd4cjhrS2szQXpxY0hVSGNJNENkcWFHcVBRZGVFRVh6MGhFLWItc1ZMcFdXa2FQYzNtTVA3V2tfMkt1UFI0?oc=5"" target=""_blank"">The Delivery Gap: What India's Electricity Amendment Bill Must Address</a>&nbsp;&nbsp;<font color=""#6f6f6f"">orfonline.org</font>",https://news.google.com/rss/articles/CBMirAFBVV95cUxPSEZkUDNmUGtlOGlBaVluNXJFc2hzOHgyZVNvNkV3VHBtbjlnbGFwSEhudWF2Uk0zMlNvYWlwcjd2QkttdWMzZzZUR1htTVZNZTZTV25ObW00N0R1MmY4Z3RJejNlS054QnZvYjdpdUd4cjhrS2szQXpxY0hVSGNJNENkcWFHcVBRZGVFRVh6MGhFLWItc1ZMcFdXa2FQYzNtTVA3V2tfMkt1UFI0?oc=5,Google News - Sector,RSS,0.7,"Thu, 11 Jun 2026 07:00:00 GMT",2026-09-01T22:46:07.222272+00:00,0.0,NEUTRAL,1,0.35,0.0
5bd46ee2e3f49329cbcba5d03a993bfdbc1da6d2acfdd0829daf858d42fffec0,India's Renewable Energy Surge Moderates Coal Power Growth Amid Record Heatwave Demand - London Daily News,"<a href=""https://news.google.com/rss/articles/CBMitgFBVV95cUxNOFMwY2VDVUtSQ3YxMjQ4cjV1MmdCNnpiX0hzU0Y3b2ZuM1loc0pob1kwZWRZUi1SSW5Xd3JqbHJER3ltcDBYRElpTXBLUlFnU2cwVUxVdGthRWFTZzB0MEZGX3R3eXVxRW1nWUZkeC1hSjFZM2RFd25BeG1DZ2pCZ19jLUJIUTgtMUZwQ2d1ckxmMFR3ZXV4dmNQWktWUnc4Ujg0Um5lc3pyVFZNMTUwS2lxSmJYQQ?oc=5"" target=""_blank"">India's Renewable Energy Surge Moderates Coal Power Growth Amid Record Heatwave Demand</a>&nbsp;&nbsp;<font color=""#6f6f6f"">London Daily News</font>",https://news.google.com/rss/articles/CBMitgFBVV95cUxNOFMwY2VDVUtSQ3YxMjQ4cjV1MmdCNnpiX0hzU0Y3b2ZuM1loc0pob1kwZWRZUi1SSW5Xd3JqbHJER3ltcDBYRElpTXBLUlFnU2cwVUxVdGthRWFTZzB0MEZGX3R3eXVxRW1nWUZkeC1hSjFZM2RFd25BeG1DZ2pCZ19jLUJIUTgtMUZwQ2d1ckxmMFR3ZXV4dmNQWktWUnc4Ujg0Um5lc3pyVFZNMTUwS2lxSmJYQQ?oc=5,Google News - Sector,RSS,0.7,"Tue, 01 Sep 2026 13:13:26 GMT",2026-09-01T22:46:07.222231+00:00,0.8845,BULLISH,1,0.35,0.2167025
f9d025cee82836de83fd7ea0264764972e9ff29a73f778d6b23049538f21bf3f,"India must integrate the working of its renewable energy sector with its coal-based power sector for successful energy transition, says new CSE study - Down To Earth","<a href=""https://news.google.com/rss/articles/CBMilAJBVV95cUxNSklCSXlJenNPVU01TEVITU8taEIwTG85T1BqdDNBc2hwdnZWRThPTWxNVGktNkdHVDNFR0RiRFFHTDRvTG1qUFlQTlZ4MEo4dWI4eDU1S2IyQTY2WTRhbnhmYzZBM1ItQWItTFJ0WV9TN3EwcGlQTGxIRE9IdE9tcmEtbDk5aE1UWUxqYUFKYW1ILU1ULU5uaExMbW5POW5URjJSYU1QMGs0RngxRmV1ZDdacHp3YThtU3pKUzhPMlBoZDVSZFdUNklwTnFOQlBoSDJ6MFpOOE5wLWZ5SDk0OXVBRjY5VUlnTkwtS1V6UFlwZDUyTml0a1k5MVV6Tl8xWkUxcThYa2VTRTNDOURBLXQwMnbSAaICQVVfeXFMTm1CWXBmdTlobURZZEVtQnpwVElRY3N3MnZhMzNvbXk1TlZHdG1TSnRtczlQWHpQNHp5a2pYX29WN2UtZDM2akx6cldzUE1HNHJpVTgxN1RmZjFtb1BHVnl1T0NySTc2NmJ0dlBaVUZHcWNvaVJ6MVpVWW00b3IxZG80ZlpHRWlwZzRXTDRWcm9BN2ROaGxRMEEzRzNBNmhZNzJtWjVLWi1uLXFkMlFNTkFBTTFwWFhVSE9TNl8tb2NxWmpYd09BWVE4X25HV2dGa1pjejBrNXFYSm9ZVVdNRUliT3EwSEl6Sm5zZzNQazBOTHlwSFdFZERFM05fb182SXRON0tLR0dzRnB5TW82TlpkVmwxUF9NZ1hQTzBweXZiblE?oc=5"" target=""_blank"">India must integrate the working of its renewable energy sector with its coal-based power sector for successful energy transition, says new CSE study</a>&nbsp;&nbsp;<font color=""#6f6f6f"">Down To Earth</font>",https://news.google.com/rss/articles/CBMilAJBVV95cUxNSklCSXlJenNPVU01TEVITU8taEIwTG85T1BqdDNBc2hwdnZWRThPTWxNVGktNkdHVDNFR0RiRFFHTDRvTG1qUFlQTlZ4MEo4dWI4eDU1S2IyQTY2WTRhbnhmYzZBM1ItQWItTFJ0WV9TN3EwcGlQTGxIRE9IdE9tcmEtbDk5aE1UWUxqYUFKYW1ILU1ULU5uaExMbW5POW5URjJSYU1QMGs0RngxRmV1ZDdacHp3YThtU3pKUzhPMlBoZDVSZFdUNklwTnFOQlBoSDJ6MFpOOE5wLWZ5SDk0OXVBRjY5VUlnTkwtS1V6UFlwZDUyTml0a1k5MVV6Tl8xWkUxcThYa2VTRTNDOURBLXQwMnbSAaICQVVfeXFMTm1CWXBmdTlobURZZEVtQnpwVElRY3N3MnZhMzNvbXk1TlZHdG1TSnRtczlQWHpQNHp5a2pYX29WN2UtZDM2akx6cldzUE1HNHJpVTgxN1RmZjFtb1BHVnl1T0NySTc2NmJ0dlBaVUZHcWNvaVJ6MVpVWW00b3IxZG80ZlpHRWlwZzRXTDRWcm9BN2ROaGxRMEEzRzNBNmhZNzJtWjVLWi1uLXFkMlFNTkFBTTFwWFhVSE9TNl8tb2NxWmpYd09BWVE4X25HV2dGa1pjejBrNXFYSm9ZVVdNRUliT3EwSEl6Sm5zZzNQazBOTHlwSFdFZERFM05fb182SXRON0tLR0dzRnB5TW82TlpkVmwxUF9NZ1hQTzBweXZiblE?oc=5,Google News - Sector,RSS,0.7,"Fri, 21 Aug 2026 11:23:54 GMT",2026-09-01T22:46:07.222240+00:00,0.9325,BULLISH,1,0.35,0.22846249999999996
7b5e5b83b17eef6feee53178ae94b81ab3ba7f18af2542f3a7e37822ccb89304,"Overhaul India's power sector strategy, shift to decentralised systems, insists policy analyst - Counterview","<a href=""https://news.google.com/rss/articles/CBMihAFBVV95cUxPUWRFdUFLUFBEbW9NNjhnS0kwZTJsUzZlUWlYRHFVa1drWndDZmVXbWdmTXh1ZWtjMy1rXzZSa1NDckdBalNTdF9DU0VUNEU1RllfRkl5UF9zby1KWnpaNzhZUWVEdFNWV3dwUlBIZDk5dmJ3LU9GVXZzLThiRzJpam5ISUQ?oc=5"" target=""_blank"">Overhaul India's power sector strategy, shift to decentralised systems, insists policy analyst</a>&nbsp;&nbsp;<font color=""#6f6f6f"">Counterview</font>",https://news.google.com/rss/articles/CBMihAFBVV95cUxPUWRFdUFLUFBEbW9NNjhnS0kwZTJsUzZlUWlYRHFVa1drWndDZmVXbWdmTXh1ZWtjMy1rXzZSa1NDckdBalNTdF9DU0VUNEU1RllfRkl5UF9zby1KWnpaNzhZUWVEdFNWV3dwUlBIZDk5dmJ3LU9GVXZzLThiRzJpam5ISUQ?oc=5,Google News - Sector,RSS,0.7,"Sat, 15 Aug 2026 07:00:00 GMT",2026-09-01T22:46:07.222248+00:00,0.0,NEUTRAL,1,0.35,0.0
1834d61a37d906310665bcd8e35dc22ec1cdd1bcaa280ef3d345adfad84492d1,Views of Manohar Lal: “India’s power sector has made significant progress” - Power Line Magazine,"<a href=""https://news.google.com/rss/articles/CBMiqwFBVV95cUxQekp2cXBZR2pBQ2psUnZpMWx3MDFUYUE1Y0dmeUpsMjFWcnk1bGxQU25CdTJRX1NUelNEcTlrSE11VXBESkxXNHRya3psNnRYLXg2b0lKcXo2UDF4Y1J2N2htZHpWb3NJcDh4MlpLZEtib1JuU2Zsa1QtZFNpckl0SXVvMzVacm5HU05WYkdESDY0V2VBSlVFLVNfa19qX3VvQ2RadmdWV2YyMGc?oc=5"" target=""_blank"">Views of Manohar Lal: “India’s power sector has made significant progress”</a>&nbsp;&nbsp;<font color=""#6f6f6f"">Power Line Magazine</font>",https://news.google.com/rss/articles/CBMiqwFBVV95cUxQekp2cXBZR2pBQ2psUnZpMWx3MDFUYUE1Y0dmeUpsMjFWcnk1bGxQU25CdTJRX1NUelNEcTlrSE11VXBESkxXNHRya3psNnRYLXg2b0lKcXo2UDF4Y1J2N2htZHpWb3NJcDh4MlpLZEtib1JuU2Zsa1QtZFNpckl0SXVvMzVacm5HU05WYkdESDY0V2VBSlVFLVNfa19qX3VvQ2RadmdWV2YyMGc?oc=5,Google News - Sector,RSS,0.7,"Thu, 06 Aug 2026 07:00:00 GMT",2026-09-01T22:46:07.222256+00:00,0.3818,BULLISH,1,0.35,0.09354099999999997
d903c01d40157688a59fb267a007d9cd4c9b6352d8ef41f2006c5f9b71686da4,"India's power sector set for strong FY27 growth on rising demand, capacity additions: Report - The Times of India","<a href=""https://news.google.com/rss/articles/CBMihgJBVV95cUxNNHh5Rkg0V2RyT3pqQjNtSmpQSFhwRzJDQ2h3OGdCVVdNQkhHWjllZ29MQ3lkZXQzREVwbDRNQ0lwRmpIaDl3a3R3Nkxuby1jTFV1emxyZFhQdlo5Q3ljMlk5NUF0cExfOERUWWlpWXhZdHN2SlYwTk9JYVcwWnFpUU04OWVWTElXMlVmVjdKSWUxVU5OVFlxYjZ6Vm5hRFdBLVU4LUZnRWRVaDM3aEhCZ0xVX0dnM2pSSm01Zk5UWEhhdXJnNkFINzF5Z1dlZk8wd1hRN2tRaGpIVDVfOW5xYXJOZmJMNkY0VUM3M1BWc2VvcnZERlN5Y0tQTFlCbnBpZE1hdlh30gGLAkFVX3lxTE1MVXVDZ0NQZXpTWjNwc1ZHX3pwRWx1MnA0b2hYRkNBbkpjd2FlUHc2UzkxMUFOZUJWbGx0RDhzT0t6UzM3VEpFS1ZubTNnOGQ4YkFUdlVCeDhYcThhOHQ3N2RxMzdNR2JOa0QyTnJ4b01fa0M0YTVXU2xMZlJKMEtiY0dqbTVqcXY4RWtpajJ4LVY3U1Jhb3RkTGg2WmYzaWZhbTRCWmRBR29QdnVOVlZWYktOaTdrcjVJc2ZxWFNIcXByV21vd0hQeTFfbGRYT3htdkxKZjI5Ym53TTJ2U0VXNHQ1Q3c4c2lvVGxPUzFlVmJqSk51YUdsRW00alItZ0dpdUY3bFd5N0c2cw?oc=5"" target=""_blank"">India's power sector set for strong FY27 growth on rising demand, capacity additions: Report</a>&nbsp;&nbsp;<font color=""#6f6f6f"">The Times of India</font>",https://news.google.com/rss/articles/CBMihgJBVV95cUxNNHh5Rkg0V2RyT3pqQjNtSmpQSFhwRzJDQ2h3OGdCVVdNQkhHWjllZ29MQ3lkZXQzREVwbDRNQ0lwRmpIaDl3a3R3Nkxuby1jTFV1emxyZFhQdlo5Q3ljMlk5NUF0cExfOERUWWlpWXhZdHN2SlYwTk9JYVcwWnFpUU04OWVWTElXMlVmVjdKSWUxVU5OVFlxYjZ6Vm5hRFdBLVU4LUZnRWRVaDM3aEhCZ0xVX0dnM2pSSm01Zk5UWEhhdXJnNkFINzF5Z1dlZk8wd1hRN2tRaGpIVDVfOW5xYXJOZmJMNkY0VUM3M1BWc2VvcnZERlN5Y0tQTFlCbnBpZE1hdlh30gGLAkFVX3lxTE1MVXVDZ0NQZXpTWjNwc1ZHX3pwRWx1MnA0b2hYRkNBbkpjd2FlUHc2UzkxMUFOZUJWbGx0RDhzT0t6UzM3VEpFS1ZubTNnOGQ4YkFUdlVCeDhYcThhOHQ3N2RxMzdNR2JOa0QyTnJ4b01fa0M0YTVXU2xMZlJKMEtiY0dqbTVqcXY4RWtpajJ4LVY3U1Jhb3RkTGg2WmYzaWZhbTRCWmRBR29QdnVOVlZWYktOaTdrcjVJc2ZxWFNIcXByV21vd0hQeTFfbGRYT3htdkxKZjI5Ym53TTJ2U0VXNHQ1Q3c4c2lvVGxPUzFlVmJqSk51YUdsRW00alItZ0dpdUY3bFd5N0c2cw?oc=5,Google News - Sector,RSS,0.7,"Sat, 18 Jul 2026 07:00:00 GMT",2026-09-01T22:46:07.222265+00:00,0.9689,BULLISH,1,0.35,0.2373805
22d77adc5f918bde5d5c1efb4060d5910cb5cdcc44cac92cf6c9a895226d2cc9,"India's thermal power revival is driven by demand, not policy reversal - ET EnergyWorld","<a href=""https://news.google.com/rss/articles/CBMiuwFBVV95cUxPTWRCNmZyMFZYUmNac2dXWVVkYnR5YlE3RF9SSnYyZkNhbTdSdWRmS0lvNVNzaXdJWF8xUkQzaXg1YkFCNDh6NEhodVVEdnozai1UNjNMM3dYa2lic3pqQkVRZTZuT3BUNnZrYURPcHJyd24waWxab0x5eEM5cnFsMC1Nb2ZTaGVyUVJ5dXF0YVBrcHBCRlJOWTByd21pcFFlc1VUVG1DYXlQRFIwX2twbS1SS2o3X09nMUlB0gHAAUFVX3lxTE5ha1pac2t0NVNCQU1RalJnenlsaUZHUmh1MnZuZGhlMzVRczg5MXpneE1yemxjMzFaRnI2R3pxbWFxNnk0UHdUdzVCYTVVcWtvTTU3NWtpb1ZwbFBEc21GeHBDS18xNVFXdDlvTkdoVlJKZVVLYWxtTnpWdVpHWEllRlBodklCSnRLOVZkcXp1b0dWeUtHTy16ck14VDRfbVp5VXUxY2Fady1Vb1BJdlJocE9QN3JLWU5wREpRMjl0TA?oc=5"" target=""_blank"">India's thermal power revival is driven by demand, not policy reversal</a>&nbsp;&nbsp;<font color=""#6f6f6f"">ET EnergyWorld</font>",https://news.google.com/rss/articles/CBMiuwFBVV95cUxPTWRCNmZyMFZYUmNac2dXWVVkYnR5YlE3RF9SSnYyZkNhbTdSdWRmS0lvNVNzaXdJWF8xUkQzaXg1YkFCNDh6NEhodVVEdnozai1UNjNMM3dYa2lic3pqQkVRZTZuT3BUNnZrYURPcHJyd24waWxab0x5eEM5cnFsMC1Nb2ZTaGVyUVJ5dXF0YVBrcHBCRlJOWTByd21pcFFlc1VUVG1DYXlQRFIwX2twbS1SS2o3X09nMUlB0gHAAUFVX3lxTE5ha1pac2t0NVNCQU1RalJnenlsaUZHUmh1MnZuZGhlMzVRczg5MXpneE1yemxjMzFaRnI2R3pxbWFxNnk0UHdUdzVCYTVVcWtvTTU3NWtpb1ZwbFBEc21GeHBDS18xNVFXdDlvTkdoVlJKZVVLYWxtTnpWdVpHWEllRlBodklCSnRLOVZkcXp1b0dWeUtHTy16ck14VDRfbVp5VXUxY2Fady1Vb1BJdlJocE9QN3JLWU5wREpRMjl0TA?oc=5,Google News - Sector,RSS,0.7,"Mon, 20 Jul 2026 07:00:00 GMT",2026-09-01T22:46:07.222327+00:00,-0.25,BEARISH,1,0.35,-0.06124999999999999
dc190ee7afd8e0e1e2d087125bc94b33cc33ea5ef95cb1ca5d7636c0bee0ab9e,"India’s power sector sees slower growth, rising renewables and grid stress in Q4 FY26: CREA - Down To Earth","<a href=""https://news.google.com/rss/articles/CBMixAFBVV95cUxObU5CUlp2V3ludzRyWkhWZllwT3I4WnNGVk1kbHdhM2Q5YUJ3X1JwR1dxbS1VblJldEdDUVlOb0pGQnZCemFJUnFKbW1NdHl0MjlfNlhkalZZbEZ5dF9rcTN1MXZrenZHR1NKVXBPZkIwX1p4ZWpBanJYYjFnei1qV1dQV1F4SG9LMkNUYVFxVFpkSUthNUc1ZHdEMklTQ1ZueUZPc3JLamtIbDhfLW05OUpyeWl5OUJFeUJtZ0ZHODlvZ2lk0gHSAUFVX3lxTE1wRmtBTzJuVnFrQXR1UDRzX3VReXJCalNtTDZuR0xKZVBDOXMtUmRaclcxLXdXTkpuaHI0c3FLSXY1a3VkYWt1MWdrb1FwU0JLVUlWUENXdlJ4c0E5WG1nb05ERnlVa2Z1UnFhYS05N2NTeUFSNjFTMVA5Wldob0ZudUl5T3VRTXE5MWFZZVB1QWlJS0NLSHVxUEZESVQ0R0tXcHdUUHIydnJNSFFOMWRna2NUNnNSQjh3UHNCQ0hLWWN4aTl3SjkzVFVuRWRfNXdpQQ?oc=5"" target=""_blank"">India’s power sector sees slower growth, rising renewables and grid stress in Q4 FY26: CREA</a>&nbsp;&nbsp;<font color=""#6f6f6f"">Down To Earth</font>",https://news.google.com/rss/articles/CBMixAFBVV95cUxObU5CUlp2V3ludzRyWkhWZllwT3I4WnNGVk1kbHdhM2Q5YUJ3X1JwR1dxbS1VblJldEdDUVlOb0pGQnZCemFJUnFKbW1NdHl0MjlfNlhkalZZbEZ5dF9rcTN1MXZrenZHR1NKVXBPZkIwX1p4ZWpBanJYYjFnei1qV1dQV1F4SG9LMkNUYVFxVFpkSUthNUc1ZHdEMklTQ1ZueUZPc3JLamtIbDhfLW05OUpyeWl5OUJFeUJtZ0ZHODlvZ2lk0gHSAUFVX3lxTE1wRmtBTzJuVnFrQXR1UDRzX3VReXJCalNtTDZuR0xKZVBDOXMtUmRaclcxLXdXTkpuaHI0c3FLSXY1a3VkYWt1MWdrb1FwU0JLVUlWUENXdlJ4c0E5WG1nb05ERnlVa2Z1UnFhYS05N2NTeUFSNjFTMVA5Wldob0ZudUl5T3VRTXE5MWFZZVB1QWlJS0NLSHVxUEZESVQ0R0tXcHdUUHIydnJNSFFOMWRna2NUNnNSQjh3UHNCQ0hLWWN4aTl3SjkzVFVuRWRfNXdpQQ?oc=5,Google News - Sector,RSS,0.7,"Thu, 30 Apr 2026 07:00:00 GMT",2026-09-01T22:46:07.222343+00:00,-0.0527,NEUTRAL,1,0.35,-0.012911499999999996
c6c87e47624fed1c077b7c6ce2d25188f94746f39907a9c9a02d8f0d8fc3b35e,"India's power sector enters ""value chain"" reset led by transmission, storage and demand growth: Report - ET EnergyWorld","<a href=""https://news.google.com/rss/articles/CBMi9AFBVV95cUxNOWNvVllVS0RqT1VWOWpkd3paMHlDc1o3UlRRNFBFQzZwQUlpdjVvZ0RfZmNFamtxQ2FjRExnZF9IRXVjNUMtbk0wSzdEU09vc3R5U0xJNEEtdGdIb2tNZDBydnUwYzlUZV9JUHFuRnp2TzJSLXZiZEh4aEZEZkxJeDFXU2JzSDR5YVpxVy1DWmlpaklkSjBJX3B4Z3E5NmgzTkN6S21mZXhMTkEtZXlvSm9xejc5a3I3MmVWMktLWUxwbkJyRFh3MVZHMGxRSl82QTZyZnFQTV92UzhjWlkwUlFJVklUenp2RWcyajNJLVB6dW8y?oc=5"" target=""_blank"">India's power sector enters ""value chain"" reset led by transmission, storage and demand growth: Report</a>&nbsp;&nbsp;<font color=""#6f6f6f"">ET EnergyWorld</font>",https://news.google.com/rss/articles/CBMi9AFBVV95cUxNOWNvVllVS0RqT1VWOWpkd3paMHlDc1o3UlRRNFBFQzZwQUlpdjVvZ0RfZmNFamtxQ2FjRExnZF9IRXVjNUMtbk0wSzdEU09vc3R5U0xJNEEtdGdIb2tNZDBydnUwYzlUZV9JUHFuRnp2TzJSLXZiZEh4aEZEZkxJeDFXU2JzSDR5YVpxVy1DWmlpaklkSjBJX3B4Z3E5NmgzTkN6S21mZXhMTkEtZXlvSm9xejc5a3I3MmVWMktLWUxwbkJyRFh3MVZHMGxRSl82QTZyZnFQTV92UzhjWlkwUlFJVklUenp2RWcyajNJLVB6dW8y?oc=5,Google News - Sector,RSS,0.7,"Sun, 05 Jul 2026 07:00:00 GMT",2026-09-01T22:46:07.222354+00:00,0.8406,BULLISH,1,0.35,0.20594699999999996
37494b744ff41dba0356dbe4f18431d440482dcac99d448553e211e51dfcdb24,Key takeaways for India from the International Energy Agency’s Electricity 2026 report - Norton Rose Fulbright,"<a href=""https://news.google.com/rss/articles/CBMi7gFBVV95cUxONEJuaXVSaXhxd0lSY2xGN3plYzViTEZrODItc3p3T09uN0RJM1JSNF9fWVNZcUFLR3hnb3dXeEdxV1dHWHRQY2JOU2s1NENFU0t2SkdmRUhPY29YYVlLZ1hZdUNSWmNQZk91MFk3M2ktRVYxRXNsWU9CaV91bHVEcXlFQXR1Sml3a2t4Q2R5UC1CTXU3eGJzeWl2TDJweWhzMjJiRUpWMmlRT1h3WjRlTDEwUmtPbVlpVm5uTEd3RThwaW5QQldhTkJGSlVhcXhwQ190TXR3WFAwYWVSd0VkWlZWeWNoNHZhQktZbWl3?oc=5"" target=""_blank"">Key takeaways for India from the International Energy Agency’s Electricity 2026 report</a>&nbsp;&nbsp;<font color=""#6f6f6f"">Norton Rose Fulbright</font>",https://news.google.com/rss/articles/CBMi7gFBVV95cUxONEJuaXVSaXhxd0lSY2xGN3plYzViTEZrODItc3p3T09uN0RJM1JSNF9fWVNZcUFLR3hnb3dXeEdxV1dHWHRQY2JOU2s1NENFU0t2SkdmRUhPY29YYVlLZ1hZdUNSWmNQZk91MFk3M2ktRVYxRXNsWU9CaV91bHVEcXlFQXR1Sml3a2t4Q2R5UC1CTXU3eGJzeWl2TDJweWhzMjJiRUpWMmlRT1h3WjRlTDEwUmtPbVlpVm5uTEd3RThwaW5QQldhTkJGSlVhcXhwQ190TXR3WFAwYWVSd0VkWlZWeWNoNHZhQktZbWl3?oc=5,Google News - Sector,RSS,0.7,"Thu, 12 Mar 2026 09:15:57 GMT",2026-09-01T22:46:07.222378+00:00,0.4939,BULLISH,1,0.35,0.12100549999999999
28e35cb08370f9fd6dacdec6dc3c57557274b92216525ef475bd92505e8bcd9b,India Plans 300 GW Power Capacity Next Year As Electricity Demand Surges - Sarkaritel.com,"<a href=""https://news.google.com/rss/articles/CBMibEFVX3lxTFBWZXMzbm1QQWlxOV9jdFJWZXd5RFRzNUdRZHlLaUdkTlZEeS1NN0c2NXVUZDV1UEV6T2hrcDh0RFFqVkZ3NmphVXltSmlYRlJlTWZWVHZBM2Iyakh1X1JGRFpBWWZoYThGemZOMA?oc=5"" target=""_blank"">India Plans 300 GW Power Capacity Next Year As Electricity Demand Surges</a>&nbsp;&nbsp;<font color=""#6f6f6f"">Sarkaritel.com</font>",https://news.google.com/rss/articles/CBMibEFVX3lxTFBWZXMzbm1QQWlxOV9jdFJWZXd5RFRzNUdRZHlLaUdkTlZEeS1NN0c2NXVUZDV1UEV6T2hrcDh0RFFqVkZ3NmphVXltSmlYRlJlTWZWVHZBM2Iyakh1X1JGRFpBWWZoYThGemZOMA?oc=5,Google News - Sector,RSS,0.7,"Mon, 29 Jun 2026 07:00:00 GMT",2026-09-01T22:46:07.222417+00:00,-0.2,BEARISH,1,0.35,-0.048999999999999995
eb1c342b49dc5d230c1fbf4db6c034e847e0d39e4f9141a2f9f303aecb5a50a3,"India’s Power Sector Set For Massive Growth With Solar, Storage And Grid Investments By FY32 - Report - SolarQuarter","<a href=""https://news.google.com/rss/articles/CBMizwFBVV95cUxObzlpdnJpYU05TG1DOE50VDlJNHQxMi1IaERrUmJMdUFnd291VWdKMXNJZFVzM0xpSTZoU0RDNVZNeTQ3Q3E2ckhwOXk2SjhzMEZnODZmRmhWc2FGdmdidjZxZjdhQUFIUXZ1WEc3SGViZTZIVUR4SnliWVR1TnFxeW1BaC1KMHI2em1iaEJDTzhpZ3gzQ1YyVXdwby1uVU03SVVESlF1QjdwbndxT3JrNVFHSEVMS1RGUEtxZFUwZi1pSlE0dUJJT3I1SmJWWVk?oc=5"" target=""_blank"">India’s Power Sector Set For Massive Growth With Solar, Storage And Grid Investments By FY32 - Report</a>&nbsp;&nbsp;<font color=""#6f6f6f"">SolarQuarter</font>",https://news.google.com/rss/articles/CBMizwFBVV95cUxObzlpdnJpYU05TG1DOE50VDlJNHQxMi1IaERrUmJMdUFnd291VWdKMXNJZFVzM0xpSTZoU0RDNVZNeTQ3Q3E2ckhwOXk2SjhzMEZnODZmRmhWc2FGdmdidjZxZjdhQUFIUXZ1WEc3SGViZTZIVUR4SnliWVR1TnFxeW1BaC1KMHI2em1iaEJDTzhpZ3gzQ1YyVXdwby1uVU03SVVESlF1QjdwbndxT3JrNVFHSEVMS1RGUEtxZFUwZi1pSlE0dUJJT3I1SmJWWVk?oc=5,Google News - Sector,RSS,0.7,"Mon, 13 Jul 2026 07:00:00 GMT",2026-09-01T22:46:07.222425+00:00,0.7369,BULLISH,1,0.35,0.1805405
11ac4920e7b7dd1438c2e432d74f146e2cc6f6b58d86f3406f08ff6cd86be747,"Heatwaves, rooftop solar and data centres force rethink of India’s power sector planning - Down To Earth","<a href=""https://news.google.com/rss/articles/CBMiwgFBVV95cUxPNDBVNzh2UEtiWDdXUFdjQVlJbHRTQ01YSWw1c2p5WUFwRkJsSlBiNXFUV2gzZ0FqVkNGVlpsbVZkOFUyMEVtOVdUSTRaU19ZUTlrYXVZeWdOUGtON1ZQeXlUcUhrS3VnRU1YcVRFcEd0MmI5dTFtOGtrMkNSMFNrSnlCcDNHT19LS24ycDRFWGpVdkt0QkJnMVlxTnJSaEllRGIwdkdINzMxZjhyelYwVnoyZVRWR3ZYRVI2Zjd4bzlDUdIBzwFBVV95cUxPckFhOVZ2T3Jlckh4eE5KQ3dDWG5DUEM2blhtSmRLMHVGbDZBMDRBZGk0MlNUMVBkZWJyaXBCZWVENTYxMWs0amY4dGdTbWtZZktoaEY2UFNrSTUwSG5UM0VZakIwRmlIZ3ktUU5QRW02T21BVVBoWWZWOXI3REVaMWs3RHZRVm1vX1QxOXJEMkotbWhjcUFnb1Q3MVBobmNqQ2dGdi1Cb2pNU2xfRDRmNFpJODBLSnhLTnU2SnZ6dkszZnNpa2Ixd0VHUVdxb1E?oc=5"" target=""_blank"">Heatwaves, rooftop solar and data centres force rethink of India’s power sector planning</a>&nbsp;&nbsp;<font color=""#6f6f6f"">Down To Earth</font>",https://news.google.com/rss/articles/CBMiwgFBVV95cUxPNDBVNzh2UEtiWDdXUFdjQVlJbHRTQ01YSWw1c2p5WUFwRkJsSlBiNXFUV2gzZ0FqVkNGVlpsbVZkOFUyMEVtOVdUSTRaU19ZUTlrYXVZeWdOUGtON1ZQeXlUcUhrS3VnRU1YcVRFcEd0MmI5dTFtOGtrMkNSMFNrSnlCcDNHT19LS24ycDRFWGpVdkt0QkJnMVlxTnJSaEllRGIwdkdINzMxZjhyelYwVnoyZVRWR3ZYRVI2Zjd4bzlDUdIBzwFBVV95cUxPckFhOVZ2T3Jlckh4eE5KQ3dDWG5DUEM2blhtSmRLMHVGbDZBMDRBZGk0MlNUMVBkZWJyaXBCZWVENTYxMWs0amY4dGdTbWtZZktoaEY2UFNrSTUwSG5UM0VZakIwRmlIZ3ktUU5QRW02T21BVVBoWWZWOXI3REVaMWs3RHZRVm1vX1QxOXJEMkotbWhjcUFnb1Q3MVBobmNqQ2dGdi1Cb2pNU2xfRDRmNFpJODBLSnhLTnU2SnZ6dkszZnNpa2Ixd0VHUVdxb1E?oc=5,Google News - Sector,RSS,0.7,"Wed, 13 May 2026 07:00:00 GMT",2026-09-01T22:46:07.222450+00:00,0.0,NEUTRAL,1,0.35,0.0
481de8eab66ca9ee216d341075d397f5fe88ac8651752b121892b649b5cfb122,India’s Power Sector Needs USD 2.2 Trillion Investment to Support Energy Transition - Saur Energy,"<a href=""https://news.google.com/rss/articles/CBMi0AFBVV95cUxNUVFUbWsxZG1PM0hDMXQySmxOY2NsR3M0M1BrN0lsdFljSUdQRFlRVjJ6REZuM0hjMERyUzBZdjlIWm1sZFhEQXJpZzluWTIydjJjMUFFTE9YRVZSbnJsdV9GOWF1OEJBQllMTjZvZy1MWkktX3FRRkUxM2lvc19PQ0d4NmlQV0hGY1lHUldweElidDJ5REZjMUljZ1hxNzRTVHdEdEZiUDJXYTFUN01MbVJVVlVkaElVcEdxYnpnZEVURDdUTGNSS1Y2aEs2NE44?oc=5"" target=""_blank"">India’s Power Sector Needs USD 2.2 Trillion Investment to Support Energy Transition</a>&nbsp;&nbsp;<font color=""#6f6f6f"">Saur Energy</font>",https://news.google.com/rss/articles/CBMi0AFBVV95cUxNUVFUbWsxZG1PM0hDMXQySmxOY2NsR3M0M1BrN0lsdFljSUdQRFlRVjJ6REZuM0hjMERyUzBZdjlIWm1sZFhEQXJpZzluWTIydjJjMUFFTE9YRVZSbnJsdV9GOWF1OEJBQllMTjZvZy1MWkktX3FRRkUxM2lvc19PQ0d4NmlQV0hGY1lHUldweElidDJ5REZjMUljZ1hxNzRTVHdEdEZiUDJXYTFUN01MbVJVVlVkaElVcEdxYnpnZEVURDdUTGNSS1Y2aEs2NE44?oc=5,Google News - Sector,RSS,0.7,"Fri, 20 Mar 2026 07:00:00 GMT",2026-09-01T22:46:07.222457+00:00,0.9158000000000001,BULLISH,1,0.35,0.22437099999999996
6bd559290d875899bcdfa5523fef92d00fcbc438b82e24c2971a69ae2deddaf6,Power Ministry Proposes Public Access to Renewable Energy Data - Saur Energy,"<a href=""https://news.google.com/rss/articles/CBMitwFBVV95cUxPUjludXBFVGwyTldMZUhNWHUzVEw1XzRUaWYwMV9VTGhzZDVZaWNJRGhXaHo3VHhmdHlSUWRJbWMtNVZWYllyQ2JEZGtpX0hDbVYyMUItNVl1TWRxWXlYb2lYRnZSc2xjLWFyY1M3X3VHQTV2UDBCaWdTb0RqYmpseTFHYWJvYWUtOVhfSENwc3kzLXVjb2tPMDNJQmpTU3VnY20tQmdXeEIzM2hTY3ZOV25ISUh1ZWc?oc=5"" target=""_blank"">Power Ministry Proposes Public Access to Renewable Energy Data</a>&nbsp;&nbsp;<font color=""#6f6f6f"">Saur Energy</font>",https://news.google.com/rss/articles/CBMitwFBVV95cUxPUjludXBFVGwyTldMZUhNWHUzVEw1XzRUaWYwMV9VTGhzZDVZaWNJRGhXaHo3VHhmdHlSUWRJbWMtNVZWYllyQ2JEZGtpX0hDbVYyMUItNVl1TWRxWXlYb2lYRnZSc2xjLWFyY1M3X3VHQTV2UDBCaWdTb0RqYmpseTFHYWJvYWUtOVhfSENwc3kzLXVjb2tPMDNJQmpTU3VnY20tQmdXeEIzM2hTY3ZOV25ISUh1ZWc?oc=5,Google News - Sector,RSS,0.7,"Tue, 30 Jun 2026 07:00:00 GMT",2026-09-01T22:46:07.222464+00:00,0.6486,BULLISH,1,0.35,0.15890699999999996
0ccda6c43bfcf196a851a26c59e5e02e9e5541d3198ba274df81ae404db1052b,"India’s power demand climbs, but coal remains dominant despite clean energy push - Down To Earth","<a href=""https://news.google.com/rss/articles/CBMitwFBVV95cUxQLWV4QkpWTUV5ZEdwNDRMMlBZSW5RR2RhZEJ6U1RQWDVjQ3dUc3NhVVdIbkd2b29zSEZBR2tyai12X1p3ZnFYRG95WGNEelR5cGp1TFNjUmN0X3FQaXRudmVBa04tNVlJU3dHSjFSemJSREdCWVFBRTd6WnM4UFBUcElfeERrNVVBMFJ0UmRfd0pkWERXNG5DQ3VCaC1hazdzalNZQW94ZE94bEp4eXZraS1pQ2NwT1HSAcQBQVVfeXFMTUhyRjJiam5HbW8zVUFXamoyRHJ5dXJSNDZNMU8xSGlBUkxDZlhBOGwtVzlpZ1JtMVJSU19FeEFtWEVkbmNRaTAteVpIM3g1ZlVieFZrREhMSGJaTmlic216MU1VQjRpVUxtb2JhLVlPQUhydFM5QkdpV3lnb1BRRm5WQ08xdXpNV3l1dnFhb041MjhJbnJ0X0Q4VDRFUVRIQmFIdzBRdjRaeHB0dDhoeDhhR2xNYUpaaVZ0cnpOOXA2dnpYeA?oc=5"" target=""_blank"">India’s power demand climbs, but coal remains dominant despite clean energy push</a>&nbsp;&nbsp;<font color=""#6f6f6f"">Down To Earth</font>",https://news.google.com/rss/articles/CBMitwFBVV95cUxQLWV4QkpWTUV5ZEdwNDRMMlBZSW5RR2RhZEJ6U1RQWDVjQ3dUc3NhVVdIbkd2b29zSEZBR2tyai12X1p3ZnFYRG95WGNEelR5cGp1TFNjUmN0X3FQaXRudmVBa04tNVlJU3dHSjFSemJSREdCWVFBRTd6WnM4UFBUcElfeERrNVVBMFJ0UmRfd0pkWERXNG5DQ3VCaC1hazdzalNZQW94ZE94bEp4eXZraS1pQ2NwT1HSAcQBQVVfeXFMTUhyRjJiam5HbW8zVUFXamoyRHJ5dXJSNDZNMU8xSGlBUkxDZlhBOGwtVzlpZ1JtMVJSU19FeEFtWEVkbmNRaTAteVpIM3g1ZlVieFZrREhMSGJaTmlic216MU1VQjRpVUxtb2JhLVlPQUhydFM5QkdpV3lnb1BRRm5WQ08xdXpNV3l1dnFhb041MjhJbnJ0X0Q4VDRFUVRIQmFIdzBRdjRaeHB0dDhoeDhhR2xNYUpaaVZ0cnpOOXA2dnpYeA?oc=5,Google News - Sector,RSS,0.7,"Wed, 01 Apr 2026 07:00:00 GMT",2026-09-01T22:46:07.222723+00:00,-0.8811,BEARISH,1,0.35,-0.21586949999999996
56511555dee6724e2ae89b96f1ef74a4f1286b1c74643f2118cb60f91bbce7e4,Renewable Energy Share in India’s Power Mix Set to Rise to 26% in FY2026 - Saur Energy,"<a href=""https://news.google.com/rss/articles/CBMiwgFBVV95cUxNaVJwRlA3bDlQcVVEVVBOWDhOOWNQZ0xzOG41cHJpTDRFV0NGMmV5eWZNbXNMUTFEb1V2SEVmTk9WU2l2MkljWWN0Snlackp0eVFpaTJNMzlXNE5UTU5yREdNX0hsbjV2S1RkLU15V0t6UmgwbGFpYTFEcEQzSC1WcFJpUUNFbFEwRXM5TEd2ZlpxLXc0Q2FibGEyX1F6aGVKbFVYV2hkYUlhcTlxNkp1ZzZqR0VlNTlRUjFzRnl6WmVnQQ?oc=5"" target=""_blank"">Renewable Energy Share in India’s Power Mix Set to Rise to 26% in FY2026</a>&nbsp;&nbsp;<font color=""#6f6f6f"">Saur Energy</font>",https://news.google.com/rss/articles/CBMiwgFBVV95cUxNaVJwRlA3bDlQcVVEVVBOWDhOOWNQZ0xzOG41cHJpTDRFV0NGMmV5eWZNbXNMUTFEb1V2SEVmTk9WU2l2MkljWWN0Snlackp0eVFpaTJNMzlXNE5UTU5yREdNX0hsbjV2S1RkLU15V0t6UmgwbGFpYTFEcEQzSC1WcFJpUUNFbFEwRXM5TEd2ZlpxLXc0Q2FibGEyX1F6aGVKbFVYV2hkYUlhcTlxNkp1ZzZqR0VlNTlRUjFzRnl6WmVnQQ?oc=5,Google News - Sector,RSS,0.7,"Thu, 19 Feb 2026 08:00:00 GMT",2026-09-01T22:46:07.222731+00:00,0.8271,BULLISH,1,0.35,0.20263949999999994
c755aa40525f34d1bee338f857eaa588ff4d0661124e81fa4e233055af601cea,Power ministry releases draft norms for unified electricity data-sharing - Business Standard,"<a href=""https://news.google.com/rss/articles/CBMi0AFBVV95cUxOWE5EUGZuYWZSdWZrYWFjaHNvVi05Qnp2Y2dyOUlKQ0ViU2hfMWtWNWtVZlk2VWthWC12dmF2WDV3Q0xYekNFV0QyWU9WZkJid05nNlAzYWR1TG42c001T1RQQWU4a3RTNXNpMG9CTXEwbTlkaDh5SGx6dE1qOTBVUzlsMHU3U3ZJeHhlYnBkX2pKODNZdldsN0VqWkRpSDFxbTIyQzYyd1FmS0ZzTjl0aERTVlVGdU13ZllMalRnSDVLM3RsczdjWEpBZ0dPX2RU0gHWAUFVX3lxTE9JZmhCODhXY21yWHRtZ1M0QURCZlpSYUo0MW9hR0ZDT1Jkd0gwZ0FwX0lfTGhKb3lCQVZuS0p4RzR4NmZVa1U2a0ZxTVZkNDFmTTVrNEhXRmpYUkFDX2h3Tl9jUEJHYWxPb0dFeGxiNmk0LWJCbUVURkZRTGEzb0FTSU54ZEw4QkFuZEVYamFmWTlIbVZrSm9VbVE2MGZFSVhmVXQwWnJSdjhTUV9CckJMZG0yTC1WMDVUODM1MUR5dVA0NFVKY0FKOHpha1BUX28xclVzeEE?oc=5"" target=""_blank"">Power ministry releases draft norms for unified electricity data-sharing</a>&nbsp;&nbsp;<font color=""#6f6f6f"">Business Standard</font>",https://news.google.com/rss/articles/CBMi0AFBVV95cUxOWE5EUGZuYWZSdWZrYWFjaHNvVi05Qnp2Y2dyOUlKQ0ViU2hfMWtWNWtVZlk2VWthWC12dmF2WDV3Q0xYekNFV0QyWU9WZkJid05nNlAzYWR1TG42c001T1RQQWU4a3RTNXNpMG9CTXEwbTlkaDh5SGx6dE1qOTBVUzlsMHU3U3ZJeHhlYnBkX2pKODNZdldsN0VqWkRpSDFxbTIyQzYyd1FmS0ZzTjl0aERTVlVGdU13ZllMalRnSDVLM3RsczdjWEpBZ0dPX2RU0gHWAUFVX3lxTE9JZmhCODhXY21yWHRtZ1M0QURCZlpSYUo0MW9hR0ZDT1Jkd0gwZ0FwX0lfTGhKb3lCQVZuS0p4RzR4NmZVa1U2a0ZxTVZkNDFmTTVrNEhXRmpYUkFDX2h3Tl9jUEJHYWxPb0dFeGxiNmk0LWJCbUVURkZRTGEzb0FTSU54ZEw4QkFuZEVYamFmWTlIbVZrSm9VbVE2MGZFSVhmVXQwWnJSdjhTUV9CckJMZG0yTC1WMDVUODM1MUR5dVA0NFVKY0FKOHpha1BUX28xclVzeEE?oc=5,Google News - Sector,RSS,0.7,"Sun, 05 Jul 2026 07:00:00 GMT",2026-09-01T22:46:07.222738+00:00,0.6369,BULLISH,1,0.35,0.1560405
36ab4e955038ac1c9ce483971825b730d1714a06a42b454326e4415f4313ac6f,India’s electricity transition at the sub-national level sees progress on multiple fronts in different states - Institute for Energy Economics and Financial Analysis (IEEFA),"<a href=""https://news.google.com/rss/articles/CBMitgFBVV95cUxNRFdla3RsWG5iQXdjZDE5NFVJdTdmbjcxeXI0dE80RXdhZlhzanNBVEJkb0VwdExpQnQ3OVNNbFpJZ0JsbU0wa2d3WEFDSGl0RWdVVzFvUnpkNkl5SHhnanFkVFc1a0dvU1BrdXZjUzVVUDRmLVBadXRYNXVkYWpuQm1UNDl0UlNGYXN1bmhiazk2cU83dlUxRkVheDdSYVZCdUdydmc3eXBuOTNBQVBQVEF6LWdjdw?oc=5"" target=""_blank"">India’s electricity transition at the sub-national level sees progress on multiple fronts in different states</a>&nbsp;&nbsp;<font color=""#6f6f6f"">Institute for Energy Economics and Financial Analysis (IEEFA)</font>",https://news.google.com/rss/articles/CBMitgFBVV95cUxNRFdla3RsWG5iQXdjZDE5NFVJdTdmbjcxeXI0dE80RXdhZlhzanNBVEJkb0VwdExpQnQ3OVNNbFpJZ0JsbU0wa2d3WEFDSGl0RWdVVzFvUnpkNkl5SHhnanFkVFc1a0dvU1BrdXZjUzVVUDRmLVBadXRYNXVkYWpuQm1UNDl0UlNGYXN1bmhiazk2cU83dlUxRkVheDdSYVZCdUdydmc3eXBuOTNBQVBQVEF6LWdjdw?oc=5,Google News - Sector,RSS,0.7,"Thu, 19 Feb 2026 08:00:00 GMT",2026-09-01T22:46:07.222754+00:00,0.8316,BULLISH,1,0.35,0.20374199999999998
2421018f2c57c6f5447171fd54ab4d5c1a544c08f2764623d05303d430fa459a,Why the Union Budget’s capital market push matters for power sector financing - Institute for Energy Economics and Financial Analysis (IEEFA),"<a href=""https://news.google.com/rss/articles/CBMinAFBVV95cUxNd3lSMy1EaFJ4bzRFb2lVX1dvekxjQ3VrekdEWkxPYU5NVnplNnZGcnBScUY5TkU1T2lRaDhzZXo0M2FOelZla2NlQ0FHZHZIQVRtV1VWb1dhOUlIQ0E0enA3Vml6R1VxeHlUZm5zSmRpeWMzd2Nmc2E3NjFVc21DVVhLZUJrbml2bEc5TTRaMk0xX3R5REJQWk54NnA?oc=5"" target=""_blank"">Why the Union Budget’s capital market push matters for power sector financing</a>&nbsp;&nbsp;<font color=""#6f6f6f"">Institute for Energy Economics and Financial Analysis (IEEFA)</font>",https://news.google.com/rss/articles/CBMinAFBVV95cUxNd3lSMy1EaFJ4bzRFb2lVX1dvekxjQ3VrekdEWkxPYU5NVnplNnZGcnBScUY5TkU1T2lRaDhzZXo0M2FOelZla2NlQ0FHZHZIQVRtV1VWb1dhOUlIQ0E0enA3Vml6R1VxeHlUZm5zSmRpeWMzd2Nmc2E3NjFVc21DVVhLZUJrbml2bEc5TTRaMk0xX3R5REJQWk54NnA?oc=5,Google News - Sector,RSS,0.7,"Tue, 17 Feb 2026 08:00:00 GMT",2026-09-01T22:46:07.222761+00:00,0.5267,BULLISH,1,0.35,0.12904149999999998
8f4372497021d9c3faf1ac2c9adcc9bdd38c2281be3492b5509e071770b8c209,"India’s power sector holds up amid global energy uncertainty, rising demand - Moneycontrol.com","<a href=""https://news.google.com/rss/articles/CBMi1gFBVV95cUxOUDRRUnZoNFVWMWMtdXlISmlXbkFfOFppZnBvNzlpYVVpX2ktZEw3LW5DZUpFY0F2emc5dERBVXJBMFQ5c3ZyZC1Yb1RsbDhtWDlhYm5xZTdJeWdqNmhCa3ZGUWNoYXRUdXZWTTFNUVZ5ejBNNklDYnZSNXhWUGZIUEZSTTdNSl8wdHA0WTJIc0RmZE5MYm9NSVpxSnhjOGFic1VFUC0xYUwxVkUwMFRTNUhLZG83eVVNZWtZMzhQMGUya2FCdHRfaXVJS0xYanFyOFFTbE5B0gHbAUFVX3lxTFBWYm5ONGtvand1ZVE0YWVTSl9ySXFwelFMdzJjd2lpZGN2MGxKTUJULThiSzhNU2ZJQmlQU0xpYjRLR3RacWwxTXdsZmpldWVHbTF3enZ2RXVkNDBST284NURmYUpNam1VNzZoTngxLW9mQTJtcFFKUllfTGs3bzNHQVd5NXNkaDVQZjUxb3FOTnJCV19qTnpOOHAtTmFtWnpoSWgxOEQ3emxaNTluWG14MmZjYVE3cWNjQVRxRzBXLXVENDdfWTVkUEV2N285bjM1cHUtLVpNNjdkYw?oc=5"" target=""_blank"">India’s power sector holds up amid global energy uncertainty, rising demand</a>&nbsp;&nbsp;<font color=""#6f6f6f"">Moneycontrol.com</font>",https://news.google.com/rss/articles/CBMi1gFBVV95cUxOUDRRUnZoNFVWMWMtdXlISmlXbkFfOFppZnBvNzlpYVVpX2ktZEw3LW5DZUpFY0F2emc5dERBVXJBMFQ5c3ZyZC1Yb1RsbDhtWDlhYm5xZTdJeWdqNmhCa3ZGUWNoYXRUdXZWTTFNUVZ5ejBNNklDYnZSNXhWUGZIUEZSTTdNSl8wdHA0WTJIc0RmZE5MYm9NSVpxSnhjOGFic1VFUC0xYUwxVkUwMFRTNUhLZG83eVVNZWtZMzhQMGUya2FCdHRfaXVJS0xYanFyOFFTbE5B0gHbAUFVX3lxTFBWYm5ONGtvand1ZVE0YWVTSl9ySXFwelFMdzJjd2lpZGN2MGxKTUJULThiSzhNU2ZJQmlQU0xpYjRLR3RacWwxTXdsZmpldWVHbTF3enZ2RXVkNDBST284NURmYUpNam1VNzZoTngxLW9mQTJtcFFKUllfTGs3bzNHQVd5NXNkaDVQZjUxb3FOTnJCV19qTnpOOHAtTmFtWnpoSWgxOEQ3emxaNTluWG14MmZjYVE3cWNjQVRxRzBXLXVENDdfWTVkUEV2N285bjM1cHUtLVpNNjdkYw?oc=5,Google News - Sector,RSS,0.7,"Mon, 30 Mar 2026 07:00:00 GMT",2026-09-01T22:46:07.222793+00:00,-0.2732,BEARISH,1,0.35,-0.066934
f77839fcdbac35d082cf6846e1f4aa6aca1d059c2d7c9f2e576a982e8bad7b42,"Power sector growth outlook remains strong on robust demand, thermal generation; higher costs, execution risks pose offsets: Report - aninews.in","<a href=""https://news.google.com/rss/articles/CBMiigJBVV95cUxQbU9qN0JLcnlISjl4c1JsOEF1dUVoZHdMRlQ2X1N6Vzl2R0g4M2VyanJBM28yVzZwNmd4QzNiVGRjbmgzVS0wdko3ZW1FWDhyVkhOMjZSQ3JzVVZJcGN3RTFZWUJPTlRDZ0E0X24zYVY1eWlZOHZrNjNKZVFiM0JlV3ZiejFVcU9Uajh6Y3FlaTdhOG9Ieko3OEtQR0h0d3hsSW5rLVdZMklwc005Sm1GUk9hRmNSYkYySkVWWFZDT214bGEzaUdUYVBKR0hyazZZUlRhakt3YkF5dTZwR0YxMkxiYU5QMi1wLUdtNkYzRGUxTHBjUFQwWkRLSVZyVzlZcjdLc0dLYk1jQQ?oc=5"" target=""_blank"">Power sector growth outlook remains strong on robust demand, thermal generation; higher costs, execution risks pose offsets: Report</a>&nbsp;&nbsp;<font color=""#6f6f6f"">aninews.in</font>",https://news.google.com/rss/articles/CBMiigJBVV95cUxQbU9qN0JLcnlISjl4c1JsOEF1dUVoZHdMRlQ2X1N6Vzl2R0g4M2VyanJBM28yVzZwNmd4QzNiVGRjbmgzVS0wdko3ZW1FWDhyVkhOMjZSQ3JzVVZJcGN3RTFZWUJPTlRDZ0E0X24zYVY1eWlZOHZrNjNKZVFiM0JlV3ZiejFVcU9Uajh6Y3FlaTdhOG9Ieko3OEtQR0h0d3hsSW5rLVdZMklwc005Sm1GUk9hRmNSYkYySkVWWFZDT214bGEzaUdUYVBKR0hyazZZUlRhakt3YkF5dTZwR0YxMkxiYU5QMi1wLUdtNkYzRGUxTHBjUFQwWkRLSVZyVzlZcjdLc0dLYk1jQQ?oc=5,Google News - Sector,RSS,0.7,"Sat, 18 Jul 2026 07:00:00 GMT",2026-09-01T22:46:07.222803+00:00,0.9359999999999999,BULLISH,1,0.35,0.22931999999999994
c2faf4e551b02723c216c7377700ee9684667c44938d9bb42fe99ea6b19c0ed1,PM Modi invites global investors to invest in power sector - ET EnergyWorld,"<a href=""https://news.google.com/rss/articles/CBMi-AFBVV95cUxOUlU4Q0pfVjZHV21tNkRfMktfU0d1LWpDUU43RUJsVDFRU2IzTHljbVlzdzlWVzdtVVFqbFN1Y0hIS1k0Nm12c2tMbGNyQ3UzQzljMUJhZEI0SEt2a1BidGlCSFB2WlVRVjB1V0NQNVBuSkhST3ljNjRnaG1HRWxSeGF5RGZWSmh0SHMtRDVZZEZjX0FuckJYNG5QaGZsYWlPbDhnUTVSTEw4N1l3RUVkNlNpRHdoRWFzOXM5eUo4cDQ0MElNTXR4VExkY1dEX3o1SUpiSGg1ejRBUFRDS1piY1Q2c2RTZmpWdFBZUlcwdWpPSGt1RzhnRtIB_gFBVV95cUxQTnlJbW1vSkFWWGR1S1hnTDEzQlpjY3NhbHVrTURHUHVMT0pkWUdULXI0cnNiT0tXSHpUSFYwUlJSSnFxaVpsb2xmZVhWdzl2c0NBMzF1VU9qOS1wWHd1M3JxcmdUWFE4Rl9ienJONVgwdjhwSVZzUWFWT3I2U0JtUEpWOXZOY0tKaVFIeGdhOGM0X3U4R1FITm5GUXJ1aTgySkFwTGpXNWsyaXpQeG4wamJYclJDalB5N0wzdGd6MUdibkVhSS1TVTlZeVp3VzVRRjJpeEh0QTFBVDNzOWpZbVRYallQeThocm1QVjJRZktYRE15RUt5V3JBR1ZNZw?oc=5"" target=""_blank"">PM Modi invites global investors to invest in power sector</a>&nbsp;&nbsp;<font color=""#6f6f6f"">ET EnergyWorld</font>",https://news.google.com/rss/articles/CBMi-AFBVV95cUxOUlU4Q0pfVjZHV21tNkRfMktfU0d1LWpDUU43RUJsVDFRU2IzTHljbVlzdzlWVzdtVVFqbFN1Y0hIS1k0Nm12c2tMbGNyQ3UzQzljMUJhZEI0SEt2a1BidGlCSFB2WlVRVjB1V0NQNVBuSkhST3ljNjRnaG1HRWxSeGF5RGZWSmh0SHMtRDVZZEZjX0FuckJYNG5QaGZsYWlPbDhnUTVSTEw4N1l3RUVkNlNpRHdoRWFzOXM5eUo4cDQ0MElNTXR4VExkY1dEX3o1SUpiSGg1ejRBUFRDS1piY1Q2c2RTZmpWdFBZUlcwdWpPSGt1RzhnRtIB_gFBVV95cUxQTnlJbW1vSkFWWGR1S1hnTDEzQlpjY3NhbHVrTURHUHVMT0pkWUdULXI0cnNiT0tXSHpUSFYwUlJSSnFxaVpsb2xmZVhWdzl2c0NBMzF1VU9qOS1wWHd1M3JxcmdUWFE4Rl9ienJONVgwdjhwSVZzUWFWT3I2U0JtUEpWOXZOY0tKaVFIeGdhOGM0X3U4R1FITm5GUXJ1aTgySkFwTGpXNWsyaXpQeG4wamJYclJDalB5N0wzdGd6MUdibkVhSS1TVTlZeVp3VzVRRjJpeEh0QTFBVDNzOWpZbVRYallQeThocm1QVjJRZktYRE15RUt5V3JBR1ZNZw?oc=5,Google News - Sector,RSS,0.7,"Thu, 19 Mar 2026 07:00:00 GMT",2026-09-01T22:46:07.222810+00:00,0.0,NEUTRAL,1,0.35,0.0
7a845d39278cc56894482b16cddef6cce1b3bb3ee266111cdbd4d3787f8adb91,Stricter Grid Rules May Slow Renewable Energy Investments In India – Report - SolarQuarter,"<a href=""https://news.google.com/rss/articles/CBMirwFBVV95cUxOOWRQTkpQMEZaaHBfbW1Pa2oydEQ3WUtRcUk0aWF4UDNFR01RR2IyelppVnhXdzVSYW9ub0k4UE12M1FlQWkybFcyQnJKY1RRTnRBa042ckhTbU5CT1V5UGdUaHp5Zkw2OHV5MExTSFN1aTNyNUZlYV92OXN5UWtmNktncW91R3BNUUJod0p3Y2V1UDVRS2FCUWtBTDFtWXYxYlRKV09tbmRjZWRHeDg4?oc=5"" target=""_blank"">Stricter Grid Rules May Slow Renewable Energy Investments In India – Report</a>&nbsp;&nbsp;<font color=""#6f6f6f"">SolarQuarter</font>",https://news.google.com/rss/articles/CBMirwFBVV95cUxOOWRQTkpQMEZaaHBfbW1Pa2oydEQ3WUtRcUk0aWF4UDNFR01RR2IyelppVnhXdzVSYW9ub0k4UE12M1FlQWkybFcyQnJKY1RRTnRBa042ckhTbU5CT1V5UGdUaHp5Zkw2OHV5MExTSFN1aTNyNUZlYV92OXN5UWtmNktncW91R3BNUUJod0p3Y2V1UDVRS2FCUWtBTDFtWXYxYlRKV09tbmRjZWRHeDg4?oc=5,Google News - Sector,RSS,0.7,"Wed, 15 Jul 2026 07:00:00 GMT",2026-09-01T22:46:07.222818+00:00,0.5439,BULLISH,1,0.35,0.1332555
2183314088c2e45cf35bcfb8eb8d5810a62b0b6b28d7268eb3cf8bfd5cc16226,India’s Power Sector Roadmap 2026–2036 Balancing Renewable Growth With Grid Reliability – CEA - SolarQuarter,"<a href=""https://news.google.com/rss/articles/CBMixgFBVV95cUxQSm8zbzFWeVhjb2p6eVQwczdYa3hSUDgxOTJuYjZZbFMtLTExb2hwV3FsMnh3YURGUVZhb1h2bDlSQ3ZZbVNwblBzZGJtN1pqbHBhaFNtejU5MkF6OHJ5SENYdXZfbHl5V2xIZHdPVkh2YUN6MW50NFVXSXNWZ0tTcFhTVGwxcmlNODRGRUZuXzlnOEJsU2FkeVBTanAya05aZG9FbWo3aG9BcXl5UXNrT3Fsa0ZpVGRqbDBicGhGUnpiOE5NZ2c?oc=5"" target=""_blank"">India’s Power Sector Roadmap 2026–2036 Balancing Renewable Growth With Grid Reliability – CEA</a>&nbsp;&nbsp;<font color=""#6f6f6f"">SolarQuarter</font>",https://news.google.com/rss/articles/CBMixgFBVV95cUxQSm8zbzFWeVhjb2p6eVQwczdYa3hSUDgxOTJuYjZZbFMtLTExb2hwV3FsMnh3YURGUVZhb1h2bDlSQ3ZZbVNwblBzZGJtN1pqbHBhaFNtejU5MkF6OHJ5SENYdXZfbHl5V2xIZHdPVkh2YUN6MW50NFVXSXNWZ0tTcFhTVGwxcmlNODRGRUZuXzlnOEJsU2FkeVBTanAya05aZG9FbWo3aG9BcXl5UXNrT3Fsa0ZpVGRqbDBicGhGUnpiOE5NZ2c?oc=5,Google News - Sector,RSS,0.7,"Sat, 11 Apr 2026 07:00:00 GMT",2026-09-01T22:46:07.222826+00:00,0.6869000000000001,BULLISH,1,0.35,0.1682905
79f00d50b884c92f3bca2a0217b3e337fe8167f7aa0adffbd97885dee0f57edc,India's renewable energy industry calls for state-specific bids - Business Standard,"<a href=""https://news.google.com/rss/articles/CBMiygFBVV95cUxPTjFmV292RUJxNmc2ZWZ0Y3hFdEJlSHB3blAyN0w5MVM1UjdFTFo5NngxNFczYzEtNGJMVGF1djVrblhuem1XSU5lYlVrQ1hPeU1xT1oxb1JQQUJWckd1SmpFaU9sVngweVpRQXROU3AyUDI0ZWVGdGtEUl9FOEVCeF9QVTRvWmZJOGtwZUlRTFUtYWUtRm1leXJ2Q2hRbnZqQzNUa0dWdlhhTHZMTFVGUzVXWVhSRk9oQ3hxdF96T0dzeGh0OFl2TWNn0gHPAUFVX3lxTE9YVTdES2RLbEd3Q3BfTzlvTlMzTE9vcUpUMnpjUzhvdDZqZ2MtSlhQb2lmakVtWEQtSFVXblR2RkxyQlgtSlYyM2VUMXpVTDRxcFRXd2xFQ09zU3JJeS11TjdRd3hZVE1GdHdzODNsaVk3Q1E4S3FhMkdIdURndjRHcTJEQjMydEpuSl9wMDhSVGVvcnUxcElZMFpRbFI5MFkzN0ktcmt6UlJQWGx1NDZndXVDdnBQNGhyQVpZNmtkN2d4WVFVVEVNVTdfOUZGUQ?oc=5"" target=""_blank"">India's renewable energy industry calls for state-specific bids</a>&nbsp;&nbsp;<font color=""#6f6f6f"">Business Standard</font>",https://news.google.com/rss/articles/CBMiygFBVV95cUxPTjFmV292RUJxNmc2ZWZ0Y3hFdEJlSHB3blAyN0w5MVM1UjdFTFo5NngxNFczYzEtNGJMVGF1djVrblhuem1XSU5lYlVrQ1hPeU1xT1oxb1JQQUJWckd1SmpFaU9sVngweVpRQXROU3AyUDI0ZWVGdGtEUl9FOEVCeF9QVTRvWmZJOGtwZUlRTFUtYWUtRm1leXJ2Q2hRbnZqQzNUa0dWdlhhTHZMTFVGUzVXWVhSRk9oQ3hxdF96T0dzeGh0OFl2TWNn0gHPAUFVX3lxTE9YVTdES2RLbEd3Q3BfTzlvTlMzTE9vcUpUMnpjUzhvdDZqZ2MtSlhQb2lmakVtWEQtSFVXblR2RkxyQlgtSlYyM2VUMXpVTDRxcFRXd2xFQ09zU3JJeS11TjdRd3hZVE1GdHdzODNsaVk3Q1E4S3FhMkdIdURndjRHcTJEQjMydEpuSl9wMDhSVGVvcnUxcElZMFpRbFI5MFkzN0ktcmt6UlJQWGx1NDZndXVDdnBQNGhyQVpZNmtkN2d4WVFVVEVNVTdfOUZGUQ?oc=5,Google News - Sector,RSS,0.7,"Mon, 11 May 2026 07:00:00 GMT",2026-09-01T22:46:07.222834+00:00,0.4939,BULLISH,1,0.35,0.12100549999999999
683c4bee3dfe485d6de79e6e461435192315033c9bbd3e5cf1b0e7637cc72e98,"Solar meets 75% of new electricity demand as gas loses ground for fifth year, finds report - Down To Earth","<a href=""https://news.google.com/rss/articles/CBMixAFBVV95cUxQVFF0bmcybFlBZHJ5YnBfekdDd1hrUV8ydU5mRERtcXNNeUZ0Nk43NWx0d01KQ1BuSENQOXFyRUZLa0tIM3ZHaXZQU1cySWNKRjhlV3JTSEx0OEZWZVkyTkFweU11d2JwV0dQZWQtc0NNWGVrU1dKX1VHY2JIZ1V4aWVvNFF4WGFNb08tdkZaQnVoSy1vYU5YelA4U0FVbkJRMndYSV9EMUk0M09OejViUDMtc0RRTDdEWDdqWEp2VVRKMk9Q0gHSAUFVX3lxTE9IQ2gwS0tYMXJLWnE2RHhVcW1XakdEblZNNzFpS0ZTUHpsUkI4ZkhxTFhTZ0tKS3dDbTRKQUR3VUhTX3Ixbnc5U0NmWGtXWEd4MXJlQVJYQ0dJbDM2UzRGSEJmS1l5RGdackpQNlp0NjdUOWNSUFhSNnlQM05nVVhMS09PbVBUYmNGQnpJcVNCZlZ1Y2U5MVJjZXQyZTlweTlqQ3N3R29YVE8zRzNEMmlIRThJUmJYNGVQZnNpRlJMX1Q5cDNodnNpLVRBVDJtVjA4dw?oc=5"" target=""_blank"">Solar meets 75% of new electricity demand as gas loses ground for fifth year, finds report</a>&nbsp;&nbsp;<font color=""#6f6f6f"">Down To Earth</font>",https://news.google.com/rss/articles/CBMixAFBVV95cUxQVFF0bmcybFlBZHJ5YnBfekdDd1hrUV8ydU5mRERtcXNNeUZ0Nk43NWx0d01KQ1BuSENQOXFyRUZLa0tIM3ZHaXZQU1cySWNKRjhlV3JTSEx0OEZWZVkyTkFweU11d2JwV0dQZWQtc0NNWGVrU1dKX1VHY2JIZ1V4aWVvNFF4WGFNb08tdkZaQnVoSy1vYU5YelA4U0FVbkJRMndYSV9EMUk0M09OejViUDMtc0RRTDdEWDdqWEp2VVRKMk9Q0gHSAUFVX3lxTE9IQ2gwS0tYMXJLWnE2RHhVcW1XakdEblZNNzFpS0ZTUHpsUkI4ZkhxTFhTZ0tKS3dDbTRKQUR3VUhTX3Ixbnc5U0NmWGtXWEd4MXJlQVJYQ0dJbDM2UzRGSEJmS1l5RGdackpQNlp0NjdUOWNSUFhSNnlQM05nVVhMS09PbVBUYmNGQnpJcVNCZlZ1Y2U5MVJjZXQyZTlweTlqQ3N3R29YVE8zRzNEMmlIRThJUmJYNGVQZnNpRlJMX1Q5cDNodnNpLVRBVDJtVjA4dw?oc=5,Google News - Sector,RSS,0.7,"Tue, 09 Jun 2026 07:00:00 GMT",2026-09-01T22:46:07.222472+00:00,-0.6808,BEARISH,1,0.35,-0.16679599999999997
5ccedddaebac9b235a476f8f7dc2a8b573acb8f63da44859a4c173299888df61,"Tamil Nadu power sector reform: ₹15,312 crore investment for grid, renewables, and storage - ET EnergyWorld","<a href=""https://news.google.com/rss/articles/CBMi6AFBVV95cUxQUExfZmFZcEQtNW13bDAtZEJlZ2VQNFBTaTBZQXNidERkUnpYaFg4bnBUQ0NWQ2FlZnJaNnFlMU5ETXBzRWExV1RKZVlVTU9RdTkwX0VoSW9wamZidHFSMER3RWxmY1BSRGVJbkQzRGlrbGd0OC1sYjc1bWJKR0dhbVRodFlpTE0zN25aYTB4eFV0U2taY1hVUDlfWkhnVDhna1lfaGl4dHhGRDNqc1pSUW05Y2JSM3RzZ21TZGR5NzVkVkhkajZ5NVN3TFcyNnlpempLYUllUE5YMnlVV0gyaldjOE91SFBF0gHuAUFVX3lxTE42THZ5dlI3WFBlNTE4VVp4TVgzekpPbWZvZ3NVU21iU2RSM3llTnhVTzdNcW5oUnBtd1diQTJRa2RYSHR3WG1WLVNYekdsQ2NOVGVyME93STF6NV8yM2pPTmlxX2dXUzRWWDRFaGFtd3I5clBmT19RZXRFTEl1dTVqY05NUDRGMVhrRWdaelNVd0NObXpKMF9pd1hNQWlUMG96emhZY3hpTUt0WXFJTnRpQzhRVjlEMmpESlVPRzB6NDk3SVpXdFVIemdYbURxRUNqUHctRGFDLXBuQWdCaHVld2pVWk1jaU9DTTZSTUE?oc=5"" target=""_blank"">Tamil Nadu power sector reform: ₹15,312 crore investment for grid, renewables, and storage</a>&nbsp;&nbsp;<font color=""#6f6f6f"">ET EnergyWorld</font>",https://news.google.com/rss/articles/CBMi6AFBVV95cUxQUExfZmFZcEQtNW13bDAtZEJlZ2VQNFBTaTBZQXNidERkUnpYaFg4bnBUQ0NWQ2FlZnJaNnFlMU5ETXBzRWExV1RKZVlVTU9RdTkwX0VoSW9wamZidHFSMER3RWxmY1BSRGVJbkQzRGlrbGd0OC1sYjc1bWJKR0dhbVRodFlpTE0zN25aYTB4eFV0U2taY1hVUDlfWkhnVDhna1lfaGl4dHhGRDNqc1pSUW05Y2JSM3RzZ21TZGR5NzVkVkhkajZ5NVN3TFcyNnlpempLYUllUE5YMnlVV0gyaldjOE91SFBF0gHuAUFVX3lxTE42THZ5dlI3WFBlNTE4VVp4TVgzekpPbWZvZ3NVU21iU2RSM3llTnhVTzdNcW5oUnBtd1diQTJRa2RYSHR3WG1WLVNYekdsQ2NOVGVyME93STF6NV8yM2pPTmlxX2dXUzRWWDRFaGFtd3I5clBmT19RZXRFTEl1dTVqY05NUDRGMVhrRWdaelNVd0NObXpKMF9pd1hNQWlUMG96emhZY3hpTUt0WXFJTnRpQzhRVjlEMmpESlVPRzB6NDk3SVpXdFVIemdYbURxRUNqUHctRGFDLXBuQWdCaHVld2pVWk1jaU9DTTZSTUE?oc=5,Google News - Sector,RSS,0.7,"Mon, 13 Jul 2026 07:00:00 GMT",2026-09-01T22:46:07.222480+00:00,0.05,NEUTRAL,1,0.35,0.012249999999999999
38e24a06052f4f48d2707e6c22a5712533eee7cdeb5ca8887a7afc787cd63204,"India’s Renewable Energy Generation Surges 24.7% In June 2026, Solar And Wind Lead Growth - SolarQuarter","<a href=""https://news.google.com/rss/articles/CBMiwAFBVV95cUxNVjJqMkNJaWRTM1hFcE1BSE85UEhQLUlaSUVLUnA2aDZ6TEdjOU1IMlFsLTdTUXhuUjNhTEE4cGZHa3RpMmJmSlBkcFRvS00ycm9fM2hRUnhWX2FwYi1mb0hqQW5pRGo5MTU4cXY4N0pjZExfMXFoaGJDb3BUQTloMzhvR1BIUUZiOGhzYXlodjR3c1o3N3hrVjBrcmdTNlhEcklLcnlKb3l6M2pYM20wUTBrUUVVNEJXSTBqVGtnNkI?oc=5"" target=""_blank"">India’s Renewable Energy Generation Surges 24.7% In June 2026, Solar And Wind Lead Growth</a>&nbsp;&nbsp;<font color=""#6f6f6f"">SolarQuarter</font>",https://news.google.com/rss/articles/CBMiwAFBVV95cUxNVjJqMkNJaWRTM1hFcE1BSE85UEhQLUlaSUVLUnA2aDZ6TEdjOU1IMlFsLTdTUXhuUjNhTEE4cGZHa3RpMmJmSlBkcFRvS00ycm9fM2hRUnhWX2FwYi1mb0hqQW5pRGo5MTU4cXY4N0pjZExfMXFoaGJDb3BUQTloMzhvR1BIUUZiOGhzYXlodjR3c1o3N3hrVjBrcmdTNlhEcklLcnlKb3l6M2pYM20wUTBrUUVVNEJXSTBqVGtnNkI?oc=5,Google News - Sector,RSS,0.7,"Mon, 27 Jul 2026 07:00:00 GMT",2026-09-01T22:46:07.222488+00:00,0.8003,BULLISH,1,0.35,0.19607349999999998
d08122c0f155b5bc929a108c826d3f674381316f26b7e2d986c9868d93795d81,AI adoption in India’s power generation sector to rise 65 per cent by 2030: ENCIS survey - Down To Earth,"<a href=""https://news.google.com/rss/articles/CBMiwgFBVV95cUxPUjFCUUF0VFlXa3VsQVpwWTE0ako3S1FiSU0zcVRXYXdSSEZiSGgtcDc4bVgwemRzei1obTNzXzFSSmZhWWNxQjd5cTBySkJsc2ptRUNUTHdoY2w0YmhtRnFpbU40THR6WFF0WTZpMGxmMk4yTXczSVo0dWNGTnlBOWJEek9sZG9kTkdlcWlpQWtTaWVscnlLSUJDeXJXb196amtJZGZLLVZ5MU1jOElQY0lyMDh1MFRWYVU5c0g1NUctd9IBzwFBVV95cUxOV2YtTVdiNVZ2SUs1bWh5UW9UTERHcTUxTDU2SWpyeXFoMjNBWnUzRldCakdUWjdjOXE5ZUlEWnJBSHF0cEJnQk9aeUdNYi1LV3lib0g1NHB2YzJDdGlmMHZwUTdCcUZYMktLeTBERzZnSURXekt4RlczLThmdWEtSnBobnhRSExYR3F6em93em0zOXk4RmVRbnp0R2JpYTM3QkhvNC1wNU82S0pxVUtwc18yMUhoSGxJN2w5Tzd2VWd3RERkRHZTNU5mM2NHWmc?oc=5"" target=""_blank"">AI adoption in India’s power generation sector to rise 65 per cent by 2030: ENCIS survey</a>&nbsp;&nbsp;<font color=""#6f6f6f"">Down To Earth</font>",https://news.google.com/rss/articles/CBMiwgFBVV95cUxPUjFCUUF0VFlXa3VsQVpwWTE0ako3S1FiSU0zcVRXYXdSSEZiSGgtcDc4bVgwemRzei1obTNzXzFSSmZhWWNxQjd5cTBySkJsc2ptRUNUTHdoY2w0YmhtRnFpbU40THR6WFF0WTZpMGxmMk4yTXczSVo0dWNGTnlBOWJEek9sZG9kTkdlcWlpQWtTaWVscnlLSUJDeXJXb196amtJZGZLLVZ5MU1jOElQY0lyMDh1MFRWYVU5c0g1NUctd9IBzwFBVV95cUxOV2YtTVdiNVZ2SUs1bWh5UW9UTERHcTUxTDU2SWpyeXFoMjNBWnUzRldCakdUWjdjOXE5ZUlEWnJBSHF0cEJnQk9aeUdNYi1LV3lib0g1NHB2YzJDdGlmMHZwUTdCcUZYMktLeTBERzZnSURXekt4RlczLThmdWEtSnBobnhRSExYR3F6em93em0zOXk4RmVRbnp0R2JpYTM3QkhvNC1wNU82S0pxVUtwc18yMUhoSGxJN2w5Tzd2VWd3RERkRHZTNU5mM2NHWmc?oc=5,Google News - Sector,RSS,0.7,"Fri, 07 Aug 2026 07:00:00 GMT",2026-09-01T22:46:07.222496+00:00,0.0,NEUTRAL,1,0.35,0.0
5f423ac8fdcc01e9c21483835b6a1bbfc0df4f2391904244a2a61a9d08eadb10,"India Adds 30.6 GW Renewable Energy Capacity In H1 2026, Solar Leads Growth: Pralhad Joshi - Sarkaritel.com","<a href=""https://news.google.com/rss/articles/CBMibEFVX3lxTFBHVE1WUTIxalg3TkZFcnhNWWNiYkdBNW9WME5UUEwwNVlGS28wM2tXQlZMUXlSMlB6ODVfX2VyR2JONFlnbFlpb1A2U2o4SXRXSUxxMmp1YkNmTktJRkVFaU5UWDVHOU9ETlROSg?oc=5"" target=""_blank"">India Adds 30.6 GW Renewable Energy Capacity In H1 2026, Solar Leads Growth: Pralhad Joshi</a>&nbsp;&nbsp;<font color=""#6f6f6f"">Sarkaritel.com</font>",https://news.google.com/rss/articles/CBMibEFVX3lxTFBHVE1WUTIxalg3TkZFcnhNWWNiYkdBNW9WME5UUEwwNVlGS28wM2tXQlZMUXlSMlB6ODVfX2VyR2JONFlnbFlpb1A2U2o4SXRXSUxxMmp1YkNmTktJRkVFaU5UWDVHOU9ETlROSg?oc=5,Google News - Sector,RSS,0.7,"Sat, 18 Jul 2026 07:00:00 GMT",2026-09-01T22:46:07.222506+00:00,0.8626,BULLISH,1,0.35,0.211337
43bf86505e7d484d64965b3de9f83c377a2315833abf9d4d347f7a7bd0a0a93d,India's renewable energy capacity additions rose 25% in H1 2026 - Business Standard,"<a href=""https://news.google.com/rss/articles/CBMizwFBVV95cUxQcTlCYkNVSi1tYWR3VW1TWmJ4bURLRy1tWUhZMktaMXd6RktTNExiLUxWd0dlZmR0N2NkS3hibHFuby13SVBVYno4Z2RvQUwxbktjVEktVkNFbTNvYjVMNWN1bzB3N1ZxNzRPSURCTVB5czlnZkNRMjNwOFFhaVA2bW4ySlRVVE92VnVyWkJQNVE2MVdoVTRZTFJrRTRicVV0Z1Zrc3FZZVk5dTc3a1p5djktamRBbWliaTFBLVpXOWFzMXc4WmprYTV2Y3NNR3fSAdQBQVVfeXFMT21ZaTh6dXMycmJVTmNNNmdBUUpuUXJZTFFSRUZlN3hiRXlvXzh4YTg2OXZ0WDhRX0pYQ2wxY3RVV3hHVEhMTnAyZjlHdWJUV1VwTFhoQTdYblFLbzljcXNLWXYzRll6SGVjQUpEUUF4WUo2OXhQVmVqSF84QTRlRGsxVTFZZlpHQ0ZFd0lER1QzZU1jMVVZYzJOQ3lYNVhVU1h6RUpkeElqNnhaUGxfOTFOWmQyemVsS0VtTHNjM0ZVSERhM1NBTmdTSkJEUXF2TDVQVUI?oc=5"" target=""_blank"">India's renewable energy capacity additions rose 25% in H1 2026</a>&nbsp;&nbsp;<font color=""#6f6f6f"">Business Standard</font>",https://news.google.com/rss/articles/CBMizwFBVV95cUxQcTlCYkNVSi1tYWR3VW1TWmJ4bURLRy1tWUhZMktaMXd6RktTNExiLUxWd0dlZmR0N2NkS3hibHFuby13SVBVYno4Z2RvQUwxbktjVEktVkNFbTNvYjVMNWN1bzB3N1ZxNzRPSURCTVB5czlnZkNRMjNwOFFhaVA2bW4ySlRVVE92VnVyWkJQNVE2MVdoVTRZTFJrRTRicVV0Z1Zrc3FZZVk5dTc3a1p5djktamRBbWliaTFBLVpXOWFzMXc4WmprYTV2Y3NNR3fSAdQBQVVfeXFMT21ZaTh6dXMycmJVTmNNNmdBUUpuUXJZTFFSRUZlN3hiRXlvXzh4YTg2OXZ0WDhRX0pYQ2wxY3RVV3hHVEhMTnAyZjlHdWJUV1VwTFhoQTdYblFLbzljcXNLWXYzRll6SGVjQUpEUUF4WUo2OXhQVmVqSF84QTRlRGsxVTFZZlpHQ0ZFd0lER1QzZU1jMVVZYzJOQ3lYNVhVU1h6RUpkeElqNnhaUGxfOTFOWmQyemVsS0VtTHNjM0ZVSERhM1NBTmdTSkJEUXF2TDVQVUI?oc=5,Google News - Sector,RSS,0.7,"Fri, 17 Jul 2026 07:00:00 GMT",2026-09-01T22:46:07.222521+00:00,0.4939,BULLISH,1,0.35,0.12100549999999999
6856a1335bc922c0ba9a13e88a8a93f2e5391f880d14172f34cb8a9436c9231d,India's Renewable Energy Capacity Rises To 288.58 GW; Solar Leads With 162.15 GW - Sarkaritel.com,"<a href=""https://news.google.com/rss/articles/CBMieEFVX3lxTE5JeHhFRkNQM2NndFdlX0FXc1p2OFBLMW5RN3l0TzBEZWR0d0pnY0VxMjFseVVlUnVRSWxxVlNYNmhPcVhhSTJIeU1KN1RZeGdJcnZmNjFUSldad1hWd3FtaTFab1VpMGF6bV9FMjBtcWI5N0VpM0VCUQ?oc=5"" target=""_blank"">India's Renewable Energy Capacity Rises To 288.58 GW; Solar Leads With 162.15 GW</a>&nbsp;&nbsp;<font color=""#6f6f6f"">Sarkaritel.com</font>",https://news.google.com/rss/articles/CBMieEFVX3lxTE5JeHhFRkNQM2NndFdlX0FXc1p2OFBLMW5RN3l0TzBEZWR0d0pnY0VxMjFseVVlUnVRSWxxVlNYNmhPcVhhSTJIeU1KN1RZeGdJcnZmNjFUSldad1hWd3FtaTFab1VpMGF6bV9FMjBtcWI5N0VpM0VCUQ?oc=5,Google News - Sector,RSS,0.7,"Tue, 21 Jul 2026 07:00:00 GMT",2026-09-01T22:46:07.222536+00:00,0.4939,BULLISH,1,0.35,0.12100549999999999
c514290af3f366191dbcf1e978e04b00955b5c442dc7a4a3544a560b84efeabe,India achieved Historic milestone in power sector: Surpasses 500 GW and Renewable Generation Exceeds 50% of demand - pib.gov.in,"<a href=""https://news.google.com/rss/articles/CBMiekFVX3lxTE1zZXg2dzJNdkdKeEVSeV9UanFXRUpDRWx5OGFucWlRZDdXdHVTR3NVc3RnUTNmd3ZpNTd5aXNTdzVudHg3a3NabldZZ1BvZi1VZVNIZ0lDUlF2NmpQUlNyZ0pyWEVrWnJ4YTJBbC12bWw5VE9qc29pTW5R?oc=5"" target=""_blank"">India achieved Historic milestone in power sector: Surpasses 500 GW and Renewable Generation Exceeds 50% of demand</a>&nbsp;&nbsp;<font color=""#6f6f6f"">pib.gov.in</font>",https://news.google.com/rss/articles/CBMiekFVX3lxTE1zZXg2dzJNdkdKeEVSeV9UanFXRUpDRWx5OGFucWlRZDdXdHVTR3NVc3RnUTNmd3ZpNTd5aXNTdzVudHg3a3NabldZZ1BvZi1VZVNIZ0lDUlF2NmpQUlNyZ0pyWEVrWnJ4YTJBbC12bWw5VE9qc29pTW5R?oc=5,Google News - Sector,RSS,0.7,"Wed, 29 Oct 2025 07:00:00 GMT",2026-09-01T22:46:07.222558+00:00,-0.128,NEUTRAL,1,0.35,-0.03136
66808885631368d43a6cf548a7491496655dd746445f158a1321ac8911e04c74,India’s Power Sector - Transitioning From Coal Backbone to Renewable Dominance For Net Zero - Vajiram & Ravi,"<a href=""https://news.google.com/rss/articles/CBMizAFBVV95cUxQSi1rVzEtYi1tY2ZuTEtzVUlsNXhCdkNSOC1ud1B3Mlg4bHZ4VlpsYjZHWTZ5cnVmZTRsa1g5ZVlpRUxCb2x3UnRLNHU4dDN5UnhHWlFSLU9Zd3pYdXFIZFNwaFZVVll2RWtBeEJoVUdXT2FENGM2VWI3bUVmNGhJMFU2RzVIR3FaX0dTa1h3MVEzWHdwclN1NUR2bkJkU3dLeHdSWVROSzI5N0V3UHdBYW5EZVFuV1FRYllNckhCX3ZKUUUyOW5mZHRjdWY?oc=5"" target=""_blank"">India’s Power Sector - Transitioning From Coal Backbone to Renewable Dominance For Net Zero</a>&nbsp;&nbsp;<font color=""#6f6f6f"">Vajiram & Ravi</font>",https://news.google.com/rss/articles/CBMizAFBVV95cUxQSi1rVzEtYi1tY2ZuTEtzVUlsNXhCdkNSOC1ud1B3Mlg4bHZ4VlpsYjZHWTZ5cnVmZTRsa1g5ZVlpRUxCb2x3UnRLNHU4dDN5UnhHWlFSLU9Zd3pYdXFIZFNwaFZVVll2RWtBeEJoVUdXT2FENGM2VWI3bUVmNGhJMFU2RzVIR3FaX0dTa1h3MVEzWHdwclN1NUR2bkJkU3dLeHdSWVROSzI5N0V3UHdBYW5EZVFuV1FRYllNckhCX3ZKUUUyOW5mZHRjdWY?oc=5,Google News - Sector,RSS,0.7,"Sun, 15 Feb 2026 08:00:00 GMT",2026-09-01T22:46:07.222580+00:00,0.3818,BULLISH,1,0.35,0.09354099999999997
55073787860de224bec74db429727516731c4ac86e8408850f41217ef2ca5cbe,India Power Sector Enters Value Chain Reset Led By Transmission - Construction World,"<a href=""https://news.google.com/rss/articles/CBMi5gFBVV95cUxQQ3U4SkE4dDM4TEhfLXplQ2RVNFd2WXJBM251b2JYS2JNSUlhVzlxaU4wNWpBNFBzYUFRVFlhYmhfY1VoOXQ3ZGxkajBiaFhuSjN3QkozUjg2UEN2Tm9xRU1vaElDY0RGM0FvSGZvZ2xjQ0I2cGpINFVxQWVFbFVYLWc1c1NWMTc0YkpvWXU5azItNThob1doZ1NJaWpiWUZFWnkyUVBmdXYzLS0tWVFXYWdSeHdiWjNaTkExZ2xJS29LaGRUSC1nQjU1bHktbG9TRFVWdW13ekRrZlBvRFl6TGJSX3VaZw?oc=5"" target=""_blank"">India Power Sector Enters Value Chain Reset Led By Transmission</a>&nbsp;&nbsp;<font color=""#6f6f6f"">Construction World</font>",https://news.google.com/rss/articles/CBMi5gFBVV95cUxQQ3U4SkE4dDM4TEhfLXplQ2RVNFd2WXJBM251b2JYS2JNSUlhVzlxaU4wNWpBNFBzYUFRVFlhYmhfY1VoOXQ3ZGxkajBiaFhuSjN3QkozUjg2UEN2Tm9xRU1vaElDY0RGM0FvSGZvZ2xjQ0I2cGpINFVxQWVFbFVYLWc1c1NWMTc0YkpvWXU5azItNThob1doZ1NJaWpiWUZFWnkyUVBmdXYzLS0tWVFXYWdSeHdiWjNaTkExZ2xJS29LaGRUSC1nQjU1bHktbG9TRFVWdW13ekRrZlBvRFl6TGJSX3VaZw?oc=5,Google News - Sector,RSS,0.7,"Fri, 10 Jul 2026 07:00:00 GMT",2026-09-01T22:46:07.222715+00:00,0.5859,BULLISH,1,0.35,0.14354549999999996
e0937b06cfd98daf83c350c8021969e998bce88346d3d9586208ab1461eb8d3a,India's power sector soars to new heights in 2025 on strong demand - ET EnergyWorld,"<a href=""https://news.google.com/rss/articles/CBMiygFBVV95cUxNVEtLQVlxaEhhMHRQaTRrWXMtbmNpWTlqZk40MEtXZ0RzeXpBdHU5ajEtUzVSczBtQndyWUc2WHVpblFOenBkcmNSZVNUYU1pb2pKNnZYZC13N0hNbEF4YjFYeHFxMnIxSkI4V3Qzb29LRzJJZFZ1UUh2WGhLdVZHcE92NU02azRKZXhIZ29vOU5KNUVxRVgxRjdRdU1wM3dOaDNBTFNHY3JhRzJybXF5UVZROUtJeXNqNUpuc3hfeUxTNnptbHR4ZkJ30gHPAUFVX3lxTE41T3lHVmY5UktlOFpzcXh2bFRPaHZKRndSVGxEOV9lQmM2UGpBalN0ZlRuZm5ZclZpd2s3ZEJ5a2ZFZ0JLWGJhb1VBeW9QX21YcVlEMlU2MWRmb2NkN1dPNjJyVS1PRDEtVUlRcU1wb2RrRFExWkJwQmJzXzB3YjNSa3pJdzNKR3pEWllwaWFLU2JNYl9saDcxMmNDQkFLX3V3WUdvR1R0RjlRUTZXMjQ1cE9ncDRJOF9GcjcwcjVmd3l3NFNLX3llc1IwZEdUbw?oc=5"" target=""_blank"">India's power sector soars to new heights in 2025 on strong demand</a>&nbsp;&nbsp;<font color=""#6f6f6f"">ET EnergyWorld</font>",https://news.google.com/rss/articles/CBMiygFBVV95cUxNVEtLQVlxaEhhMHRQaTRrWXMtbmNpWTlqZk40MEtXZ0RzeXpBdHU5ajEtUzVSczBtQndyWUc2WHVpblFOenBkcmNSZVNUYU1pb2pKNnZYZC13N0hNbEF4YjFYeHFxMnIxSkI4V3Qzb29LRzJJZFZ1UUh2WGhLdVZHcE92NU02azRKZXhIZ29vOU5KNUVxRVgxRjdRdU1wM3dOaDNBTFNHY3JhRzJybXF5UVZROUtJeXNqNUpuc3hfeUxTNnptbHR4ZkJ30gHPAUFVX3lxTE41T3lHVmY5UktlOFpzcXh2bFRPaHZKRndSVGxEOV9lQmM2UGpBalN0ZlRuZm5ZclZpd2s3ZEJ5a2ZFZ0JLWGJhb1VBeW9QX21YcVlEMlU2MWRmb2NkN1dPNjJyVS1PRDEtVUlRcU1wb2RrRFExWkJwQmJzXzB3YjNSa3pJdzNKR3pEWllwaWFLU2JNYl9saDcxMmNDQkFLX3V3WUdvR1R0RjlRUTZXMjQ1cE9ncDRJOF9GcjcwcjVmd3l3NFNLX3llc1IwZEdUbw?oc=5,Google News - Sector,RSS,0.7,"Sat, 17 Jan 2026 08:00:00 GMT",2026-09-01T22:46:07.222602+00:00,0.7769,BULLISH,1,0.35,0.1903405
da0a4dde71b4777767ddab5940a65880999866b42d35db9b9d1ba6f8df84addf,Energy-transition risks create uneven financial impacts across India’s power sector - nature.com,"<a href=""https://news.google.com/rss/articles/CBMiX0FVX3lxTE1tMkNPcEZfaGxHY2ZoNUloU25LV1dTNGhkNXp1NGtvLXVGdjJCdzU4c2FjcEczZTFmRE1xZmN5TkJwbmJ4MEJXSlZKdjhSeUZYOFo4QjhSOGtNUVhhSTZB?oc=5"" target=""_blank"">Energy-transition risks create uneven financial impacts across India’s power sector</a>&nbsp;&nbsp;<font color=""#6f6f6f"">nature.com</font>",https://news.google.com/rss/articles/CBMiX0FVX3lxTE1tMkNPcEZfaGxHY2ZoNUloU25LV1dTNGhkNXp1NGtvLXVGdjJCdzU4c2FjcEczZTFmRE1xZmN5TkJwbmJ4MEJXSlZKdjhSeUZYOFo4QjhSOGtNUVhhSTZB?oc=5,Google News - Sector,RSS,0.7,"Wed, 13 May 2026 07:00:00 GMT",2026-09-01T22:46:07.222610+00:00,-0.05,NEUTRAL,1,0.35,-0.012249999999999999
fc0b8542aaab49cce78259146f9e7883c79fb78e2a67246c667c78c87d741f0c,India’s Power Sector Milestones 2025 - Drishti IAS,"<a href=""https://news.google.com/rss/articles/CBMinAFBVV95cUxOTVM5amwyZ3JKbjR3Ylo4T2x6bHZVTE9JOFlfbzRkVE4wLTBMVTh6Z2dHRU5QTW4yOHlBTEh3aU84QXQwZlZvZXREb1pXQWZtNEFyNWg1OEItcUVrbDdUcWNHWHJKVmZFdTdnN0NUamJoYTZ6amt2RFdSa3hKaDNVa0xJRWU5SjlkRVktNTdocXBYNzFhYzRLbUFvTkI?oc=5"" target=""_blank"">India’s Power Sector Milestones 2025</a>&nbsp;&nbsp;<font color=""#6f6f6f"">Drishti IAS</font>",https://news.google.com/rss/articles/CBMinAFBVV95cUxOTVM5amwyZ3JKbjR3Ylo4T2x6bHZVTE9JOFlfbzRkVE4wLTBMVTh6Z2dHRU5QTW4yOHlBTEh3aU84QXQwZlZvZXREb1pXQWZtNEFyNWg1OEItcUVrbDdUcWNHWHJKVmZFdTdnN0NUamJoYTZ6amt2RFdSa3hKaDNVa0xJRWU5SjlkRVktNTdocXBYNzFhYzRLbUFvTkI?oc=5,Google News - Sector,RSS,0.7,"Sat, 24 Jan 2026 08:00:00 GMT",2026-09-01T22:46:07.222617+00:00,0.0,NEUTRAL,1,0.35,0.0
702a4a121e9636ad14971d057fadd6993f8766ce549b56d69b345ed3e5948d9f,"India's power generation capacity crosses 530 GW, set to touch 600 GW next year - The Times of India","<a href=""https://news.google.com/rss/articles/CBMi9gFBVV95cUxNaERNQnc0NGEtUDZLNHA3VzBxaTM5T0x0U0lGek9TZVQ0aEdmUnVNN25FNS1fakxnNHJiZFFJWVpjMW8zWU9SVmxNcmt0MGFJeENjTE1USllsN2VSNEg0b0tlQ3dvWlR3OVdVbWp6b2pNMjBNbmFid2tNXzFvcU5Ec1BZdDBUS3V2blNRV0NQTkdnaVVQbXp6RDZRdFRvMS1sZVJCcWUzbVJwUklWVjh5NEE1Z3RaakpVLUlSbU5NMjNpMzNTcS1ESGo5YzNoZHlRZjVoeWVmNUNrRjBwQU1SS0oyNmEzNF96elM1WGxGNTI2d2JZTVHSAfsBQVVfeXFMTjhxVkxwZ180Mm5nNThJZnRPdGdvQ3JOVVVqMHNIUU53ZVJmLUhNNnY2NHZiNnVzWkZDVFdMZnJPM3JXcVBfODF5NHp1aHNZa0lGQTVBTklpd2pHQUFlMm1FQlBpamFhRllic3lJbkM0OFFpalpfSXFoSENiUHZ3TC1iQkZNd1BSVGY2bWpHNGkwTVBuX2dDZGtKV0V0dDdhVWpMVHhnckh6TXZ3SnZCT3p1Q2ZYWkt6cHRmTkl6ZGl0bEpQWmFWR3d1NTNzaTdyV3RaQ1JEV0JTWV9sNURSc0w0RG5DN1NvVDFvM3FEZE9NbjNXSkFoVFNVOVE?oc=5"" target=""_blank"">India's power generation capacity crosses 530 GW, set to touch 600 GW next year</a>&nbsp;&nbsp;<font color=""#6f6f6f"">The Times of India</font>",https://news.google.com/rss/articles/CBMi9gFBVV95cUxNaERNQnc0NGEtUDZLNHA3VzBxaTM5T0x0U0lGek9TZVQ0aEdmUnVNN25FNS1fakxnNHJiZFFJWVpjMW8zWU9SVmxNcmt0MGFJeENjTE1USllsN2VSNEg0b0tlQ3dvWlR3OVdVbWp6b2pNMjBNbmFid2tNXzFvcU5Ec1BZdDBUS3V2blNRV0NQTkdnaVVQbXp6RDZRdFRvMS1sZVJCcWUzbVJwUklWVjh5NEE1Z3RaakpVLUlSbU5NMjNpMzNTcS1ESGo5YzNoZHlRZjVoeWVmNUNrRjBwQU1SS0oyNmEzNF96elM1WGxGNTI2d2JZTVHSAfsBQVVfeXFMTjhxVkxwZ180Mm5nNThJZnRPdGdvQ3JOVVVqMHNIUU53ZVJmLUhNNnY2NHZiNnVzWkZDVFdMZnJPM3JXcVBfODF5NHp1aHNZa0lGQTVBTklpd2pHQUFlMm1FQlBpamFhRllic3lJbkM0OFFpalpfSXFoSENiUHZ3TC1iQkZNd1BSVGY2bWpHNGkwTVBuX2dDZGtKV0V0dDdhVWpMVHhnckh6TXZ3SnZCT3p1Q2ZYWkt6cHRmTkl6ZGl0bEpQWmFWR3d1NTNzaTdyV3RaQ1JEV0JTWV9sNURSc0w0RG5DN1NvVDFvM3FEZE9NbjNXSkFoVFNVOVE?oc=5,Google News - Sector,RSS,0.7,"Wed, 17 Jun 2026 07:00:00 GMT",2026-09-01T22:46:07.222649+00:00,0.0,NEUTRAL,1,0.35,0.0
a2e0c53b96c35c4fcec223c703a0e5c57f6f6a6600d098363bf2bd41bfa6b680,A foundation built for scale: Dismantling carbon dependency in India’s power sector - Bar and Bench,"<a href=""https://news.google.com/rss/articles/CBMiygFBVV95cUxNRlVxdlZ1RWhueWFGVDhHTnc2cW5CR3kxU1VNOV9tbWZOX3hOY0gtcm1CMHp2dHlPa3pBNUpfMVl4QzQ4ckVVUFRVOWd1Nl9PUmJkeUxwY3lHSk9IUXBNU3BRN3dIWTEtaGdEaXRkSEZtTnRhQi1rUkF0UUd0Q21hSXhidGRRRnJhVV9NRzJ1SGpldm14TmRqSloxMlR3VExxNmdiS0t1enpkTTB5ZWhOYU1uWTQwT3V2OURwcXlSb1VobjVhQzh1a0V30gHXAUFVX3lxTE1OQ3FoTmpXXzlQV0ZhVlJ2LUtUbndONUhFeUtZRHA0UmlVQzMtMVRIY1pSVmo1dDRwdnB1MDl6ajk5WUUwdmgwTHlDZmVWVU50VHVXTWxmNjd4SlZSM3A4cGJQTzI2ZnZzcHlucVhaZm1aemR1X3BQMF9ZYzh6ekM5UktQMk5WUEVFdEJZb0w2bHJaNzhtQTdRdFR6SG1fX0xyaFU0RmdUZzBEdjBMSk1xOE9aZzVHbWtmRmdYMXo4SWo1bnZYTThlblNGRWhHN3VqRHZtR25j?oc=5"" target=""_blank"">A foundation built for scale: Dismantling carbon dependency in India’s power sector</a>&nbsp;&nbsp;<font color=""#6f6f6f"">Bar and Bench</font>",https://news.google.com/rss/articles/CBMiygFBVV95cUxNRlVxdlZ1RWhueWFGVDhHTnc2cW5CR3kxU1VNOV9tbWZOX3hOY0gtcm1CMHp2dHlPa3pBNUpfMVl4QzQ4ckVVUFRVOWd1Nl9PUmJkeUxwY3lHSk9IUXBNU3BRN3dIWTEtaGdEaXRkSEZtTnRhQi1rUkF0UUd0Q21hSXhidGRRRnJhVV9NRzJ1SGpldm14TmRqSloxMlR3VExxNmdiS0t1enpkTTB5ZWhOYU1uWTQwT3V2OURwcXlSb1VobjVhQzh1a0V30gHXAUFVX3lxTE1OQ3FoTmpXXzlQV0ZhVlJ2LUtUbndONUhFeUtZRHA0UmlVQzMtMVRIY1pSVmo1dDRwdnB1MDl6ajk5WUUwdmgwTHlDZmVWVU50VHVXTWxmNjd4SlZSM3A4cGJQTzI2ZnZzcHlucVhaZm1aemR1X3BQMF9ZYzh6ekM5UktQMk5WUEVFdEJZb0w2bHJaNzhtQTdRdFR6SG1fX0xyaFU0RmdUZzBEdjBMSk1xOE9aZzVHbWtmRmdYMXo4SWo1bnZYTThlblNGRWhHN3VqRHZtR25j?oc=5,Google News - Sector,RSS,0.7,"Mon, 08 Jun 2026 07:00:00 GMT",2026-09-01T22:46:07.222661+00:00,0.0,NEUTRAL,1,0.35,0.0
aaaac02cbbbf04fa71fe2d152252995bbe2b32b3f3dac1857a56d03ba43b660c,MNRE seeks sweeping powers under Electricity Act to govern India’s renewable energy sector - The Hindu,"<a href=""https://news.google.com/rss/articles/CBMi4gFBVV95cUxPaXU0enFQRFB4TkZ3eW1CSlFqVE9lZ0c4SC1PaDNSbXhfRE5IRGY2a2JEOUdjcEhzekJYU1FtQ29vc2w3Z2NUTWtoUWR3a0dWU0RXdEV6ckFlMGJCdzJla3RJUWk2RU9UYUk1cGlVT21lVHhmSm1INTdXamRKUDM3Nmp6NWJES081cnhXSE5zVkJGa1pIRzRBYlpwUFdQNjB0X0lwUG4yWTFCdlRra0g4MWRGWUx2VlBaMDJ5SGdhbDRNd2g2U3JHRXcwYlFGcHB1Q0ZnaWxlZGxjU28tZHZlN2RB0gHoAUFVX3lxTFAwUXVLWDZDQWNscTdYMzNMSFJOVEdSUklfcGpERm1UdGFRd3BIc2dYSjdxdkd2eFNCM2hsblZETUp6Z3lVcFF6Q21nQkFWMjQwWUdINWdrdHo3QmhTMFE0M1lrVEN0X1U4Vjc0aEhGWTFaWFV2Tl92eUJhLTZtdndBX1ZidkpadEh0TDZneW54T2FRN1dOMFIzRkN2YnM2OTRVY1VsTUFIX2JCdFF1ZGE2em5xLVUtLVd4dTdKVG1wbDRsWUZ5d1FzYlJOZWE1Sm9mUHprWWZaVEsxZWk5OFVQSGpBeEg3Uy0?oc=5"" target=""_blank"">MNRE seeks sweeping powers under Electricity Act to govern India’s renewable energy sector</a>&nbsp;&nbsp;<font color=""#6f6f6f"">The Hindu</font>",https://news.google.com/rss/articles/CBMi4gFBVV95cUxPaXU0enFQRFB4TkZ3eW1CSlFqVE9lZ0c4SC1PaDNSbXhfRE5IRGY2a2JEOUdjcEhzekJYU1FtQ29vc2w3Z2NUTWtoUWR3a0dWU0RXdEV6ckFlMGJCdzJla3RJUWk2RU9UYUk1cGlVT21lVHhmSm1INTdXamRKUDM3Nmp6NWJES081cnhXSE5zVkJGa1pIRzRBYlpwUFdQNjB0X0lwUG4yWTFCdlRra0g4MWRGWUx2VlBaMDJ5SGdhbDRNd2g2U3JHRXcwYlFGcHB1Q0ZnaWxlZGxjU28tZHZlN2RB0gHoAUFVX3lxTFAwUXVLWDZDQWNscTdYMzNMSFJOVEdSUklfcGpERm1UdGFRd3BIc2dYSjdxdkd2eFNCM2hsblZETUp6Z3lVcFF6Q21nQkFWMjQwWUdINWdrdHo3QmhTMFE0M1lrVEN0X1U4Vjc0aEhGWTFaWFV2Tl92eUJhLTZtdndBX1ZidkpadEh0TDZneW54T2FRN1dOMFIzRkN2YnM2OTRVY1VsTUFIX2JCdFF1ZGE2em5xLVUtLVd4dTdKVG1wbDRsWUZ5d1FzYlJOZWE1Sm9mUHprWWZaVEsxZWk5OFVQSGpBeEg3Uy0?oc=5,Google News - Sector,RSS,0.7,"Fri, 20 Mar 2026 07:00:00 GMT",2026-09-01T22:46:07.222677+00:00,0.4939,BULLISH,1,0.35,0.12100549999999999
cd3825398a791863a4c7b3a94a43a7c60a72c7c2e5b1acd99627d777b867f76a,India's Electricity Reforms Need A State-Level Systems Upgrade - ETV Bharat,"<a href=""https://news.google.com/rss/articles/CBMiswFBVV95cUxNYndHMTBGNkpjWkVKczhuanpTY2M0bE4tYVQyTG5wb0pmOVZzZG9Ud2NFbGs5UWQtZ1czMmd4MjVzbHhESm5nYk5nTmswWFNtY0tuOHRnYUVJQzRQRmpGbG1xZEthUEt4bFhGeDlBU3lSTlM5NjZCeThTRF90WVNaTG1wWC1LLTYyaFF6VnE1Qk5xam9NX0daTk9IT3JJaDh2eGpSUVI5Z3FleTVSS1RHRm4wTdIBuAFBVV95cUxOVTJaaGFoSlYybkJCMlpYNnRIUTFPYmhtVjZhUUhxa3drV0FoY1VaeVZCa2FGbEZud1JMR0phS253bmZsUzFSakVzMGhKM216Vl82OHBrZnA3X0J0ZnJubThkNW1aSWExb3JOdm1JVFVrTXdVREVqNVN5N2ktQ3NWcEJjWXJUX3l1dmV2Qk00dk5OX3BUYTdXdmI3a1VrV3NSQ1NtemRKVVprUUVMZ0cyM2JrakR6bUph?oc=5"" target=""_blank"">India's Electricity Reforms Need A State-Level Systems Upgrade</a>&nbsp;&nbsp;<font color=""#6f6f6f"">ETV Bharat</font>",https://news.google.com/rss/articles/CBMiswFBVV95cUxNYndHMTBGNkpjWkVKczhuanpTY2M0bE4tYVQyTG5wb0pmOVZzZG9Ud2NFbGs5UWQtZ1czMmd4MjVzbHhESm5nYk5nTmswWFNtY0tuOHRnYUVJQzRQRmpGbG1xZEthUEt4bFhGeDlBU3lSTlM5NjZCeThTRF90WVNaTG1wWC1LLTYyaFF6VnE1Qk5xam9NX0daTk9IT3JJaDh2eGpSUVI5Z3FleTVSS1RHRm4wTdIBuAFBVV95cUxOVTJaaGFoSlYybkJCMlpYNnRIUTFPYmhtVjZhUUhxa3drV0FoY1VaeVZCa2FGbEZud1JMR0phS253bmZsUzFSakVzMGhKM216Vl82OHBrZnA3X0J0ZnJubThkNW1aSWExb3JOdm1JVFVrTXdVREVqNVN5N2ktQ3NWcEJjWXJUX3l1dmV2Qk00dk5OX3BUYTdXdmI3a1VrV3NSQ1NtemRKVVprUUVMZ0cyM2JrakR6bUph?oc=5,Google News - Sector,RSS,0.7,"Wed, 17 Jun 2026 07:00:00 GMT",2026-09-01T22:46:07.222685+00:00,0.05,NEUTRAL,1,0.35,0.012249999999999999
1596a1f712a6440459de4b7d15bc8f601a59f37dcd3c20a9cdc53d5f00594554,Indian States' Electricity Transition (SET) 2026 - Institute for Energy Economics and Financial Analysis (IEEFA),"<a href=""https://news.google.com/rss/articles/CBMifkFVX3lxTE9YT3FHNEZFSms3UVB0eVhLZzVta3lWa1BKbmFvLWVWdFRwaW40dUxTS1JQS204cFdadGFGYmFiWlNEMmRseFVkY3h4c1ZSN1FNS1FUdUllSGxWVHhvYjkxb2N3dXp3b21NZF9uNVhwVFZuMG5WN1hVRWdrdW9PUQ?oc=5"" target=""_blank"">Indian States' Electricity Transition (SET) 2026</a>&nbsp;&nbsp;<font color=""#6f6f6f"">Institute for Energy Economics and Financial Analysis (IEEFA)</font>",https://news.google.com/rss/articles/CBMifkFVX3lxTE9YT3FHNEZFSms3UVB0eVhLZzVta3lWa1BKbmFvLWVWdFRwaW40dUxTS1JQS204cFdadGFGYmFiWlNEMmRseFVkY3h4c1ZSN1FNS1FUdUllSGxWVHhvYjkxb2N3dXp3b21NZF9uNVhwVFZuMG5WN1hVRWdrdW9PUQ?oc=5,Google News - Sector,RSS,0.7,"Mon, 23 Feb 2026 08:00:00 GMT",2026-09-01T22:46:07.222692+00:00,0.4939,BULLISH,1,0.35,0.12100549999999999
d81640eba67d632f77369c4b74cf753ce4c99c57adf1d24d772e095670619cfd,"For the first time, half of India's electricity came from clean energy—but there's a catch - CNBC TV18","<a href=""https://news.google.com/rss/articles/CBMizAFBVV95cUxQRG5KUTlTNHBFVVAtQmJRYlM4dTE5YmxYZWJWTXozZzNRRDhmTUNrNHY2SnhxdGpOYWJFWmtwcDZja0lnbkxmbnFqS29fMGxaeUQzLUJBUGgxcldPcUthNmFvVnFuX3JTdGNzdl9PT1h0WGctN0dSR2RXQ29fUlRmbkFraElqa1FVeTByR0NpNmVnNUg3bm9aM25uNzNTRzVMWmwzeE9ERDJHYWQ2Wi00QTdvSHBoS0ExT3RkbWRialB6SV9vY20wQ3Y5R0bSAdIBQVVfeXFMUENsMlloTTRxLUF5Szh1ejlaZ2RJZDBIdl9ScE8yTjIzS2F1X1RnRTNjY2xuTGhJNWFES0NubVY4T1JCV1QxUjJTLWFaZ2FPLVRkdnNNbkkyRUIyWDJFZlpaWVVQclZrUDdTd0IwUjhDdEZlemxNX3FaM2lKVkhQLVFHYnFNVkdsdjYwY0ozc1VyQUJ2TGZPS3liVzY2RTJ5UzVrMXNROW5ud09CeDljZlN0dDhYb29VVzFEaHF6TUYzaXpfcWhuRXZTRFhNNmlLaGVn?oc=5"" target=""_blank"">For the first time, half of India's electricity came from clean energy—but there's a catch</a>&nbsp;&nbsp;<font color=""#6f6f6f"">CNBC TV18</font>",https://news.google.com/rss/articles/CBMizAFBVV95cUxQRG5KUTlTNHBFVVAtQmJRYlM4dTE5YmxYZWJWTXozZzNRRDhmTUNrNHY2SnhxdGpOYWJFWmtwcDZja0lnbkxmbnFqS29fMGxaeUQzLUJBUGgxcldPcUthNmFvVnFuX3JTdGNzdl9PT1h0WGctN0dSR2RXQ29fUlRmbkFraElqa1FVeTByR0NpNmVnNUg3bm9aM25uNzNTRzVMWmwzeE9ERDJHYWQ2Wi00QTdvSHBoS0ExT3RkbWRialB6SV9vY20wQ3Y5R0bSAdIBQVVfeXFMUENsMlloTTRxLUF5Szh1ejlaZ2RJZDBIdl9ScE8yTjIzS2F1X1RnRTNjY2xuTGhJNWFES0NubVY4T1JCV1QxUjJTLWFaZ2FPLVRkdnNNbkkyRUIyWDJFZlpaWVVQclZrUDdTd0IwUjhDdEZlemxNX3FaM2lKVkhQLVFHYnFNVkdsdjYwY0ozc1VyQUJ2TGZPS3liVzY2RTJ5UzVrMXNROW5ud09CeDljZlN0dDhYb29VVzFEaHF6TUYzaXpfcWhuRXZTRFhNNmlLaGVn?oc=5,Google News - Sector,RSS,0.7,"Wed, 08 Jul 2026 07:00:00 GMT",2026-09-01T22:46:07.222700+00:00,0.6597,BULLISH,1,0.35,0.16162649999999995
46bf0130de6b0e5b1aa85e63c6b2cbbd38eb74d57bfc81dcc5a9e3124fa829cd,Power sector stocks regain momentum on rising electricity demand and strong investment cycle - The Economic Times,"<a href=""https://news.google.com/rss/articles/CBMi8gFBVV95cUxOWUo0aUhON0E3bXIxdEZZLVhQbFg5M3pCTlI4aTRlVkZPbm1IWC1mWnNnYkxuWmtMaEhQVlZuSUxmZjdJWjJDWmVTV0ZxekFCc0tSR0YzVmZQakhkeUJOdTRjZlhBS21ZLWhfM2hYb1RXVTYzdTI5cVdWUUN1WVZXVmRwWDlpbEtSNXU1Nk5pN2ZUVU9HbldsbXdnWjVZRVNYUUVhM1lsX3BPb1JBdjFLM3FIRmFjS09WU093ME82aW5sZzE1LUhja0tSUmhGSXMzdzJpX0ZSUzFmT015ak9rbDN0ekl3NG1uOHVCUjB6N3hNQdIB9wFBVV95cUxPZjUzZldQek9QQnVtWUFMNzh4UHhNMExUbW9qZHBHaGhKVUlQbWY1Mlp4eFRwd1dhczVkcGRQcGpwWXJRQkZ5NW5JdHZodFUzWXZjRVFGd3Q1SFVDeDZuZTk3ejdkSnpCNXZFbmF6Z09fUGJmNjAxS1pGWUdDX3FkUjQ5ZXA0a190WkhyOWNRakNsWkthQ2xPU2JCU1E3V0hBeXBrXzdvcXZJZDRVRThpY0k4THdzSmtjazhYcE45QWtqRGZ3enJ3RU9RSVdxUnh6Ukl3OEo2dUE3cDN5U0NmS0U4c29IQm9nZEtJOGUzRXFwRHNCWnk0?oc=5"" target=""_blank"">Power sector stocks regain momentum on rising electricity demand and strong investment cycle</a>&nbsp;&nbsp;<font color=""#6f6f6f"">The Economic Times</font>",https://news.google.com/rss/articles/CBMi8gFBVV95cUxOWUo0aUhON0E3bXIxdEZZLVhQbFg5M3pCTlI4aTRlVkZPbm1IWC1mWnNnYkxuWmtMaEhQVlZuSUxmZjdJWjJDWmVTV0ZxekFCc0tSR0YzVmZQakhkeUJOdTRjZlhBS21ZLWhfM2hYb1RXVTYzdTI5cVdWUUN1WVZXVmRwWDlpbEtSNXU1Nk5pN2ZUVU9HbldsbXdnWjVZRVNYUUVhM1lsX3BPb1JBdjFLM3FIRmFjS09WU093ME82aW5sZzE1LUhja0tSUmhGSXMzdzJpX0ZSUzFmT015ak9rbDN0ekl3NG1uOHVCUjB6N3hNQdIB9wFBVV95cUxPZjUzZldQek9QQnVtWUFMNzh4UHhNMExUbW9qZHBHaGhKVUlQbWY1Mlp4eFRwd1dhczVkcGRQcGpwWXJRQkZ5NW5JdHZodFUzWXZjRVFGd3Q1SFVDeDZuZTk3ejdkSnpCNXZFbmF6Z09fUGJmNjAxS1pGWUdDX3FkUjQ5ZXA0a190WkhyOWNRakNsWkthQ2xPU2JCU1E3V0hBeXBrXzdvcXZJZDRVRThpY0k4THdzSmtjazhYcE45QWtqRGZ3enJ3RU9RSVdxUnh6Ukl3OEo2dUE3cDN5U0NmS0U4c29IQm9nZEtJOGUzRXFwRHNCWnk0?oc=5,Google News - Sector,RSS,0.7,"Mon, 22 Jun 2026 07:00:00 GMT",2026-09-01T22:46:07.222588+00:00,0.7807999999999999,BULLISH,1,0.35,0.19129599999999997
a20a75efdc365e90fdd721b6dc76083a7149ba10a67884f804320afa960afad4,Meeting of Consultative Committee for the Ministry of Power Held - pib.gov.in,"<a href=""https://news.google.com/rss/articles/CBMiekFVX3lxTFBhMVBpOXZ2cFEtWTkwMF9menpXZllVSE9LUVMyYkQtakdaZEJRaXNqR1AzdnJCSnAxMVpCbG9hQ25YQnJpbFpVME5oaEMwM2wtaUJjRzdBUzd1NU9RVWpSU0RwWU5BQ1pZbEY0djhHSzc2UDJKWVljLUF3?oc=5"" target=""_blank"">Meeting of Consultative Committee for the Ministry of Power Held</a>&nbsp;&nbsp;<font color=""#6f6f6f"">pib.gov.in</font>",https://news.google.com/rss/articles/CBMiekFVX3lxTFBhMVBpOXZ2cFEtWTkwMF9menpXZllVSE9LUVMyYkQtakdaZEJRaXNqR1AzdnJCSnAxMVpCbG9hQ25YQnJpbFpVME5oaEMwM2wtaUJjRzdBUzd1NU9RVWpSU0RwWU5BQ1pZbEY0djhHSzc2UDJKWVljLUF3?oc=5,Google News - Sector,RSS,0.7,"Tue, 02 Jun 2026 07:00:00 GMT",2026-09-01T22:46:07.222296+00:00,0.0,NEUTRAL,1,0.1,0.0
9606fb6da5f6ad55dbb6ef1f39686f4d1339c9ac6805c57266829294053c3cff,PIB Backgrounder - pib.gov.in,"<a href=""https://news.google.com/rss/articles/CBMiigFBVV95cUxOMDBmNWlZNy1CdS1xTGdZQ3NQRlJKbTNLblBKWmlnRWhYc1BvNVNKOE5aTUJSbmJDUHUyZldhZGEtR2lvdWxycXZlX2g4LVg5emM5WXNvNW1hQlcwenVpdVppX1YzRWkzSWtZSFBLT1JkejlYcnViOHNKNkZCUnlNRXQ3bUN1c3g4eWc?oc=5"" target=""_blank"">PIB Backgrounder</a>&nbsp;&nbsp;<font color=""#6f6f6f"">pib.gov.in</font>",https://news.google.com/rss/articles/CBMiigFBVV95cUxOMDBmNWlZNy1CdS1xTGdZQ3NQRlJKbTNLblBKWmlnRWhYc1BvNVNKOE5aTUJSbmJDUHUyZldhZGEtR2lvdWxycXZlX2g4LVg5emM5WXNvNW1hQlcwenVpdVppX1YzRWkzSWtZSFBLT1JkejlYcnViOHNKNkZCUnlNRXQ3bUN1c3g4eWc?oc=5,Google News - Sector,RSS,0.7,"Wed, 18 Mar 2026 07:00:00 GMT",2026-09-01T22:46:07.222334+00:00,0.0,NEUTRAL,1,0.1,0.0
f9640744df7a2283455961e4561f32562d81daf6eecc2fdc2d4868862cd43ed2,Renewables Deliver Record One-Fifth of India’s Power in July - Chemical Industry Digest,"<a href=""https://news.google.com/rss/articles/CBMijgFBVV95cUxNb256emVYMGx3VWlLVjZqOFhRcnEyX2NiYlU2eGd0SW84TlA4MFlVSHJkZnEzVS01UnNwRkhyM004QzB6ODFUQjB6OGllbVMyOGkxWDVVQmlMOVNReERZT2JLQnNEbEZ1ZXFDTEdnOU5lckJvS2tGcjd2NEhNVXM3TWIyclFySXNncnRCb0dR?oc=5"" target=""_blank"">Renewables Deliver Record One-Fifth of India’s Power in July</a>&nbsp;&nbsp;<font color=""#6f6f6f"">Chemical Industry Digest</font>",https://news.google.com/rss/articles/CBMijgFBVV95cUxNb256emVYMGx3VWlLVjZqOFhRcnEyX2NiYlU2eGd0SW84TlA4MFlVSHJkZnEzVS01UnNwRkhyM004QzB6ODFUQjB6OGllbVMyOGkxWDVVQmlMOVNReERZT2JLQnNEbEZ1ZXFDTEdnOU5lckJvS2tGcjd2NEhNVXM3TWIyclFySXNncnRCb0dR?oc=5,Google News - Sector,RSS,0.7,"Mon, 31 Aug 2026 07:09:23 GMT",2026-09-01T22:46:07.222223+00:00,0.0,NEUTRAL,1,0.1,0.0
baebd2bf4440e3ad38cc868ccd08bfcaebeb86f1e3705a3b67842b6b887ec8be,Evening peak power demand exposes gaps in India’s energy transition: Citi - ET EnergyWorld,"<a href=""https://news.google.com/rss/articles/CBMixwFBVV95cUxPNldjLUxkcE1CQjROTm8tZHdVTG1OTUN4anJaOHRqUFYtSmVOMklOeW1MX1BoN0c3dkppd3NVSEl1NTRYWm42LWFBNkxoZkRnUHgwLTc3RUtmZHNDSWU4MklmU3NncGxaaUZQNlR5Y3FNc1l3VG9uNWh4WGtLLWxsbEo3M0lrUHJpMEZEbGR1dnFIRzRhU21nLUt6THRSS2tSQXJvZWFvY2FXdFpPSjRDa3Z5SHVFcmJNQ1lnMy1wMjlVNUFZcUpr0gHMAUFVX3lxTFBNRTRPX21NcjJmTl9GUjl2d3JtUXAzaTVkRktNUlluSGFOWi1Xa2FXMlNKQWhvY2lHTU85Wmt4d2xwbV9IbWdvblRvNkluZGNaWF9WQkRkZlRYZ012SFNUYUMyOTM3NlBtLVVYQ0ZOck1JSzB0cUh0VVZ0VVpQMjhqd0RzOHlZTzBVM0R6dU5LMU9xbm1RMkRUZ09rX3E5UkFPOWF3bkJZRkJjbmFGaURrRGZJd1dMMkhISTJ5NUZNMkhnSVNoUXJLOG9VQQ?oc=5"" target=""_blank"">Evening peak power demand exposes gaps in India’s energy transition: Citi</a>&nbsp;&nbsp;<font color=""#6f6f6f"">ET EnergyWorld</font>",https://news.google.com/rss/articles/CBMixwFBVV95cUxPNldjLUxkcE1CQjROTm8tZHdVTG1OTUN4anJaOHRqUFYtSmVOMklOeW1MX1BoN0c3dkppd3NVSEl1NTRYWm42LWFBNkxoZkRnUHgwLTc3RUtmZHNDSWU4MklmU3NncGxaaUZQNlR5Y3FNc1l3VG9uNWh4WGtLLWxsbEo3M0lrUHJpMEZEbGR1dnFIRzRhU21nLUt6THRSS2tSQXJvZWFvY2FXdFpPSjRDa3Z5SHVFcmJNQ1lnMy1wMjlVNUFZcUpr0gHMAUFVX3lxTFBNRTRPX21NcjJmTl9GUjl2d3JtUXAzaTVkRktNUlluSGFOWi1Xa2FXMlNKQWhvY2lHTU85Wmt4d2xwbV9IbWdvblRvNkluZGNaWF9WQkRkZlRYZ012SFNUYUMyOTM3NlBtLVVYQ0ZOck1JSzB0cUh0VVZ0VVpQMjhqd0RzOHlZTzBVM0R6dU5LMU9xbm1RMkRUZ09rX3E5UkFPOWF3bkJZRkJjbmFGaURrRGZJd1dMMkhISTJ5NUZNMkhnSVNoUXJLOG9VQQ?oc=5,Google News - Sector,RSS,0.7,"Sun, 10 May 2026 07:00:00 GMT",2026-09-01T22:46:07.222363+00:00,0.0516,NEUTRAL,1,0.1,0.003612
eb7a7c89f1f1213e8c7549a45900afd037b206d14dfc1bb3d9fd7beeed620e0f,"India’s power and renewables market: Demand stalls, capacity rises - S&P Global","<a href=""https://news.google.com/rss/articles/CBMi2gFBVV95cUxOUGFJdTZLSm8zY08xcURmb1VZQjdJR01PbXlOXzNDdEhxZElubTVfandzM2hsVmU5V3pab280Y21qM3JwVHZTaVZaMjZ0cFh6RDJtb1FGeXk1Z1NSZk9yN1R3bmVyN3Z0WllzSVlQd3QxR2RWOUZxWWZJNWVVUEV4SzNHU3ZZdWRXcVdhYXpDSkhmc3B0d3NKelFsajVhYkt3ekl6QWxlRUxRNnNHbGRyWG0xd0tlU3lRWWFRb0tlOGNIc0lrWDNuN2JDM2FRUzZtamJzcUx0OEdhZw?oc=5"" target=""_blank"">India’s power and renewables market: Demand stalls, capacity rises</a>&nbsp;&nbsp;<font color=""#6f6f6f"">S&amp;P Global</font>",https://news.google.com/rss/articles/CBMi2gFBVV95cUxOUGFJdTZLSm8zY08xcURmb1VZQjdJR01PbXlOXzNDdEhxZElubTVfandzM2hsVmU5V3pab280Y21qM3JwVHZTaVZaMjZ0cFh6RDJtb1FGeXk1Z1NSZk9yN1R3bmVyN3Z0WllzSVlQd3QxR2RWOUZxWWZJNWVVUEV4SzNHU3ZZdWRXcVdhYXpDSkhmc3B0d3NKelFsajVhYkt3ekl6QWxlRUxRNnNHbGRyWG0xd0tlU3lRWWFRb0tlOGNIc0lrWDNuN2JDM2FRUzZtamJzcUx0OEdhZw?oc=5,Google News - Sector,RSS,0.7,"Thu, 30 Apr 2026 07:00:00 GMT",2026-09-01T22:46:07.222371+00:00,-0.25,BEARISH,1,0.1,-0.017499999999999998
5242d936701ecd32b45c22e6b1f741a1dc97d605a6496dbb64c3152a33a7c8fe,The Evolving Spectrum of Energy Sources - pib.gov.in,"<a href=""https://news.google.com/rss/articles/CBMiekFVX3lxTFAzLTJPSXF1U0RhWWFvZjJJNm0tOWhFRkt0TkdYZG5WaWltWVJfeHdKRFphbk5yNW5nMTh1U2VCZy0yN2pNYnVvM2czN0ZpWkdQbXhuZFhEeVpWUGltV2NjSExKY3JGWkczRWk2amlDRHRZQjIydGxfWkJn?oc=5"" target=""_blank"">The Evolving Spectrum of Energy Sources</a>&nbsp;&nbsp;<font color=""#6f6f6f"">pib.gov.in</font>",https://news.google.com/rss/articles/CBMiekFVX3lxTFAzLTJPSXF1U0RhWWFvZjJJNm0tOWhFRkt0TkdYZG5WaWltWVJfeHdKRFphbk5yNW5nMTh1U2VCZy0yN2pNYnVvM2czN0ZpWkdQbXhuZFhEeVpWUGltV2NjSExKY3JGWkczRWk2amlDRHRZQjIydGxfWkJn?oc=5,Google News - Sector,RSS,0.7,"Sat, 28 Feb 2026 08:00:00 GMT",2026-09-01T22:46:07.222386+00:00,0.4939,BULLISH,1,0.1,0.034573
e9f4033e1d70925dabdd423ec246f96f855713440ab61cbeb2a3ef1929213349,"India’s renewable power hits record in 2025, cuts fossil fuel generation: Ember - ET EnergyWorld","<a href=""https://news.google.com/rss/articles/CBMi3gFBVV95cUxPZk1EQW9rVUlqN1E4cU5JVllHNEN5cFdWWG1qLWVKM3FpbHd3ZTZmcVNNZFJlM3VqNnBZRDRLNVVMTXVTOFpKZ1psVXdWZ2EzUlFndEdFX2YyMU5BVGFhc1pWQlRKRzlwVGdtZk1MbGkzTkU2eGxuZjNDNS1OQlNIS3ZnZkJwczZEWG1wdnFZOENIdlh2dFdFQ2w0UzRGOG9qcEtPSUhrVjdyUTRVcE5ZTmFQU3RmWFJ4dEpTMC1fLUxOU0NIMnltWG9UTjdTZlRIYmlkOVJoa3hDT2l5LXfSAeMBQVVfeXFMUHg3S2l5enVnR2phOHhGeFJCaF82U2hXaldJUU1OM1ZsTU1CaDVnZktLdWE1OTd6NkxVbjQ0MS1ibDljV1V2OTNtejdaR1N0bmh5UUFJblNnTGdRdWdCblR5NTlwVlo2WGlXVEVfbUJ3b3JOa19JX1VZVTE4cE9YUUpWYUs0aUFjVTlwV3RDcl9vS0ZHWGJaMjhhX3RJaVNYOVBJM2NNWGdaVWxvZkp1Z0NIQVl2dXN3OGhuXy1wbTdEdjlUcEU3UkFaUVdQb3BBdjRTWGpDRHdBbGgwSnUxa21jb2s?oc=5"" target=""_blank"">India’s renewable power hits record in 2025, cuts fossil fuel generation: Ember</a>&nbsp;&nbsp;<font color=""#6f6f6f"">ET EnergyWorld</font>",https://news.google.com/rss/articles/CBMi3gFBVV95cUxPZk1EQW9rVUlqN1E4cU5JVllHNEN5cFdWWG1qLWVKM3FpbHd3ZTZmcVNNZFJlM3VqNnBZRDRLNVVMTXVTOFpKZ1psVXdWZ2EzUlFndEdFX2YyMU5BVGFhc1pWQlRKRzlwVGdtZk1MbGkzTkU2eGxuZjNDNS1OQlNIS3ZnZkJwczZEWG1wdnFZOENIdlh2dFdFQ2w0UzRGOG9qcEtPSUhrVjdyUTRVcE5ZTmFQU3RmWFJ4dEpTMC1fLUxOU0NIMnltWG9UTjdTZlRIYmlkOVJoa3hDT2l5LXfSAeMBQVVfeXFMUHg3S2l5enVnR2phOHhGeFJCaF82U2hXaldJUU1OM1ZsTU1CaDVnZktLdWE1OTd6NkxVbjQ0MS1ibDljV1V2OTNtejdaR1N0bmh5UUFJblNnTGdRdWdCblR5NTlwVlo2WGlXVEVfbUJ3b3JOa19JX1VZVTE4cE9YUUpWYUs0aUFjVTlwV3RDcl9vS0ZHWGJaMjhhX3RJaVNYOVBJM2NNWGdaVWxvZkp1Z0NIQVl2dXN3OGhuXy1wbTdEdjlUcEU3UkFaUVdQb3BBdjRTWGpDRHdBbGgwSnUxa21jb2s?oc=5,Google News - Sector,RSS,0.7,"Tue, 21 Apr 2026 07:00:00 GMT",2026-09-01T22:46:07.222394+00:00,-0.5267,BEARISH,1,0.1,-0.036869
d7991474fe8fd35e4f4244271ae8063be8d4ee11e82f1dfd168fa9e06032649d,"India’s power capacity set to cross 2,000 GW by 2047 - Manufacturing Today India","<a href=""https://news.google.com/rss/articles/CBMif0FVX3lxTE45d09nXzVfZkt6ekM3QnJhTHBSOU9LU0ZfajRYckhVUk14WjMxMWpPMW03RXZoYlFHdXJ4RC1UV0dhUmtEY2lZWlk3Y3Ixcy1EeVk1NmdVbWxqTmlqazJweVpXOWMtT0lFVXNCTm5JUUl1MWk3LTFKeVNFOHMwdnM?oc=5"" target=""_blank"">India’s power capacity set to cross 2,000 GW by 2047</a>&nbsp;&nbsp;<font color=""#6f6f6f"">Manufacturing Today India</font>",https://news.google.com/rss/articles/CBMif0FVX3lxTE45d09nXzVfZkt6ekM3QnJhTHBSOU9LU0ZfajRYckhVUk14WjMxMWpPMW03RXZoYlFHdXJ4RC1UV0dhUmtEY2lZWlk3Y3Ixcy1EeVk1NmdVbWxqTmlqazJweVpXOWMtT0lFVXNCTm5JUUl1MWk3LTFKeVNFOHMwdnM?oc=5,Google News - Sector,RSS,0.7,"Tue, 01 Sep 2026 10:42:00 GMT",2026-09-01T22:46:07.222188+00:00,0.0,NEUTRAL,1,0.1,0.0
4b595ac72c43798357ad13393fdea29c6fcd282763ecea7b87362b318373dc10,El Niño may reshape India’s power planning as cooling demand overtakes renewable shortages - Down To Earth,"<a href=""https://news.google.com/rss/articles/CBMizAFBVV95cUxQOUtVXzRfYXZDVFdqRzBiMUFGT1hQQzktTlNDM085ZXJ3UGM0alVtRkhhZjJRUGFiTUFhR3ItSEVSVVpPcDdoQ181SUVSc2N4VmhTNndoZDZ5T2l1OGZWTkxsQnZkWi1ZNHI2cTNNSVY3QlNPWHhYclFtMVNYNmtXbDdJNENKd2RldW1KUHRsN0l6NnNsdkFIcFFqY0hVT3ZVdGhrMVJYWWJVWUFEWktWVklwX080N3VvNlJWUGVSWHBrXzhPUDIzUUJiUFnSAdoBQVVfeXFMTmJiZFJCQWJfcUMzS2lZSFRBcDQ4MlFxUDRENUptb3ctM0stY1J5Y2NOWmgxTmJZa0M5VjRtd2YtSXFhd3VNOG1fakExa3hpSmZ6bEptMjNHV1MtOHRhUTJrMU56aVdEM3NvcHMxUHhBVEQ4N3ZPRDRoUGtBN21acDFyZXl4LUFMVGZHbmlQaXdwNFMwbTFncmtpTHZLRmJha1ZGODBMTWRKcEtzam12bGJIT2d1ZHRZM3JSNjQ4bDloRzFHM0V2SDF0eFlFbHI5VmFUWXJOeC1Yb3c?oc=5"" target=""_blank"">El Niño may reshape India’s power planning as cooling demand overtakes renewable shortages</a>&nbsp;&nbsp;<font color=""#6f6f6f"">Down To Earth</font>",https://news.google.com/rss/articles/CBMizAFBVV95cUxQOUtVXzRfYXZDVFdqRzBiMUFGT1hQQzktTlNDM085ZXJ3UGM0alVtRkhhZjJRUGFiTUFhR3ItSEVSVVpPcDdoQ181SUVSc2N4VmhTNndoZDZ5T2l1OGZWTkxsQnZkWi1ZNHI2cTNNSVY3QlNPWHhYclFtMVNYNmtXbDdJNENKd2RldW1KUHRsN0l6NnNsdkFIcFFqY0hVT3ZVdGhrMVJYWWJVWUFEWktWVklwX080N3VvNlJWUGVSWHBrXzhPUDIzUUJiUFnSAdoBQVVfeXFMTmJiZFJCQWJfcUMzS2lZSFRBcDQ4MlFxUDRENUptb3ctM0stY1J5Y2NOWmgxTmJZa0M5VjRtd2YtSXFhd3VNOG1fakExa3hpSmZ6bEptMjNHV1MtOHRhUTJrMU56aVdEM3NvcHMxUHhBVEQ4N3ZPRDRoUGtBN21acDFyZXl4LUFMVGZHbmlQaXdwNFMwbTFncmtpTHZLRmJha1ZGODBMTWRKcEtzam12bGJIT2d1ZHRZM3JSNjQ4bDloRzFHM0V2SDF0eFlFbHI5VmFUWXJOeC1Yb3c?oc=5,Google News - Sector,RSS,0.7,"Mon, 06 Jul 2026 07:00:00 GMT",2026-09-01T22:46:07.222402+00:00,-0.3818,BEARISH,1,0.1,-0.026725999999999996
4162b9ca66b0b335ebeb324ff6c420b98237233fc90aa07d72ed3c29744f28be,Is India’s power system ready for the next phase of demand? - Tata Power,"<a href=""https://news.google.com/rss/articles/CBMikgFBVV95cUxQdkFUMzltVTlxM0lZME03UkwxTENvZVpKalV0S0ktdFdJQjRDWWVSNzNHQjhOYjlOa3FxM01jc1NCdnlCaS13VVhfTTJReWVtY3lQNjg0TTl2WTE4eGpnNlF6b2JCelR1RW5VMDZmZ0lLUGs4eEs3QjhrQlh5OHZNRENHcGhSdTFBTFlCTXhIMlg2dw?oc=5"" target=""_blank"">Is India’s power system ready for the next phase of demand?</a>&nbsp;&nbsp;<font color=""#6f6f6f"">Tata Power</font>",https://news.google.com/rss/articles/CBMikgFBVV95cUxQdkFUMzltVTlxM0lZME03UkwxTENvZVpKalV0S0ktdFdJQjRDWWVSNzNHQjhOYjlOa3FxM01jc1NCdnlCaS13VVhfTTJReWVtY3lQNjg0TTl2WTE4eGpnNlF6b2JCelR1RW5VMDZmZ0lLUGs4eEs3QjhrQlh5OHZNRENHcGhSdTFBTFlCTXhIMlg2dw?oc=5,Google News - Sector,RSS,0.7,"Wed, 29 Apr 2026 07:00:00 GMT",2026-09-01T22:46:07.222432+00:00,0.6174,BULLISH,1,0.1,0.043218
d8184ea40f0c1e50f456acaaf08edbe861c6b8d415d326d071e214a31f668a9f,"India’s power capacity to double to 1,121 GW by 2035-36 as solar leads energy transition: CEA’s 20th Electric Power Survey Midterm Review - Down To Earth","<a href=""https://news.google.com/rss/articles/CBMigAJBVV95cUxPRDA3M2s3YU1UVzdNZUNJdFMzLUYyeTdfeFh1VDJ2Sm1OVGtKbmY5TXhMWUZjNlluZ3FCOEFTV0U3R0VpYmRlcjVicV9sWVhwSDA2bXFsc0RuR0RUQnB5RDZuVDU3ZkhkbE1GX3RVeEdXdFFVWGdPMFNaUnI1OEZ6WmVaSFFSWUVVTW1tYy1oSl9zMzg4SnZ1aG1hNmhGUFc4MURubWM4VzdKZTNNVU9CWUYyaXVyeEkxUXhMMVNUUWVRRjRnTGlqT295TjZCYnozYzlyQWhia0tzbnUtbjcyY0N3X205T2tBd1BkZmhnUDkxMjVidy1hakNyM2dWRFAy0gGOAkFVX3lxTE1MZVRFSmZFUDAwQzJLcUpYMko2bS1lc1NSOXpEZ2RtbTZkOEt0bGNlQzRKZ0FQRTBpT25FQ2E2R3ctd3RIWFVwUDBGNWpEU2s3LWxwbXVxYXhfMGhBSzFoQjN1enJ2b3lFTklveFg1Wnd1SWdmclZXX2JoSzJTSTZEUl9YTUNkSFZsQ0hreWxrbEpZMkRBSW0yT0tVQTV2eEQtS1hYQ2VrQmlzZzZ4TG01dkw1TnNySllPTU9TTzNpQ3psUUw3elZCdDJxM0w2Ry05SHBOY25uRS03Z09yaWJoZjlUWG1VVVFpNzNxc2pxWWZHQXZWbmRndkl5MFRWRXM4cElmNGRhRUR0cUVwdw?oc=5"" target=""_blank"">India’s power capacity to double to 1,121 GW by 2035-36 as solar leads energy transition: CEA’s 20th Electric Power Survey Midterm Review</a>&nbsp;&nbsp;<font color=""#6f6f6f"">Down To Earth</font>",https://news.google.com/rss/articles/CBMigAJBVV95cUxPRDA3M2s3YU1UVzdNZUNJdFMzLUYyeTdfeFh1VDJ2Sm1OVGtKbmY5TXhMWUZjNlluZ3FCOEFTV0U3R0VpYmRlcjVicV9sWVhwSDA2bXFsc0RuR0RUQnB5RDZuVDU3ZkhkbE1GX3RVeEdXdFFVWGdPMFNaUnI1OEZ6WmVaSFFSWUVVTW1tYy1oSl9zMzg4SnZ1aG1hNmhGUFc4MURubWM4VzdKZTNNVU9CWUYyaXVyeEkxUXhMMVNUUWVRRjRnTGlqT295TjZCYnozYzlyQWhia0tzbnUtbjcyY0N3X205T2tBd1BkZmhnUDkxMjVidy1hakNyM2dWRFAy0gGOAkFVX3lxTE1MZVRFSmZFUDAwQzJLcUpYMko2bS1lc1NSOXpEZ2RtbTZkOEt0bGNlQzRKZ0FQRTBpT25FQ2E2R3ctd3RIWFVwUDBGNWpEU2s3LWxwbXVxYXhfMGhBSzFoQjN1enJ2b3lFTklveFg1Wnd1SWdmclZXX2JoSzJTSTZEUl9YTUNkSFZsQ0hreWxrbEpZMkRBSW0yT0tVQTV2eEQtS1hYQ2VrQmlzZzZ4TG01dkw1TnNySllPTU9TTzNpQ3psUUw3elZCdDJxM0w2Ry05SHBOY25uRS03Z09yaWJoZjlUWG1VVVFpNzNxc2pxWWZHQXZWbmRndkl5MFRWRXM4cElmNGRhRUR0cUVwdw?oc=5,Google News - Sector,RSS,0.7,"Thu, 19 Mar 2026 07:00:00 GMT",2026-09-01T22:46:07.222441+00:00,0.4939,BULLISH,1,0.1,0.034573
dfa594bf38135dbca8e7c3a637ec37b8e6344f7c12c3c0ce3b03daae4dfeef40,Reliance Infrastructure Issues Official Media Statement on Former Executives - scanx.trade,"<a href=""https://news.google.com/rss/articles/CBMiyAFBVV95cUxOd21odzY4dVF3MDl4NmpWTzRnM3JFWkxwSld0OTIxUl9sdlpkcVRqaWNPSVlqS1picHloM0Y1RW1qSGg4NWJzTGJMeXAtQ01SSDhxZ0dqY2FQNDl2ZUpNRHdZdTBJRXRzTy1pRm1ya2p2TUxzYU5tVjNLdkgwbU9VdlZGT1JJSkZCWi1RSm1oNnBkd3hEM0lWbXJTMXUxNlZpWnMyQXdFT2VMaThCeHJyMEJzYzUwb01hYXhwTFhKaVREMTNCLTZhNQ?oc=5"" target=""_blank"">Reliance Infrastructure Issues Official Media Statement on Former Executives</a>&nbsp;&nbsp;<font color=""#6f6f6f"">scanx.trade</font>",https://news.google.com/rss/articles/CBMiyAFBVV95cUxOd21odzY4dVF3MDl4NmpWTzRnM3JFWkxwSld0OTIxUl9sdlpkcVRqaWNPSVlqS1picHloM0Y1RW1qSGg4NWJzTGJMeXAtQ01SSDhxZ0dqY2FQNDl2ZUpNRHdZdTBJRXRzTy1pRm1ya2p2TUxzYU5tVjNLdkgwbU9VdlZGT1JJSkZCWi1RSm1oNnBkd3hEM0lWbXJTMXUxNlZpWnMyQXdFT2VMaThCeHJyMEJzYzUwb01hYXhwTFhKaVREMTNCLTZhNQ?oc=5,Google News - Risk,RSS,0.7,"Thu, 16 Apr 2026 07:00:00 GMT",2026-09-01T22:46:06.731278+00:00,0.0,NEUTRAL,1,0.1,0.0
c2ce30ea2da278769d8d20c9924d0a86f213e79fbda0f71fa306819e929350b4,"ED attaches fresh properties worth Rs 1,021 crore in Reliance Anil Ambani group case - aninews.in","<a href=""https://news.google.com/rss/articles/CBMi4AFBVV95cUxQU0JCWlRicndKd2RFUUVuWXU4TXVua1BMNkpnOTdPbjRDMVFSSkFBZkI4MklkbThnWjNVemhVYlVnTkZtS2M5cXl3SXdOM1c0TWlYNjl2OThEYWRHeU9EcGVGNHBIT05yblhacWtyZFdsQkg0c2I1MkViYndvaUk3LWE5RUx6R2JTb2xoRG9ybXZvQnJ0V2t2TXhtM3k2TXZ1dHhhYUIzTmNkNzRYVU5vRW1nM0VRYzl5WXZ2aFFWNENJQUVaMGpxdmpOZmNLa3VpRGlmV0dOSXdNTHNOSGtCUA?oc=5"" target=""_blank"">ED attaches fresh properties worth Rs 1,021 crore in Reliance Anil Ambani group case</a>&nbsp;&nbsp;<font color=""#6f6f6f"">aninews.in</font>",https://news.google.com/rss/articles/CBMi4AFBVV95cUxQU0JCWlRicndKd2RFUUVuWXU4TXVua1BMNkpnOTdPbjRDMVFSSkFBZkI4MklkbThnWjNVemhVYlVnTkZtS2M5cXl3SXdOM1c0TWlYNjl2OThEYWRHeU9EcGVGNHBIT05yblhacWtyZFdsQkg0c2I1MkViYndvaUk3LWE5RUx6R2JTb2xoRG9ybXZvQnJ0V2t2TXhtM3k2TXZ1dHhhYUIzTmNkNzRYVU5vRW1nM0VRYzl5WXZ2aFFWNENJQUVaMGpxdmpOZmNLa3VpRGlmV0dOSXdNTHNOSGtCUA?oc=5,Google News - Risk,RSS,0.7,"Sat, 11 Jul 2026 07:00:00 GMT",2026-09-01T22:46:06.731201+00:00,0.7506,BULLISH,1,0.1,0.052542000000000005
bba8e87ad8ac52bfccf7b6041afa2be51a1f2d1d25d0c6d8c51801c2bfc930e7,Reliance Group Stocks Tumble as SFIO Launches Fresh Probe; Jio Valued at $170 Billion - scanx.trade,"<a href=""https://news.google.com/rss/articles/CBMisAFBVV95cUxOckQyNjVpazdZNi1OZTZIWFNRVFRGckFwYTVXTDE2NTRiRkUxcE1aZDNYdERiVTFBeVluaUN3dHJobjVuQkVpNGtwUXJhN2x6X2Zwc185Z2Q3azRyNkhySnBsU0ZGekZ5NGtnbjZWbnJyZjZwSm95alZGZ09reU1yb0JBT1ZpYVM1MnViZDVfa0xXT193anVqR3RJSVlZb29UX21GaTNscjNNdTlZcnV6Qg?oc=5"" target=""_blank"">Reliance Group Stocks Tumble as SFIO Launches Fresh Probe; Jio Valued at $170 Billion</a>&nbsp;&nbsp;<font color=""#6f6f6f"">scanx.trade</font>",https://news.google.com/rss/articles/CBMisAFBVV95cUxOckQyNjVpazdZNi1OZTZIWFNRVFRGckFwYTVXTDE2NTRiRkUxcE1aZDNYdERiVTFBeVluaUN3dHJobjVuQkVpNGtwUXJhN2x6X2Zwc185Z2Q3azRyNkhySnBsU0ZGekZ5NGtnbjZWbnJyZjZwSm95alZGZ09reU1yb0JBT1ZpYVM1MnViZDVfa0xXT193anVqR3RJSVlZb29UX21GaTNscjNNdTlZcnV6Qg?oc=5,Google News - Risk,RSS,0.7,"Thu, 06 Nov 2025 08:00:00 GMT",2026-09-01T22:46:06.731605+00:00,0.8555,BULLISH,1,0.1,0.059885
67c7680e63cce39850f9b3a1f1b475c0de8c258fcd284b7f4cb3734424640060,Reliance Group says no impact on business operations due to attachment - Business Standard,"<a href=""https://news.google.com/rss/articles/CBMi1gFBVV95cUxPRWE4ek5wTnJ0WmVsbG5vbmVPQndObWlnRVJWM3BCUTh4eUw3MHZaUjM0aVJxWThTek9nUjVGUlpNRFQ4eEpJMEZ6RUc3R1gtN19BU3RydFFMSnNOODl5a09IbENHRVFfUlFsR3RDYXVGaW9lRHdVVEY4OWlHSzVsSFRJMUxjVXRXZzh6Q3p4SktlVElFemRTcXlVUGl6d2VkRThEa2dZRGFUZUhDYkltLTVCUmQ2eXJVeEhHc3BBTkh1eEtkblV2N3g0ckVsS01uOXJ5XzdB0gHbAUFVX3lxTFBjTDhiaVRtU0tGWUlVWTJzMGFFU3c1ZmJZaFh2c3RVWDV3b044UVNHenR1YUEtaTZMTkVRd2lRZERWcTJxaE5WNndFV08xZWRNekRfMHVlQ3RKd3RPQS1jb3Y3ekw0cWhFclI3RU5OUi1Ob184R05IUDFzbWZJYmhreUxGY1NJRnJwR0h3UkxFek1Oa3RfVjR6Nkd3SXhEX1BoNlZQQWk4ZmZhUU4tOURVWkNvNG51cG0wQXNoblJsbHdxRjd4Q3RacGUyOXQ0MGhmelpnTXpkX0NHNA?oc=5"" target=""_blank"">Reliance Group says no impact on business operations due to attachment</a>&nbsp;&nbsp;<font color=""#6f6f6f"">Business Standard</font>",https://news.google.com/rss/articles/CBMi1gFBVV95cUxPRWE4ek5wTnJ0WmVsbG5vbmVPQndObWlnRVJWM3BCUTh4eUw3MHZaUjM0aVJxWThTek9nUjVGUlpNRFQ4eEpJMEZ6RUc3R1gtN19BU3RydFFMSnNOODl5a09IbENHRVFfUlFsR3RDYXVGaW9lRHdVVEY4OWlHSzVsSFRJMUxjVXRXZzh6Q3p4SktlVElFemRTcXlVUGl6d2VkRThEa2dZRGFUZUhDYkltLTVCUmQ2eXJVeEhHc3BBTkh1eEtkblV2N3g0ckVsS01uOXJ5XzdB0gHbAUFVX3lxTFBjTDhiaVRtU0tGWUlVWTJzMGFFU3c1ZmJZaFh2c3RVWDV3b044UVNHenR1YUEtaTZMTkVRd2lRZERWcTJxaE5WNndFV08xZWRNekRfMHVlQ3RKd3RPQS1jb3Y3ekw0cWhFclI3RU5OUi1Ob184R05IUDFzbWZJYmhreUxGY1NJRnJwR0h3UkxFek1Oa3RfVjR6Nkd3SXhEX1BoNlZQQWk4ZmZhUU4tOURVWkNvNG51cG0wQXNoblJsbHdxRjd4Q3RacGUyOXQ0MGhmelpnTXpkX0NHNA?oc=5,Google News - Risk,RSS,0.7,"Tue, 04 Nov 2025 08:00:00 GMT",2026-09-01T22:46:06.731509+00:00,-0.296,BEARISH,1,0.1,-0.02072
0a2b7c301e70c16c0e0f4ecec4f65ab6c5d93cbcec0bcfe182f2035901ae0759,Energy Trading: Critical role in aligning renewables supply and demand - Renewable Watch,"<a href=""https://news.google.com/rss/articles/CBMirgFBVV95cUxNRHhaR19JanNBTTBpbGhxa1d0cnVpdkNaZUpOZmp6eXpiX3JlRTAzR25ZTndsaGVlVXItYnNjaGxHNWF0cHczR0xzOXpwcWhGZzNIVG9leDI0cktuMHY3RmYzblFrTWd3b0NsekNEc0JmVm9pRmt4S0lOQ2R5RGV3MUdQdFdEcndycHNMTnNXMzNFWmVYUFlIVVJILTZFMFhXTE0xZ1dSTmNuN3pLLXc?oc=5"" target=""_blank"">Energy Trading: Critical role in aligning renewables supply and demand</a>&nbsp;&nbsp;<font color=""#6f6f6f"">Renewable Watch</font>",https://news.google.com/rss/articles/CBMirgFBVV95cUxNRHhaR19JanNBTTBpbGhxa1d0cnVpdkNaZUpOZmp6eXpiX3JlRTAzR25ZTndsaGVlVXItYnNjaGxHNWF0cHczR0xzOXpwcWhGZzNIVG9leDI0cktuMHY3RmYzblFrTWd3b0NsekNEc0JmVm9pRmt4S0lOQ2R5RGV3MUdQdFdEcndycHNMTnNXMzNFWmVYUFlIVVJILTZFMFhXTE0xZ1dSTmNuN3pLLXc?oc=5,Google News - Sector,RSS,0.7,"Mon, 25 May 2026 07:00:00 GMT",2026-09-01T22:46:07.222746+00:00,-0.4588,BEARISH,1,0.1,-0.032116
88037cc0c5f3e54abacb2b51ee246eba1ce8b8af77ae019ad90bb559f8781062,India's power demand likely to grow 6% annually as renewable capacity additions stay strong - The Economic Times,"<a href=""https://news.google.com/rss/articles/CBMi-AFBVV95cUxNSkE4TU53UXZOM3NhWHFGZXAxY2dTMmFWYWZqUHZ6cXNLMWFMQWtMTFBwaDExd29hQlhfemVCSXh3VzlLcHZlWFRENGdhZVlFYmp3U1lKUHhwaU45MlljcGdhVVIzenI4V01NSzBlZTlyV2FteWtyeXJzX040cHBEUUwzU2tmRlBhWm5RRHRmWWNJNmtmanBmNFBNcUN4RFNoLUMwaVFQU3lqeHdWeVBKTmVOdmJ6UXZxbFpDakhtOC1GTmg2WUVpRTNOQVBoaW9sakNpcUdNdTVTeEJtYWlHS0xDN0ZsUDlEMmNSOUVnN2ZHMi1iNFRrZNIB_gFBVV95cUxQRzRJcHZJSnk2UFlIYWRvQllmWkdvX3kwc254ZlQ5V2lrSXJzWWJwUmxyNHZFazBSQ2VNYUpfSEt6enJpYnFrbEQtcE5RVTBOQldQcnloZjlkOFlwVHBhd0FsRXQwR2FZTnhnSUF4a3BqMTVuNFJLMUlQRGhsUVI2M0NVblBsY0cyVFE1SUFPY2p5ajNlamNiLTV6MVdZaGRkOWNYX0dNaEtQV1pYdmdLWlctTTJKN0syd0VVUUE1aS1UaTI2eXh6dVdHdG1rQnctQzFjelNuaVdpSzltYnRGSDF6amdWUnhnQ3FfTHdXRFFva1J0SUEyV0VMRU9iUQ?oc=5"" target=""_blank"">India's power demand likely to grow 6% annually as renewable capacity additions stay strong</a>&nbsp;&nbsp;<font color=""#6f6f6f"">The Economic Times</font>",https://news.google.com/rss/articles/CBMi-AFBVV95cUxNSkE4TU53UXZOM3NhWHFGZXAxY2dTMmFWYWZqUHZ6cXNLMWFMQWtMTFBwaDExd29hQlhfemVCSXh3VzlLcHZlWFRENGdhZVlFYmp3U1lKUHhwaU45MlljcGdhVVIzenI4V01NSzBlZTlyV2FteWtyeXJzX040cHBEUUwzU2tmRlBhWm5RRHRmWWNJNmtmanBmNFBNcUN4RFNoLUMwaVFQU3lqeHdWeVBKTmVOdmJ6UXZxbFpDakhtOC1GTmg2WUVpRTNOQVBoaW9sakNpcUdNdTVTeEJtYWlHS0xDN0ZsUDlEMmNSOUVnN2ZHMi1iNFRrZNIB_gFBVV95cUxQRzRJcHZJSnk2UFlIYWRvQllmWkdvX3kwc254ZlQ5V2lrSXJzWWJwUmxyNHZFazBSQ2VNYUpfSEt6enJpYnFrbEQtcE5RVTBOQldQcnloZjlkOFlwVHBhd0FsRXQwR2FZTnhnSUF4a3BqMTVuNFJLMUlQRGhsUVI2M0NVblBsY0cyVFE1SUFPY2p5ajNlamNiLTV6MVdZaGRkOWNYX0dNaEtQV1pYdmdLWlctTTJKN0syd0VVUUE1aS1UaTI2eXh6dVdHdG1rQnctQzFjelNuaVdpSzltYnRGSDF6amdWUnhnQ3FfTHdXRFFva1J0SUEyV0VMRU9iUQ?oc=5,Google News - Sector,RSS,0.7,"Mon, 06 Jul 2026 07:00:00 GMT",2026-09-01T22:46:07.222778+00:00,0.36819999999999997,BULLISH,1,0.1,0.025774
8217005044813eeea5cc5078f2241000f4773350d9828ad78df7443eaed95e7b,Renewables to drive bulk of power capacity expansion; solar and wind to lead growth: Centrum report - ET EnergyWorld,"<a href=""https://news.google.com/rss/articles/CBMi-gFBVV95cUxOR2JOWGhXTlJDMmZ6NTF2d05rSEdzcDlYLWN4WGhZZEJDcnhad1NBODNta0FuNzNISVZOOGI2WkFjV2dJTmF5bjV3NnNlUlFrS1dJZXdOT29hekhmc2lCUjUwLU9La0NZc3dvUXRCc0w3Q1B5emlLUG1hcVpxNGdUVUp0Y3YzcE4tdmZnS2RhcFBMRnNvMDk2ejJRRWx3Tll4OXVYQkpwaTQ5VXhyTlh6X1ZPckRUREtFWG5hQjRUU2pvWkdyNW1RRmNuaVBob0F5OWFaaUo2T0NnajJCRU1ySFlpUXJJbGw5cFBqaEp1c1NkclV5TzdUSlFn0gH_AUFVX3lxTE9RYjZUb2l1ZGVXcHQzQ2xMS2U3WEs3Uy16WDZvWDgtM01LVF95Uk5oYjB4NFNIZVZjRXAxN2hBQ0c2akpYaE9mYlFVaDdRcDh1UmFyTGhqZ1VURnB5N2hfcnI4MGhmc3RzcHZKM2RydHFZWVdISGE0Uk83bHloenlVRlJoclVlUlVFcG95TXNuUXZneUtCYkc2d2Y4X2Nub045czlZbU9iWlgyVkRXUTBqWWRWbDBDQzV5UjlZOEhCWXBPRk5LQmVPc1M2QWhPSGNtNnRRQTBvR1dFVk1Iam5GMWg5cEdtd2RUejM0NWRnNXdqRWMwYXE3MkFCZTVvUQ?oc=5"" target=""_blank"">Renewables to drive bulk of power capacity expansion; solar and wind to lead growth: Centrum report</a>&nbsp;&nbsp;<font color=""#6f6f6f"">ET EnergyWorld</font>",https://news.google.com/rss/articles/CBMi-gFBVV95cUxOR2JOWGhXTlJDMmZ6NTF2d05rSEdzcDlYLWN4WGhZZEJDcnhad1NBODNta0FuNzNISVZOOGI2WkFjV2dJTmF5bjV3NnNlUlFrS1dJZXdOT29hekhmc2lCUjUwLU9La0NZc3dvUXRCc0w3Q1B5emlLUG1hcVpxNGdUVUp0Y3YzcE4tdmZnS2RhcFBMRnNvMDk2ejJRRWx3Tll4OXVYQkpwaTQ5VXhyTlh6X1ZPckRUREtFWG5hQjRUU2pvWkdyNW1RRmNuaVBob0F5OWFaaUo2T0NnajJCRU1ySFlpUXJJbGw5cFBqaEp1c1NkclV5TzdUSlFn0gH_AUFVX3lxTE9RYjZUb2l1ZGVXcHQzQ2xMS2U3WEs3Uy16WDZvWDgtM01LVF95Uk5oYjB4NFNIZVZjRXAxN2hBQ0c2akpYaE9mYlFVaDdRcDh1UmFyTGhqZ1VURnB5N2hfcnI4MGhmc3RzcHZKM2RydHFZWVdISGE0Uk83bHloenlVRlJoclVlUlVFcG95TXNuUXZneUtCYkc2d2Y4X2Nub045czlZbU9iWlgyVkRXUTBqWWRWbDBDQzV5UjlZOEhCWXBPRk5LQmVPc1M2QWhPSGNtNnRRQTBvR1dFVk1Iam5GMWg5cEdtd2RUejM0NWRnNXdqRWMwYXE3MkFCZTVvUQ?oc=5,Google News - Sector,RSS,0.7,"Thu, 26 Mar 2026 07:00:00 GMT",2026-09-01T22:46:07.222785+00:00,0.7369,BULLISH,1,0.1,0.051583000000000004
3947451b23c67cafa27096f8269ff9f59f9bb219ee846df553b4aa6217d3b97c,States hold the key to India’s energy transition - Institute for Energy Economics and Financial Analysis (IEEFA),"<a href=""https://news.google.com/rss/articles/CBMid0FVX3lxTFBPR24zWW9Jbk05R0ZOVTZRcnBEZU1qZVZNWGZfR19QOWRIeHpNWllyVE9saHROYzJfRldjbV96N09ibTZzS3FxLVFSaENWQURuWmRHX3haRmJIdFFVTk8zSDB2RlZNdEVNU0QxSXRHSWowVENfSVE4?oc=5"" target=""_blank"">States hold the key to India’s energy transition</a>&nbsp;&nbsp;<font color=""#6f6f6f"">Institute for Energy Economics and Financial Analysis (IEEFA)</font>",https://news.google.com/rss/articles/CBMid0FVX3lxTFBPR24zWW9Jbk05R0ZOVTZRcnBEZU1qZVZNWGZfR19QOWRIeHpNWllyVE9saHROYzJfRldjbV96N09ibTZzS3FxLVFSaENWQURuWmRHX3haRmJIdFFVTk8zSDB2RlZNdEVNU0QxSXRHSWowVENfSVE4?oc=5,Google News - Sector,RSS,0.7,"Thu, 07 May 2026 07:00:00 GMT",2026-09-01T22:46:07.222514+00:00,0.7506,BULLISH,1,0.1,0.052542000000000005
c8754fd28a5ebce286a66db5deba98833d7344dc9a98b07f817f8e76bb779c23,India’s Power Grid Faces New Challenge as Solar Growth Shifts Focus from Capacity to Flexibility: EAC-PM Paper - Energetica India Magazine,"<a href=""https://news.google.com/rss/articles/CBMi3wFBVV95cUxPUlZGc3hmNEYtcGpZRTVQN2pHbUN4TlVXM0M5X1RmNFBsYTdDRTl0OUMxVkRGSW1ZVzliRURhZGpHZUtkaDIwTGg3VnRGUUh3N0hwVHp2dF9RdGQ2cmZYdVg4V3QwaXhFQy1mX0lwWmJGdWtHNE92em95VXdvcGQtSFJ3NkZhODVtSlVaTUJ4aDdhMnI2U1FtRXpHay1NWm10aG54bTQtVk94elRtcXF5RlVXTzhEdFpjdWtsUWdjTWw1eThnYXJYY2txQU90Ty0zazFEc0dzX2poZFJla21Z?oc=5"" target=""_blank"">India’s Power Grid Faces New Challenge as Solar Growth Shifts Focus from Capacity to Flexibility: EAC-PM Paper</a>&nbsp;&nbsp;<font color=""#6f6f6f"">Energetica India Magazine</font>",https://news.google.com/rss/articles/CBMi3wFBVV95cUxPUlZGc3hmNEYtcGpZRTVQN2pHbUN4TlVXM0M5X1RmNFBsYTdDRTl0OUMxVkRGSW1ZVzliRURhZGpHZUtkaDIwTGg3VnRGUUh3N0hwVHp2dF9RdGQ2cmZYdVg4V3QwaXhFQy1mX0lwWmJGdWtHNE92em95VXdvcGQtSFJ3NkZhODVtSlVaTUJ4aDdhMnI2U1FtRXpHay1NWm10aG54bTQtVk94elRtcXF5RlVXTzhEdFpjdWtsUWdjTWw1eThnYXJYY2txQU90Ty0zazFEc0dzX2poZFJla21Z?oc=5,Google News - Sector,RSS,0.7,"Wed, 15 Jul 2026 07:00:00 GMT",2026-09-01T22:46:07.222529+00:00,0.9125000000000001,BULLISH,1,0.1,0.063875
de2ac411c09c574b4b482c522356bc2d6e98b2d67e30c7cf31016cf37e2e5d74,India's power demand to grow 6% annually over next 4-5 years: Centrum report - The Times of India,"<a href=""https://news.google.com/rss/articles/CBMi8AFBVV95cUxQVWxRWGp1Y3ZnczE4b2RtSnpFcXhoNWZkR1BXVFRsTHYtelllbUhyUWFqRTNfT1NqYTBqUjV0NGFIVV9oRjdEMmd6VnIzazdaTWxYN2FXdEt4MnBpNDJUeHAzYVY1V0R6WVdjbFV3dkJTVUNZYWRmdW5Ba0J1ZG1iTTdzMG5nMjRTeEdpSXRxbDZCMWNuM3l2dlE3MVVIV3RMNVUxNXc5S3g0WkYtN09TSk52d1pacXZtMEVINUxzMkk5VWtHNzJFTEFoa1lHYXdoSlg3bUtxeFVzVlZ6ak1PZ1o5ZzZzcjZZYzBMTXJtWTLSAfYBQVVfeXFMTXBVWDdlWXg3MVllY0Zsd1hfSk9Hcko5bmxNaC1CaUNpZ2NxVWZUWEVkUEJlU0p5c2I0NWM5VFhDZWZEMlhVZVJveEdkZjB2U3ExeXlPUmE3QmpEd29wOWlrVXh0aDB2dWhqZmFWbjAyMDRnMDhmOEpEQVJ3QlZFX0NKbEg1RHN1blhNTlREek9GeDVkWmh1MnNLNjZVRGY5Y0VYcU9wYVNIcUJuNmJUeE1LQzZ3ekg0eUZBSVlabWV2X2E3WUlxS0o2VHhZbFZKV1JUaWFvbm5XZ05mZS1Hd3BTVDlid1NRenV3NmRuZEZmdW9aaU1R?oc=5"" target=""_blank"">India's power demand to grow 6% annually over next 4-5 years: Centrum report</a>&nbsp;&nbsp;<font color=""#6f6f6f"">The Times of India</font>",https://news.google.com/rss/articles/CBMi8AFBVV95cUxQVWxRWGp1Y3ZnczE4b2RtSnpFcXhoNWZkR1BXVFRsTHYtelllbUhyUWFqRTNfT1NqYTBqUjV0NGFIVV9oRjdEMmd6VnIzazdaTWxYN2FXdEt4MnBpNDJUeHAzYVY1V0R6WVdjbFV3dkJTVUNZYWRmdW5Ba0J1ZG1iTTdzMG5nMjRTeEdpSXRxbDZCMWNuM3l2dlE3MVVIV3RMNVUxNXc5S3g0WkYtN09TSk52d1pacXZtMEVINUxzMkk5VWtHNzJFTEFoa1lHYXdoSlg3bUtxeFVzVlZ6ak1PZ1o5ZzZzcjZZYzBMTXJtWTLSAfYBQVVfeXFMTXBVWDdlWXg3MVllY0Zsd1hfSk9Hcko5bmxNaC1CaUNpZ2NxVWZUWEVkUEJlU0p5c2I0NWM5VFhDZWZEMlhVZVJveEdkZjB2U3ExeXlPUmE3QmpEd29wOWlrVXh0aDB2dWhqZmFWbjAyMDRnMDhmOEpEQVJ3QlZFX0NKbEg1RHN1blhNTlREek9GeDVkWmh1MnNLNjZVRGY5Y0VYcU9wYVNIcUJuNmJUeE1LQzZ3ekg0eUZBSVlabWV2X2E3WUlxS0o2VHhZbFZKV1JUaWFvbm5XZ05mZS1Hd3BTVDlid1NRenV3NmRuZEZmdW9aaU1R?oc=5,Google News - Sector,RSS,0.7,"Mon, 06 Jul 2026 07:00:00 GMT",2026-09-01T22:46:07.222551+00:00,-0.25,BEARISH,1,0.1,-0.017499999999999998
4e9a18ccffd4cf9c54ea1f0da353e564b6e4d8c9e60ea38f7fbbed4e7211aef9,CERC allows renewable producers to pay for extended grid connectivity - Business Standard,"<a href=""https://news.google.com/rss/articles/CBMi0wFBVV95cUxQLXpwcFY4aFRVYjlYcXljSXlna19MNWZ3UUxUdW5vMDlDUHVKTVBBYjlXd3VOa3FBblRBbm1DM3owM1E2dk4tWkRhaWlwUGwyUXdPeVpFUl9jUVZBY0wtdklqSHRRVEdYTlN6VXZ3ZlpsOTg2QVdka0gtQUZmbENSS1N0cHhBcF8zdjVxV0l4blNWYXZPeEo5Nnc3OUVvd19qeW8zb3BTRTZfQVVGLU5IM1kxQUFXRXE2TFpsOXU5LTZnQ0dHTTliZUFfemFLUnRUWHJj0gHYAUFVX3lxTE0wem9ZNGJFNlR0bFN6VHNIZmo4bXVCdXdWT1lFb3Z5cmJhXzNBMHFiTGREN19ndktveGpfSDJsdTRWUTdxNWlySVBYLUxzOEVGU3FRVWhXZ3VSLVNUemp5cVc2SkR6LWRXT3ZJTWQzd3UxcDRxN0dLVUVUX0dxVkVxMjUwWFQ5dC0tc1RRaGtrcWl5eWlaR2dIamhTamc1SU1HX2hJYzBmeGgzQ0xDX0poVUJlTHY0Nmhsd3FCZTlmVVJlclRwT0xHTHNhQzBSenRMaDI2Qnh4Uw?oc=5"" target=""_blank"">CERC allows renewable producers to pay for extended grid connectivity</a>&nbsp;&nbsp;<font color=""#6f6f6f"">Business Standard</font>",https://news.google.com/rss/articles/CBMi0wFBVV95cUxQLXpwcFY4aFRVYjlYcXljSXlna19MNWZ3UUxUdW5vMDlDUHVKTVBBYjlXd3VOa3FBblRBbm1DM3owM1E2dk4tWkRhaWlwUGwyUXdPeVpFUl9jUVZBY0wtdklqSHRRVEdYTlN6VXZ3ZlpsOTg2QVdka0gtQUZmbENSS1N0cHhBcF8zdjVxV0l4blNWYXZPeEo5Nnc3OUVvd19qeW8zb3BTRTZfQVVGLU5IM1kxQUFXRXE2TFpsOXU5LTZnQ0dHTTliZUFfemFLUnRUWHJj0gHYAUFVX3lxTE0wem9ZNGJFNlR0bFN6VHNIZmo4bXVCdXdWT1lFb3Z5cmJhXzNBMHFiTGREN19ndktveGpfSDJsdTRWUTdxNWlySVBYLUxzOEVGU3FRVWhXZ3VSLVNUemp5cVc2SkR6LWRXT3ZJTWQzd3UxcDRxN0dLVUVUX0dxVkVxMjUwWFQ5dC0tc1RRaGtrcWl5eWlaR2dIamhTamc1SU1HX2hJYzBmeGgzQ0xDX0poVUJlTHY0Nmhsd3FCZTlmVVJlclRwT0xHTHNhQzBSenRMaDI2Qnh4Uw?oc=5,Google News - Sector,RSS,0.7,"Mon, 17 Aug 2026 07:00:00 GMT",2026-09-01T22:46:07.222565+00:00,-0.2023,BEARISH,1,0.1,-0.014161
296c9391d7b1b6092022ee0ee2124c5d0a528d8f3bc6e44e34c526286566de8d,Non-fossil fuels to power 70% of India’s total installed capacity by 2036: CEA report - ET EnergyWorld,"<a href=""https://news.google.com/rss/articles/CBMi1gFBVV95cUxOUV9iQ0RHaVVsT2FfOXNzdnNIblZ2MW00dldmRlZFLVpLME1GM19uR3M1cEc4d2g0al9iQ2dScXY4ZmZnTFQzMWFTT2VlMmJidVl3MEJNdkNSQ3FDMGZHa1RUTWRFR29HTnMzWm5XVHQwUlZyOWNDR1l4ckFMa0tab0ZocWg3ZERuM2V5SjZoSW5qb0tsMnBPVFJySnVsYjVYN0Z5cUtqZDBiaVF5R2d6MWVmbHZobnRGbS1MNzRsNTFhYVBDNmpqZmtiZW1GT241RlBFQ1pn0gHbAUFVX3lxTE81ektHNEVlR3lLbzRQZ3FCWmhfVC1VaVdvX1NoLVRFcUQ3cEJ0WGxkLUJTcVN6SGFQTndodWJhcno3WlBtRE9rQ3hUUFcwcDdjOTBnQl91YW83aGxwWW5QUFF2dFZLd09sN0dhOGE0Xy1EMWtXM194OGlxdHRKdC00OEE5VVpPRmEzRy11M0xtbWxkMkRyWklwbExqMmNwdTRoUC1MV3Rvb0d0cWZHYWYtYVI4b0xQUTJIMDk5UEJCQkdNdzhQN2Q4VFBUeloxYVhGNVc1XzFRcU5JYw?oc=5"" target=""_blank"">Non-fossil fuels to power 70% of India’s total installed capacity by 2036: CEA report</a>&nbsp;&nbsp;<font color=""#6f6f6f"">ET EnergyWorld</font>",https://news.google.com/rss/articles/CBMi1gFBVV95cUxOUV9iQ0RHaVVsT2FfOXNzdnNIblZ2MW00dldmRlZFLVpLME1GM19uR3M1cEc4d2g0al9iQ2dScXY4ZmZnTFQzMWFTT2VlMmJidVl3MEJNdkNSQ3FDMGZHa1RUTWRFR29HTnMzWm5XVHQwUlZyOWNDR1l4ckFMa0tab0ZocWg3ZERuM2V5SjZoSW5qb0tsMnBPVFJySnVsYjVYN0Z5cUtqZDBiaVF5R2d6MWVmbHZobnRGbS1MNzRsNTFhYVBDNmpqZmtiZW1GT241RlBFQ1pn0gHbAUFVX3lxTE81ektHNEVlR3lLbzRQZ3FCWmhfVC1VaVdvX1NoLVRFcUQ3cEJ0WGxkLUJTcVN6SGFQTndodWJhcno3WlBtRE9rQ3hUUFcwcDdjOTBnQl91YW83aGxwWW5QUFF2dFZLd09sN0dhOGE0Xy1EMWtXM194OGlxdHRKdC00OEE5VVpPRmEzRy11M0xtbWxkMkRyWklwbExqMmNwdTRoUC1MV3Rvb0d0cWZHYWYtYVI4b0xQUTJIMDk5UEJCQkdNdzhQN2Q4VFBUeloxYVhGNVc1XzFRcU5JYw?oc=5,Google News - Sector,RSS,0.7,"Thu, 19 Mar 2026 07:00:00 GMT",2026-09-01T22:46:07.222626+00:00,0.0,NEUTRAL,1,0.1,0.0
654b1c73347e19f7128d4cf8b22f3c4b57ceb632061dcbd8f7c66168dbd9947b,India’s Power Growth Slows in Q4 FY26 as Clean Energy Boom Tests Grid Limits - outlookbusiness.com,"<a href=""https://news.google.com/rss/articles/CBMilgFBVV95cUxNU0J2Nm1nYjBOSnN2MFZ3OEtRVVVqUG11Wk1KcndnWW5WemZwNndFLVhxd3lJWG5DeXNhSGpVaGZLSV9qQjljYUhwdXpqUUVPQ3pOa3piZEt1Z3JMbkJBaGtWYW0waVhNV0JxRGd6Q1pBY1A3MFkxSUFlX19zSTE0U3BPcExlWnA4NE1Kb1lBT2JRcGtRWlHSAaMBQVVfeXFMTXdQb0FXMVY3ZU5hbFRxbUFmWkNUZnNGZXAySmVRenZFTnBtQUxHMDNYOHVyWlhSWFVNWFNiaXBLbDJaTHVIbjBRbzU3dWRmdDBpMHhfQWZyemVYT0h3MTM3SkZIcHp4SmhlOG9QeFk4Vi04a29tNVNsOEJxOXNJbE9CRXZ6bmxKbzRaeXl3NXR5aHdPd1c5QW9qZXZtcWZiT09ZWQ?oc=5"" target=""_blank"">India’s Power Growth Slows in Q4 FY26 as Clean Energy Boom Tests Grid Limits</a>&nbsp;&nbsp;<font color=""#6f6f6f"">outlookbusiness.com</font>",https://news.google.com/rss/articles/CBMilgFBVV95cUxNU0J2Nm1nYjBOSnN2MFZ3OEtRVVVqUG11Wk1KcndnWW5WemZwNndFLVhxd3lJWG5DeXNhSGpVaGZLSV9qQjljYUhwdXpqUUVPQ3pOa3piZEt1Z3JMbkJBaGtWYW0waVhNV0JxRGd6Q1pBY1A3MFkxSUFlX19zSTE0U3BPcExlWnA4NE1Kb1lBT2JRcGtRWlHSAaMBQVVfeXFMTXdQb0FXMVY3ZU5hbFRxbUFmWkNUZnNGZXAySmVRenZFTnBtQUxHMDNYOHVyWlhSWFVNWFNiaXBLbDJaTHVIbjBRbzU3dWRmdDBpMHhfQWZyemVYT0h3MTM3SkZIcHp4SmhlOG9QeFk4Vi04a29tNVNsOEJxOXNJbE9CRXZ6bmxKbzRaeXl3NXR5aHdPd1c5QW9qZXZtcWZiT09ZWQ?oc=5,Google News - Sector,RSS,0.7,"Fri, 01 May 2026 07:00:00 GMT",2026-09-01T22:46:07.222634+00:00,0.9653,BULLISH,1,0.1,0.067571
66e10a10f0eb22249fd3bcdf9245ecbce7e68c9b138ecc10fe692479ce568864,Know Your PFC – India’s Power Finance Champion Quiz - fundsforNGOs,"<a href=""https://news.google.com/rss/articles/CBMilwFBVV95cUxNbURpR1F2M2Z4bWw3MVc2MGY2eE1NS2txSDRHWElqZmJlbnY0LVZfSHZLekJCMzlrZlB0RzFtRUdsdlZDazhmYXRVaE92bVZVYzR5MF8zSUoxa2ZPbFlKT0xMLTI0aEhsa3ROeXNKclZWd1ZZTzA4SmNLSm9QVXJPT3FyNW83QVpFcmI2R0kzUG1fdURKSUpN0gGcAUFVX3lxTE5ERzE5SG1XSUFlbTZGOFlnMWpMNEhobXE3WmpqUGhBdml3VUUzZE5uM1hnZVFlRE52X3I1cnpOV2tHZmJaRVRRWHluV0NRZ1NJamh4clRTUF94bi1FeGtGaWludkFxZWFyaUVJT0hYSlVEWVFBWnphMHV5Z1Q2NlpvS0Q5Z184UmVWS0xZWll5eUpXbjJOYmFtOVZYcw?oc=5"" target=""_blank"">Know Your PFC – India’s Power Finance Champion Quiz</a>&nbsp;&nbsp;<font color=""#6f6f6f"">fundsforNGOs</font>",https://news.google.com/rss/articles/CBMilwFBVV95cUxNbURpR1F2M2Z4bWw3MVc2MGY2eE1NS2txSDRHWElqZmJlbnY0LVZfSHZLekJCMzlrZlB0RzFtRUdsdlZDazhmYXRVaE92bVZVYzR5MF8zSUoxa2ZPbFlKT0xMLTI0aEhsa3ROeXNKclZWd1ZZTzA4SmNLSm9QVXJPT3FyNW83QVpFcmI2R0kzUG1fdURKSUpN0gGcAUFVX3lxTE5ERzE5SG1XSUFlbTZGOFlnMWpMNEhobXE3WmpqUGhBdml3VUUzZE5uM1hnZVFlRE52X3I1cnpOV2tHZmJaRVRRWHluV0NRZ1NJamh4clRTUF94bi1FeGtGaWludkFxZWFyaUVJT0hYSlVEWVFBWnphMHV5Z1Q2NlpvS0Q5Z184UmVWS0xZWll5eUpXbjJOYmFtOVZYcw?oc=5,Google News - Sector,RSS,0.7,"Wed, 29 Jul 2026 07:00:00 GMT",2026-09-01T22:46:07.222642+00:00,0.8316,BULLISH,1,0.1,0.058212
ef15e76b74afdc07b581dac2af9e659c06bfd5d2b93870682eb26f25959cc8a7,"Vedanta Power, Adani, RIL: Why India's power giants are turning to nuclear - India Today","<a href=""https://news.google.com/rss/articles/CBMizwFBVV95cUxQSnZtdTVGWEpjX2JjWFhQVmw4NXN5LXJMY3BEbS1sUzkweGZTMjNmLTdXLUNSbnZaeGpFaUVhMUt4YTA0bzRVVThnTGZGZUxIT2doeFVES2paNmFnV1l3UG5qVXk2Rjlod2dMRmVmTUFRblJGWmMzcHY0T0ZCeGpCcHR2MkZyZHJ0VmszNm5JUTM5dkloTEN3Q3R6aHdScnRRMnhWNW9TSXlZY2JDbm9oYzNvZzJvQVZmbDRiZ0N5RWs4c200bEZKWHo3a1h2N0XSAdQBQVVfeXFMTXJJeWNYaE43eXVfbjloMDM4Q2VXcDlEckpOcDh6aF9fQ2ZKbjdnT2xOclV2OFpybHZCTi1SMG96Sl9yZldjRExZbHpTRzdQVVVoREdMcHdXbHVYOXhWQ1hUeWxGTEYyWFMyc01MR2FrMVNUdnVKaGlYaWt6ZHlPMC16QW91dFhTTVlZUEhFMnZpa1Fod1VWR0tJR1RjOS1aMUZfcmwtNEcxNC1kV0hEQ0JhbmZLMzdZekNSTS0yQ3NWdGpwVm42MmZnekpLcmhZVmc2dHY?oc=5"" target=""_blank"">Vedanta Power, Adani, RIL: Why India's power giants are turning to nuclear</a>&nbsp;&nbsp;<font color=""#6f6f6f"">India Today</font>",https://news.google.com/rss/articles/CBMizwFBVV95cUxQSnZtdTVGWEpjX2JjWFhQVmw4NXN5LXJMY3BEbS1sUzkweGZTMjNmLTdXLUNSbnZaeGpFaUVhMUt4YTA0bzRVVThnTGZGZUxIT2doeFVES2paNmFnV1l3UG5qVXk2Rjlod2dMRmVmTUFRblJGWmMzcHY0T0ZCeGpCcHR2MkZyZHJ0VmszNm5JUTM5dkloTEN3Q3R6aHdScnRRMnhWNW9TSXlZY2JDbm9oYzNvZzJvQVZmbDRiZ0N5RWs4c200bEZKWHo3a1h2N0XSAdQBQVVfeXFMTXJJeWNYaE43eXVfbjloMDM4Q2VXcDlEckpOcDh6aF9fQ2ZKbjdnT2xOclV2OFpybHZCTi1SMG96Sl9yZldjRExZbHpTRzdQVVVoREdMcHdXbHVYOXhWQ1hUeWxGTEYyWFMyc01MR2FrMVNUdnVKaGlYaWt6ZHlPMC16QW91dFhTTVlZUEhFMnZpa1Fod1VWR0tJR1RjOS1aMUZfcmwtNEcxNC1kV0hEQ0JhbmZLMzdZekNSTS0yQ3NWdGpwVm42MmZnekpLcmhZVmc2dHY?oc=5,Google News - Sector,RSS,0.7,"Fri, 14 Aug 2026 07:00:00 GMT",2026-09-01T22:46:07.222669+00:00,0.0,NEUTRAL,1,0.1,0.0
8785614d6765e54ee1ae07768cc5279388ea8d95d04ca3131f47fc70c1d03f75,ED attaches Rs 582 crore assets of two companies belonging to Anil Ambani-led Reliance Group - newindianexpress.com,"<a href=""https://news.google.com/rss/articles/CBMi0gFBVV95cUxONTA3bFBHMFdoTEl4eG5nUmZGYzlkUWdsUERPdktUemFIcWUzZncxWmtSaHNyYklQT3dQdThINVhoRkFnOUMtbkxMU0U0M0daTllUS3p2Z3JhOHBDVmQwWjEtdFJoRGFJOU8xa04yNE01QldNTjhlOTVTQjFuYnQwSjBtaXp0QzhjQkpRUkZIbVZCZ1h4VjNtZlhvbW96OE8wY3l4aGZna0hRZS1MSW52aHBwejRqcm80VkNfSDFVVlFJYWZQX3BXNy1rVl9QUHJHOVHSAd8BQVVfeXFMUE5SWWRhSlk4VXBwaV9kTkR4cG10Z2labU5zQ19GQ1pteWtFbVNTYnlMOTB3ZDZrdWhFNjV5ZndOcFl2OGQ2UF9mQ3E1aHdoa1BKcHUwUTJlZXBXdm1sWTJpa19PUDVCa1BOZndfcmdPU28wQnFvYjNqZnYxd0lEcEFoLVNhY2lUeWlGcmJ3M2JySnJaM0pUV3FQNnNla1QxWHlhdUNjYmFsdzdyT0xGUFRRckdPeWo2RFBzSFoyVHVrMzVvQmQ2VjEwODRmYzhDYlpCWjhmUnh2LXh5S0VVZw?oc=5"" target=""_blank"">ED attaches Rs 582 crore assets of two companies belonging to Anil Ambani-led Reliance Group</a>&nbsp;&nbsp;<font color=""#6f6f6f"">newindianexpress.com</font>",https://news.google.com/rss/articles/CBMi0gFBVV95cUxONTA3bFBHMFdoTEl4eG5nUmZGYzlkUWdsUERPdktUemFIcWUzZncxWmtSaHNyYklQT3dQdThINVhoRkFnOUMtbkxMU0U0M0daTllUS3p2Z3JhOHBDVmQwWjEtdFJoRGFJOU8xa04yNE01QldNTjhlOTVTQjFuYnQwSjBtaXp0QzhjQkpRUkZIbVZCZ1h4VjNtZlhvbW96OE8wY3l4aGZna0hRZS1MSW52aHBwejRqcm80VkNfSDFVVlFJYWZQX3BXNy1rVl9QUHJHOVHSAd8BQVVfeXFMUE5SWWRhSlk4VXBwaV9kTkR4cG10Z2labU5zQ19GQ1pteWtFbVNTYnlMOTB3ZDZrdWhFNjV5ZndOcFl2OGQ2UF9mQ3E1aHdoa1BKcHUwUTJlZXBXdm1sWTJpa19PUDVCa1BOZndfcmdPU28wQnFvYjNqZnYxd0lEcEFoLVNhY2lUeWlGcmJ3M2JySnJaM0pUV3FQNnNla1QxWHlhdUNjYmFsdzdyT0xGUFRRckdPeWo2RFBzSFoyVHVrMzVvQmQ2VjEwODRmYzhDYlpCWjhmUnh2LXh5S0VVZw?oc=5,Google News - Company,RSS,0.7,"Thu, 12 Mar 2026 07:00:00 GMT",2026-09-01T22:46:04.767595+00:00,0.34,BULLISH,1,0.1,0.0238
fdc3a794f1d8121a9910c9fac922ada03e2dd477925b49bb7042305c465daaf0,"ED attaches fresh assets worth over Rs 1,000 cr in probe against Reliance Anil Ambani Group - DT Next","<a href=""https://news.google.com/rss/articles/CBMixAFBVV95cUxPMzFXSHloNXJ6Yl8zeUFxbXpwTzRFS1VXOHM3WTNWY0F2bUhadDNhbkxfTGFVWVl3TXp4SlNjR05SSmJtY1gyQ0dOSGZRVnU1VE9JWDRSNktjbmszbDNOSV9fQmNYOWM4YXA4eU12ckxMLWJ2UklkWDlJdVViYmdPMDVkUkFIZ0o4Xzd6b1lha1hJcTJnMnVDOVpRbEJGMGhrM1FFblpyZVVucmd0TUxRZ3Y0MXV1WGZZa1ZPWk52YzZzVU9r?oc=5"" target=""_blank"">ED attaches fresh assets worth over Rs 1,000 cr in probe against Reliance Anil Ambani Group</a>&nbsp;&nbsp;<font color=""#6f6f6f"">DT Next</font>",https://news.google.com/rss/articles/CBMixAFBVV95cUxPMzFXSHloNXJ6Yl8zeUFxbXpwTzRFS1VXOHM3WTNWY0F2bUhadDNhbkxfTGFVWVl3TXp4SlNjR05SSmJtY1gyQ0dOSGZRVnU1VE9JWDRSNktjbmszbDNOSV9fQmNYOWM4YXA4eU12ckxMLWJ2UklkWDlJdVViYmdPMDVkUkFIZ0o4Xzd6b1lha1hJcTJnMnVDOVpRbEJGMGhrM1FFblpyZVVucmd0TUxRZ3Y0MXV1WGZZa1ZPWk52YzZzVU9r?oc=5,Google News - Company,RSS,0.7,"Sat, 11 Jul 2026 07:00:00 GMT",2026-09-01T22:46:04.767562+00:00,0.8316,BULLISH,1,0.1,0.058212
b2d8ea196d31f9ad73abcc438097bc258d3fdb4620492b481bf2fb2555806b42,"Market Overview: Reliance, Power Grid, and IREDA in Focus Today - India News Network","<a href=""https://news.google.com/rss/articles/CBMinwFBVV95cUxPUU5hdGlTVlNvcUwxMWxsanp6R2c5MXh3VHJidFEyR3EyUVlGMzVKbGJiWEZQT1FtR1lESnZhR1FXQkVLV2sxVzFQdkNWM3FUUjBGQ05hd00tZXBOaDU4RFB2VVJ0bHhmVTlDdzdlaHhVcVE5QTgtTzVuYUJRRFlCVmtkM0RabndUMjFXSDlzU1daTzQySFVOYlFuZ2xDWnc?oc=5"" target=""_blank"">Market Overview: Reliance, Power Grid, and IREDA in Focus Today</a>&nbsp;&nbsp;<font color=""#6f6f6f"">India News Network</font>",https://news.google.com/rss/articles/CBMinwFBVV95cUxPUU5hdGlTVlNvcUwxMWxsanp6R2c5MXh3VHJidFEyR3EyUVlGMzVKbGJiWEZQT1FtR1lESnZhR1FXQkVLV2sxVzFQdkNWM3FUUjBGQ05hd00tZXBOaDU4RFB2VVJ0bHhmVTlDdzdlaHhVcVE5QTgtTzVuYUJRRFlCVmtkM0RabndUMjFXSDlzU1daTzQySFVOYlFuZ2xDWnc?oc=5,Google News - Company,RSS,0.7,"Mon, 24 Aug 2026 05:34:37 GMT",2026-09-01T22:46:04.767548+00:00,0.0,NEUTRAL,1,0.1,0.0
9979e2aa9e64997af07e361a07ca8e6e3f30f9cd4be3d760d31fb580bbeb5b9b,"Reliance Infra, Reliance Comms share prices hit 52-week lows; here's why - Business Standard","<a href=""https://news.google.com/rss/articles/CBMi0wFBVV95cUxOWTVvb3hyR0dwQmRZQlZuVmllT2lkZzdMTHFtNnBiRmlZNjMySHNPOFN0aUUzNk5GU1c0d0V4QjhGZklXR2xLZXhGZG9zSmp1SnN0SU1rT1hUSjBmOVZubW9hdk9RVUpiWEFmSmN3ZVhtcGZaM2x1TjBQQ2pCWWdXVFF5V2VibUtDVUY2ZXNsOTZRN0kxYTRYR0xKM2lJWHF5OVlDa3lsUEd5clpxd2dqdS1RVUk4Y09saVBNNjJKUUNIT2hmRnJvM2U0VWVGS0dPWGRR0gHYAUFVX3lxTE5TY3NYbmw3OE5meFlCWFh2Q2g1Ny1zX0ZsWWpleUpZQWR5ZDM3N3BvcUtTdVZRa2MyeGUzYmpoTzhvdnpvcS0xcHpFZXFDcnd5MmF6TUZza0VSbmhvbXdCUGc1dGYtTTlzWG94QW95SjliZngxVDluWVV6RWh4YU5NeC1kaW14ZzRnY1M5dG5sYWdrZjBDdzFKWDNOUUlESy1VYmFNa1YySUdzVG1RWmhpX25yUTZLWEdOeGI3VURKLWtjS1ZKX281T01nOUZlRHFRVEVMUzk2ZQ?oc=5"" target=""_blank"">Reliance Infra, Reliance Comms share prices hit 52-week lows; here's why</a>&nbsp;&nbsp;<font color=""#6f6f6f"">Business Standard</font>",https://news.google.com/rss/articles/CBMi0wFBVV95cUxOWTVvb3hyR0dwQmRZQlZuVmllT2lkZzdMTHFtNnBiRmlZNjMySHNPOFN0aUUzNk5GU1c0d0V4QjhGZklXR2xLZXhGZG9zSmp1SnN0SU1rT1hUSjBmOVZubW9hdk9RVUpiWEFmSmN3ZVhtcGZaM2x1TjBQQ2pCWWdXVFF5V2VibUtDVUY2ZXNsOTZRN0kxYTRYR0xKM2lJWHF5OVlDa3lsUEd5clpxd2dqdS1RVUk4Y09saVBNNjJKUUNIT2hmRnJvM2U0VWVGS0dPWGRR0gHYAUFVX3lxTE5TY3NYbmw3OE5meFlCWFh2Q2g1Ny1zX0ZsWWpleUpZQWR5ZDM3N3BvcUtTdVZRa2MyeGUzYmpoTzhvdnpvcS0xcHpFZXFDcnd5MmF6TUZza0VSbmhvbXdCUGc1dGYtTTlzWG94QW95SjliZngxVDluWVV6RWh4YU5NeC1kaW14ZzRnY1M5dG5sYWdrZjBDdzFKWDNOUUlESy1VYmFNa1YySUdzVG1RWmhpX25yUTZLWEdOeGI3VURKLWtjS1ZKX281T01nOUZlRHFRVEVMUzk2ZQ?oc=5,Google News - Stock,RSS,0.7,"Fri, 27 Feb 2026 08:00:00 GMT",2026-09-01T22:46:05.199157+00:00,0.2023,BULLISH,1,0.1,0.014161
cb48fdc2f84c7d42263cfd45f3ff7cdbc1b7dcb53ca38e54524b9bd485b4d969,"Stocks to buy for short term: From Reliance, Power Grid to SBI— 5 stock picks suggested by experts for next 1-2 weeks - Livemint","<a href=""https://news.google.com/rss/articles/CBMikgJBVV95cUxOQ0gyVHJMeUNvMkpKdG9kRUNTdGlpTHJfRmVGRy1yQ0MyVGx6WkNuNDRUNkV5cEhLMThic2tDY3FYRHI1bEkzTEVudk5MT2FrM2lZY0xXT1puSHM3TEszeHNoU0gyVGE3QlZMUmQwVkxhV3Vwcm84bl93MnhVd0pocmtmWGNwYnE4c1NBZ0xZSGRMN2hRUVNUNVdRaFBqUEFVM1VoV2ctbWNLODFmZFVERjhXM2FKX1p0TWplQ0ppc0MtV0dtcGo3UUhNVHN3OXpCUVA2Y0tmZVhNY0ZKM0ZwU1ZOeFVtR0YzdUx5clFjOE5YcW9zRklndWdvRTdPN1dtZGtGSW40eVpyN21WSHZRX1JB0gGXAkFVX3lxTFBRX09uVkdLb0ZhZGZDNTZsY2oxQ1ROVk5NT24tREhyUG1ubXJyRW9JRkZOZGFNbnlqUzhNV1hwMS05dmxnWEJ6VHRVdmdxOFdxcndPemFXZjU2LXpvQmM2WHI5R01nQXQxWXRvX0hmQzY2UUJJd2JBdEk0bEQtSzZiMGlFRjlCTVd2OVczNDlkU3hfcE82LWxUSUtXSzFJckVodjZJTVJfeGVDX1ducm5tM29fUDExS3h4VnEzU2JfVjMxdEtQdG9ic3MyVXl1OXNDbmVGRXp2RkN2ekxZamQzdHBDQTNnSjVGWjA2YjJBM29rNk9wRDBvWVhGZ0g0a0dCRVNET25icXFHU1RjNl9Qd2I4MEZVYw?oc=5"" target=""_blank"">Stocks to buy for short term: From Reliance, Power Grid to SBI— 5 stock picks suggested by experts for next 1-2 weeks</a>&nbsp;&nbsp;<font color=""#6f6f6f"">Livemint</font>",https://news.google.com/rss/articles/CBMikgJBVV95cUxOQ0gyVHJMeUNvMkpKdG9kRUNTdGlpTHJfRmVGRy1yQ0MyVGx6WkNuNDRUNkV5cEhLMThic2tDY3FYRHI1bEkzTEVudk5MT2FrM2lZY0xXT1puSHM3TEszeHNoU0gyVGE3QlZMUmQwVkxhV3Vwcm84bl93MnhVd0pocmtmWGNwYnE4c1NBZ0xZSGRMN2hRUVNUNVdRaFBqUEFVM1VoV2ctbWNLODFmZFVERjhXM2FKX1p0TWplQ0ppc0MtV0dtcGo3UUhNVHN3OXpCUVA2Y0tmZVhNY0ZKM0ZwU1ZOeFVtR0YzdUx5clFjOE5YcW9zRklndWdvRTdPN1dtZGtGSW40eVpyN21WSHZRX1JB0gGXAkFVX3lxTFBRX09uVkdLb0ZhZGZDNTZsY2oxQ1ROVk5NT24tREhyUG1ubXJyRW9JRkZOZGFNbnlqUzhNV1hwMS05dmxnWEJ6VHRVdmdxOFdxcndPemFXZjU2LXpvQmM2WHI5R01nQXQxWXRvX0hmQzY2UUJJd2JBdEk0bEQtSzZiMGlFRjlCTVd2OVczNDlkU3hfcE82LWxUSUtXSzFJckVodjZJTVJfeGVDX1ducm5tM29fUDExS3h4VnEzU2JfVjMxdEtQdG9ic3MyVXl1OXNDbmVGRXp2RkN2ekxZamQzdHBDQTNnSjVGWjA2YjJBM29rNk9wRDBvWVhGZ0g0a0dCRVNET25icXFHU1RjNl9Qd2I4MEZVYw?oc=5,Google News - Stock,RSS,0.7,"Tue, 24 Mar 2026 07:00:00 GMT",2026-09-01T22:46:05.199001+00:00,0.0,NEUTRAL,1,0.1,0.0
1969d80dee0465f7d56b391dfe5d38897567e4e9ac599d2c1a39b2e61704db5f,"Stocks to buy or sell: Dharmesh Shah of ICICI Sec suggests buying Reliance, Power Grid Corp shares on April 20 - Livemint","<a href=""https://news.google.com/rss/articles/CBMiigJBVV95cUxQeThZZnVnTmVraDhHQ0lQbzBaWEwwS0k1NFptNVFzcU5VRzF5SjlRbUxrNnRoUDZVZG1zNXVWSFFUd0dJNFNQZlhCcy1BQW1CWFA1VXloaDQ0emJJQWVHRE85QWY5ZUNWcWN6ZF9LazRFUmFoZllkbXBvVS1RVXNtUUZ5TUJ1a25YR2haSVN4TTdscXk0eUlzbmplR3dNWDdzYk9XSmF3VF9fT0NlVkN1NlhhVjFKLU1RSHdXQkNtX0lzMnJSTGtuLXRYY25CamFEUzFlNHZMeC1mVG5PYWFiQU9TT1RoWWFwVDJsak5ndWhJOVdsZkk4bmFHblZtdE9VMVc2SlRieXYyQdIBjwJBVV95cUxPVEFtQVp5Tmw1S2NmMlFfbFdYQTlSaWhfdmNPMFlQTXZFbzBaak5GTHJ0UGVyNHBYem85bk1UVDZmLVo2M3V4X0V2eUhfN1VidDBtdzdtQldnLURCSjBFLWdTSHVUa203eHlHUmlGdXNObllsYXJpQk1ycFl2WmNxZl9UZzcxdDRmQ1paYmpZWmNBZGcxZDZ0VFkzVzEtZ1duc2JJUUlYTEhTUW5fWjBVMk5NS0JNdzJfX0J4ak8wRXdHaXo2MHZhQnJhU2VfT1F0SEt1NmVnSVpiUnpLbTlxUFpzMXRuRmU1WjR5U2xYenk4TmlPcW9MQjJvTFhDeEJKLXkxOS1xSkFHT1JFd2dz?oc=5"" target=""_blank"">Stocks to buy or sell: Dharmesh Shah of ICICI Sec suggests buying Reliance, Power Grid Corp shares on April 20</a>&nbsp;&nbsp;<font color=""#6f6f6f"">Livemint</font>",https://news.google.com/rss/articles/CBMiigJBVV95cUxQeThZZnVnTmVraDhHQ0lQbzBaWEwwS0k1NFptNVFzcU5VRzF5SjlRbUxrNnRoUDZVZG1zNXVWSFFUd0dJNFNQZlhCcy1BQW1CWFA1VXloaDQ0emJJQWVHRE85QWY5ZUNWcWN6ZF9LazRFUmFoZllkbXBvVS1RVXNtUUZ5TUJ1a25YR2haSVN4TTdscXk0eUlzbmplR3dNWDdzYk9XSmF3VF9fT0NlVkN1NlhhVjFKLU1RSHdXQkNtX0lzMnJSTGtuLXRYY25CamFEUzFlNHZMeC1mVG5PYWFiQU9TT1RoWWFwVDJsak5ndWhJOVdsZkk4bmFHblZtdE9VMVc2SlRieXYyQdIBjwJBVV95cUxPVEFtQVp5Tmw1S2NmMlFfbFdYQTlSaWhfdmNPMFlQTXZFbzBaak5GTHJ0UGVyNHBYem85bk1UVDZmLVo2M3V4X0V2eUhfN1VidDBtdzdtQldnLURCSjBFLWdTSHVUa203eHlHUmlGdXNObllsYXJpQk1ycFl2WmNxZl9UZzcxdDRmQ1paYmpZWmNBZGcxZDZ0VFkzVzEtZ1duc2JJUUlYTEhTUW5fWjBVMk5NS0JNdzJfX0J4ak8wRXdHaXo2MHZhQnJhU2VfT1F0SEt1NmVnSVpiUnpLbTlxUFpzMXRuRmU1WjR5U2xYenk4TmlPcW9MQjJvTFhDeEJKLXkxOS1xSkFHT1JFd2dz?oc=5,Google News - Stock,RSS,0.7,"Sun, 19 Apr 2026 07:00:00 GMT",2026-09-01T22:46:05.198976+00:00,0.5267,BULLISH,1,0.1,0.036869
149e8a488a10c3dbd11242cd7543db7ecd7ec74e696156dffdeaacbac7ec0448,Stocks to buy under ₹200: Mehul Kothari of Anand Rathi recommends three shares to buy or sell - Livemint,"<a href=""https://news.google.com/rss/articles/CBMi9wFBVV95cUxORXNKMW9qMWtlSEw5MTh0QlFXU2VkejZkVkRtMm00eGtDdl9UTk55cHJDQi1HelhQSTRxQ0gwRVYwWWxDQ05ySzU1dTBrVXhUQThpa1VTVy03ZmtxZnJURlVKUlh2dHhReldodzNzWTdHa2J5cU1qTzc0VzJFX2RCbThfRHFUQnZxQ1RCQUdwNHlNblhNY0paUFZnNDY3a1lMZ2JBUGU0Q2NxcUo2R1NmajVuTTZKcGpqSGRMeWE0NTZRSkxyWTRRX3pBdEhpam95R2FfaVlzSGRuNDdxVjY3Uzk3VTBvQUk0RkwtUzZFMnFSeHFaczBN0gH8AUFVX3lxTFB5dm9wVjZBVk4xNzFnMExvTFFKWG5hV3VOM1d1VjlUdWRhb2V1WXM3R2tWcmYxR1N0dXpBazZOck5fSXc0NmZOOVViUEVNSWN3TVB2VmxkaVJQZVF4TWtGVmF3MU9FUGpnYzhXaVI3bjVYUFQ0ZXJ6UzhMMjJ4aFl0LVI1RkVYSTNFWnJyYk4zWkx4NEtnTmVqT3FYZDB0LWhOYjNHU1hKajlRWmVSbWVTRE1EYWxiVVg3aWYtcDdDbmVPQW85VUpRc1ZMWW1RV1N6OXdlTi1zZDlzQURLQlpVOGtlcnVtTUhHTFBuZVE0QU1EdF9LSVFDeHoyZw?oc=5"" target=""_blank"">Stocks to buy under ₹200: Mehul Kothari of Anand Rathi recommends three shares to buy or sell</a>&nbsp;&nbsp;<font color=""#6f6f6f"">Livemint</font>",https://news.google.com/rss/articles/CBMi9wFBVV95cUxORXNKMW9qMWtlSEw5MTh0QlFXU2VkejZkVkRtMm00eGtDdl9UTk55cHJDQi1HelhQSTRxQ0gwRVYwWWxDQ05ySzU1dTBrVXhUQThpa1VTVy03ZmtxZnJURlVKUlh2dHhReldodzNzWTdHa2J5cU1qTzc0VzJFX2RCbThfRHFUQnZxQ1RCQUdwNHlNblhNY0paUFZnNDY3a1lMZ2JBUGU0Q2NxcUo2R1NmajVuTTZKcGpqSGRMeWE0NTZRSkxyWTRRX3pBdEhpam95R2FfaVlzSGRuNDdxVjY3Uzk3VTBvQUk0RkwtUzZFMnFSeHFaczBN0gH8AUFVX3lxTFB5dm9wVjZBVk4xNzFnMExvTFFKWG5hV3VOM1d1VjlUdWRhb2V1WXM3R2tWcmYxR1N0dXpBazZOck5fSXc0NmZOOVViUEVNSWN3TVB2VmxkaVJQZVF4TWtGVmF3MU9FUGpnYzhXaVI3bjVYUFQ0ZXJ6UzhMMjJ4aFl0LVI1RkVYSTNFWnJyYk4zWkx4NEtnTmVqT3FYZDB0LWhOYjNHU1hKajlRWmVSbWVTRE1EYWxiVVg3aWYtcDdDbmVPQW85VUpRc1ZMWW1RV1N6OXdlTi1zZDlzQURLQlpVOGtlcnVtTUhHTFBuZVE0QU1EdF9LSVFDeHoyZw?oc=5,Google News - Stock,RSS,0.7,"Sat, 06 Jun 2026 07:00:00 GMT",2026-09-01T22:46:05.198968+00:00,0.7351,BULLISH,1,0.1,0.051457
cf0bf4d5d87c80b04584ea4c4e3fe264e69dffb645a5820afa9cc59b6d10d746,"Volume buzzers: Paisalo Digital, Rel Power, Kinetic Engg zoom up to 20% - Business Standard","<a href=""https://news.google.com/rss/articles/CBMi3wFBVV95cUxQcTBGMi13Vk5mNkV2SVZOZGZ2czJlOUNwNlJYeGpxeU5fSjBvS2hZOVBwbEYyeW1Razl3OE5lSkJVb2gzM2M1eEtjRnhsQkJRMF9xVzhKUnNrY01ZeDBZMkRfaWZWYUZjOHZtRTcxeDZ1TXdfSjBLRVNvbDd2VUZqZ3llZTZTRURwczh2SjFzQXpUTUNiM2o2X01QMlFxUUkycHY0ZTQyTjJfM1VyM19XM1VLc09veFFTeWp6ZF8wNjFGNlNkSTBWZUE2RXV0ZzA1M3dYaFZpcm9WUnFMMWh30gHkAUFVX3lxTE0yVlpTeEJEc3pRQXBfeWNPSW95Q0hSZkZKb3dTX2Z1SVpqaXpPUVp3Vjh3c2lYNjlOZ2NVRDB3V3BtM21fTmpBMDJNcl8weTlza21iOFRKQzhqd0prZnFBQ0RmM2hCbjQ5cDJfTHZRTzRNSDJ3aWFoeXZiQU5YUWc3NHZ4MlFBT0FBOFRyQ1pZb3h0NlgyakRjaUlYYmQwMU9XQk16a0NJNGhIVmVkeEk4N21WMkVSb0ZEY3VhQ2ZDeHdPMTk3YUpjdWZWSEpucFBOalc4UzNjc05mVHdDbnFjaEU5Mg?oc=5"" target=""_blank"">Volume buzzers: Paisalo Digital, Rel Power, Kinetic Engg zoom up to 20%</a>&nbsp;&nbsp;<font color=""#6f6f6f"">Business Standard</font>",https://news.google.com/rss/articles/CBMi3wFBVV95cUxQcTBGMi13Vk5mNkV2SVZOZGZ2czJlOUNwNlJYeGpxeU5fSjBvS2hZOVBwbEYyeW1Razl3OE5lSkJVb2gzM2M1eEtjRnhsQkJRMF9xVzhKUnNrY01ZeDBZMkRfaWZWYUZjOHZtRTcxeDZ1TXdfSjBLRVNvbDd2VUZqZ3llZTZTRURwczh2SjFzQXpUTUNiM2o2X01QMlFxUUkycHY0ZTQyTjJfM1VyM19XM1VLc09veFFTeWp6ZF8wNjFGNlNkSTBWZUE2RXV0ZzA1M3dYaFZpcm9WUnFMMWh30gHkAUFVX3lxTE0yVlpTeEJEc3pRQXBfeWNPSW95Q0hSZkZKb3dTX2Z1SVpqaXpPUVp3Vjh3c2lYNjlOZ2NVRDB3V3BtM21fTmpBMDJNcl8weTlza21iOFRKQzhqd0prZnFBQ0RmM2hCbjQ5cDJfTHZRTzRNSDJ3aWFoeXZiQU5YUWc3NHZ4MlFBT0FBOFRyQ1pZb3h0NlgyakRjaUlYYmQwMU9XQk16a0NJNGhIVmVkeEk4N21WMkVSb0ZEY3VhQ2ZDeHdPMTk3YUpjdWZWSEpucFBOalc4UzNjc05mVHdDbnFjaEU5Mg?oc=5,Google News - Company,RSS,0.7,"Wed, 01 Jul 2026 07:00:00 GMT",2026-09-01T22:46:04.767327+00:00,0.0,NEUTRAL,1,0.1,0.0
601fa6b5dedb1b4142387a4ce2b4b26c263e602a4d74a71b9b2563d255bc7862,ED files chargesheet against Anil Ambani firm for submitting bogus bank guarantee - newindianexpress.com,"<a href=""https://news.google.com/rss/articles/CBMi0AFBVV95cUxOem9mVVJEb0JGbVQtYzVFM3psbTFmV0xERHZmT0FqZ2dHODBFaGFKdmdYWUdkSElLckV5VE80N0M0NzJwelBoVHVNbDRGRUhpXzBNVkk3QWVMWlhKN1M2elBqMUF6alUteFVMZ21DcU1ydHJYbUNQQU4zcTVrMVc2cjkzVy1wSTQyUTVsM21CSm5sR0ZkVW44TnZVOUQ0S2p4R2c0QUloLUMtTDYtM0llZ2RVQVpQakJJMnJNTXZfTWNSRDI4cFB4dDE3TGNMc3RZ0gHeAUFVX3lxTE9sR1RhMWxwSWF4RENJOTEyY0NHNWEwTzgyUTRqbnFqR0R4M21laTR4U0pnNjBPNmU5RjhxZE5LUGVwOHZlVzY0THIzSEVpd0xfWTJ3REJhVXMtVjZJZy1vOTVpUmRwUU0wSU5QeDJMbDdJRHB2SmRTaXk1NVQzdGI0bmVHVUFuRmV2S1lEWkFUbTZXa0p3M3ljR2VHcjd4akFLeldzMWtnMkdkQnZ2LWEtRkpSd1NsQ25hbER2N2hnVGlTcE1VUWM1empjYnlxMWJtZ3RQdURXS3JucGl4QQ?oc=5"" target=""_blank"">ED files chargesheet against Anil Ambani firm for submitting bogus bank guarantee</a>&nbsp;&nbsp;<font color=""#6f6f6f"">newindianexpress.com</font>",https://news.google.com/rss/articles/CBMi0AFBVV95cUxOem9mVVJEb0JGbVQtYzVFM3psbTFmV0xERHZmT0FqZ2dHODBFaGFKdmdYWUdkSElLckV5VE80N0M0NzJwelBoVHVNbDRGRUhpXzBNVkk3QWVMWlhKN1M2elBqMUF6alUteFVMZ21DcU1ydHJYbUNQQU4zcTVrMVc2cjkzVy1wSTQyUTVsM21CSm5sR0ZkVW44TnZVOUQ0S2p4R2c0QUloLUMtTDYtM0llZ2RVQVpQakJJMnJNTXZfTWNSRDI4cFB4dDE3TGNMc3RZ0gHeAUFVX3lxTE9sR1RhMWxwSWF4RENJOTEyY0NHNWEwTzgyUTRqbnFqR0R4M21laTR4U0pnNjBPNmU5RjhxZE5LUGVwOHZlVzY0THIzSEVpd0xfWTJ3REJhVXMtVjZJZy1vOTVpUmRwUU0wSU5QeDJMbDdJRHB2SmRTaXk1NVQzdGI0bmVHVUFuRmV2S1lEWkFUbTZXa0p3M3ljR2VHcjd4akFLeldzMWtnMkdkQnZ2LWEtRkpSd1NsQ25hbER2N2hnVGlTcE1VUWM1empjYnlxMWJtZ3RQdURXS3JucGl4QQ?oc=5,Google News - Deals,RSS,0.7,"Sat, 06 Dec 2025 08:00:00 GMT",2026-09-01T22:46:06.163784+00:00,0.25,BULLISH,1,0.1,0.017499999999999998
3aaf0c958030d6862178ad1097222d7a1df0cf3bafbd8bbaf84f843a664a3b29,ED Attaches Rs 1120 Crore Worth Assets Linked To Anil Ambani's Reliance Group - ETV Bharat,"<a href=""https://news.google.com/rss/articles/CBMirAFBVV95cUxQRHkxQ0RqWGxGUmJfLS1kQnJuczVueXkweVhOYV9nZmduUExZamlKektVMDVjVDljeVV3YTgtTVhkVVNmdnljUUNtUnFRUlRKZVFrM092QUdKZnQtbVJGNlZlQ0c1c0wySVF5TVAzb1FzaThadllpeUdqVVE3eC1ZYkQwT2pXNVhPN0V4TTRnanl5Q0FoN1UzLTVCWDExRlJ3WklxaFJQdXJEcV9Q0gGyAUFVX3lxTFB6dFpfc3BuSzdGWDFmZTZHNXpGM195ZHdCWEdCNEVOVlgtaW5uVXVqUnpRcWcwamNUU2M3S0l5TGxGSm9nN3ZBZ3h3TzJfTzVQeVdHOV9iZkxEUWNmSHdTNnMyek5JUGlCVVpiRVZOa0xESFZUNTVlcTA3dGRFN1J4Um5DaTAtdmFseGRxekduSDNsNHVvelNrTk9QRTVkYTB6Q1AtQjdibk12cjI5WFZVV2c?oc=5"" target=""_blank"">ED Attaches Rs 1120 Crore Worth Assets Linked To Anil Ambani's Reliance Group</a>&nbsp;&nbsp;<font color=""#6f6f6f"">ETV Bharat</font>",https://news.google.com/rss/articles/CBMirAFBVV95cUxQRHkxQ0RqWGxGUmJfLS1kQnJuczVueXkweVhOYV9nZmduUExZamlKektVMDVjVDljeVV3YTgtTVhkVVNmdnljUUNtUnFRUlRKZVFrM092QUdKZnQtbVJGNlZlQ0c1c0wySVF5TVAzb1FzaThadllpeUdqVVE3eC1ZYkQwT2pXNVhPN0V4TTRnanl5Q0FoN1UzLTVCWDExRlJ3WklxaFJQdXJEcV9Q0gGyAUFVX3lxTFB6dFpfc3BuSzdGWDFmZTZHNXpGM195ZHdCWEdCNEVOVlgtaW5uVXVqUnpRcWcwamNUU2M3S0l5TGxGSm9nN3ZBZ3h3TzJfTzVQeVdHOV9iZkxEUWNmSHdTNnMyek5JUGlCVVpiRVZOa0xESFZUNTVlcTA3dGRFN1J4Um5DaTAtdmFseGRxekduSDNsNHVvelNrTk9QRTVkYTB6Q1AtQjdibk12cjI5WFZVV2c?oc=5,Google News - Deals,RSS,0.7,"Fri, 05 Dec 2025 08:00:00 GMT",2026-09-01T22:46:06.163708+00:00,0.6369,BULLISH,1,0.1,0.044583000000000005
b7334c4f5b737ab02a9fa9912ae95177a433f69acd83f6d5ee8c31970bda0b38,"ED attaches Reliance Group properties worth Rs 1,120 crore in diversion of public funds - newindianexpress.com","<a href=""https://news.google.com/rss/articles/CBMi0wFBVV95cUxNYTlUNjJ3RFBhUXRLam96MWJFVGtUa1FCNW9jZVFscGpYMXE1VFZ3ZmNvNVRjZ3J1MXdjRkpyOW9yR2NmV3dCQVk4RUdiX20wUlhidDNwOTZBQ0tGSUhGd2Mwc3BwZUh1UkdMQWg1X1JqWmtxVGNPMzhGUk5FWnE3alZmdE9fTTQyaE1UZjAwbkVIN0JGdjFsZlBNTURrSW5ZcFZ5Zl9ReWZKdXBadFlWRDVzakptOEVJOWxwMTVLc2FoSS1WZG1IZXYxenMxcXVUWVJj0gHgAUFVX3lxTE55ci12LUNmRG91b1RmNDlXTXNKdFNObEVTeHlJejg2bU91Y01aSFJLRmVhLU1mY2VBdk83MENZMHZtaHU3ZzNTUzZUUDJpTkZST3hhT1B1N204b0llejhTRVd3X3BwN19VYnpTbnEzam5QbWRWMC1CMEpEZnhHalNWRk9HYVFrR2lXU1dmQ0kyNWo5cG1fRTFGSDdGblA2Yk9raC1HdmZHOTBvR3hiay1pVjVIaU41MUlCZndHV3hyTG9vY2dFUUs3eHRZM2lnemFmaUQxLXZteGdWZG9YRzdY?oc=5"" target=""_blank"">ED attaches Reliance Group properties worth Rs 1,120 crore in diversion of public funds</a>&nbsp;&nbsp;<font color=""#6f6f6f"">newindianexpress.com</font>",https://news.google.com/rss/articles/CBMi0wFBVV95cUxNYTlUNjJ3RFBhUXRLam96MWJFVGtUa1FCNW9jZVFscGpYMXE1VFZ3ZmNvNVRjZ3J1MXdjRkpyOW9yR2NmV3dCQVk4RUdiX20wUlhidDNwOTZBQ0tGSUhGd2Mwc3BwZUh1UkdMQWg1X1JqWmtxVGNPMzhGUk5FWnE3alZmdE9fTTQyaE1UZjAwbkVIN0JGdjFsZlBNTURrSW5ZcFZ5Zl9ReWZKdXBadFlWRDVzakptOEVJOWxwMTVLc2FoSS1WZG1IZXYxenMxcXVUWVJj0gHgAUFVX3lxTE55ci12LUNmRG91b1RmNDlXTXNKdFNObEVTeHlJejg2bU91Y01aSFJLRmVhLU1mY2VBdk83MENZMHZtaHU3ZzNTUzZUUDJpTkZST3hhT1B1N204b0llejhTRVd3X3BwN19VYnpTbnEzam5QbWRWMC1CMEpEZnhHalNWRk9HYVFrR2lXU1dmQ0kyNWo5cG1fRTFGSDdGblA2Yk9raC1HdmZHOTBvR3hiay1pVjVIaU41MUlCZndHV3hyTG9vY2dFUUs3eHRZM2lnemFmaUQxLXZteGdWZG9YRzdY?oc=5,Google News - Deals,RSS,0.7,"Fri, 05 Dec 2025 08:00:00 GMT",2026-09-01T22:46:06.163686+00:00,0.4215,BULLISH,1,0.1,0.029505
80d7ff1811f71a644ae5f3ea4278fb0c223a57f2d28162c89bf5afeae4ae8e79,Amitabh Jhunjhunwala had no association with Reliance Group after 2019: RPower after ED arrest - Daily Excelsior,"<a href=""https://news.google.com/rss/articles/CBMiwwFBVV95cUxQZFdKWndVeUhHS3dzbWQwOE95RHpvYVpVd2NzdWNDeVU0N01VZHpyTkVHbFBZMVd1WFdoQzZSZDdRUTJRd1BpQl9KTmF4YVdDUDVTNHpodmRXallIT1NvdXBjWjk1eUFyVWs3WVFMbGlQRWc5SzNYUktXWEVMUU5VeVdoOFFpSnpscnRwcUtYXzhpeEtqUERydzNkQWpxaDZjOFVKOTVVYWp3eXl3bDJncTBVNXVHaEFBQ3JEcjVnQkRfdm_SAccBQVVfeXFMTXZiN2VaWkVrTklNR3BzNGJUSVpVNkZySGE2RHpQcnZ6enpnN3lYSzdLMFFFYzBYWldjTjJuN2FicmdtMkRiWm8yQ2pVU1ZSZV84aU40SWx5WEVzZmt6SG5kbG5ncWppbkFDX1VyOFVoZHVmR0FTSkVIMTVrRFVqQnJBRDNUOHFpQjBReUs0aWFxSWlIN1RXb3FCYzF0bmxjWE5OdkNLNHdIRTlJeE8tUE9ETnNURUF3TEpzVWpOZjV5QW4wbU1nQQ?oc=5"" target=""_blank"">Amitabh Jhunjhunwala had no association with Reliance Group after 2019: RPower after ED arrest</a>&nbsp;&nbsp;<font color=""#6f6f6f"">Daily Excelsior</font>",https://news.google.com/rss/articles/CBMiwwFBVV95cUxQZFdKWndVeUhHS3dzbWQwOE95RHpvYVpVd2NzdWNDeVU0N01VZHpyTkVHbFBZMVd1WFdoQzZSZDdRUTJRd1BpQl9KTmF4YVdDUDVTNHpodmRXallIT1NvdXBjWjk1eUFyVWs3WVFMbGlQRWc5SzNYUktXWEVMUU5VeVdoOFFpSnpscnRwcUtYXzhpeEtqUERydzNkQWpxaDZjOFVKOTVVYWp3eXl3bDJncTBVNXVHaEFBQ3JEcjVnQkRfdm_SAccBQVVfeXFMTXZiN2VaWkVrTklNR3BzNGJUSVpVNkZySGE2RHpQcnZ6enpnN3lYSzdLMFFFYzBYWldjTjJuN2FicmdtMkRiWm8yQ2pVU1ZSZV84aU40SWx5WEVzZmt6SG5kbG5ncWppbkFDX1VyOFVoZHVmR0FTSkVIMTVrRFVqQnJBRDNUOHFpQjBReUs0aWFxSWlIN1RXb3FCYzF0bmxjWE5OdkNLNHdIRTlJeE8tUE9ETnNURUF3TEpzVWpOZjV5QW4wbU1nQQ?oc=5,Google News - Deals,RSS,0.7,"Thu, 16 Apr 2026 07:00:00 GMT",2026-09-01T22:46:06.163655+00:00,-0.6249,BEARISH,1,0.1,-0.043743000000000004
d295d10073a2f2e0daa5c6c3432e8c5eb2cb784454730aa0da3ac6b5f6c0b948,ED conducts fresh raids in Anil Ambani group's Reliance Home Finance probe - newindianexpress.com,"<a href=""https://news.google.com/rss/articles/CBMixgFBVV95cUxNeU8tTlkxNnhHZW1QdlhBb2xLT2xFeHlVTHBacWZBcWhSdy1pQ3p5UUlzWjV4bElBR0U5NTFxeU1iQ1A5ODFxTG9TSUlSNU9NTXgtZkRiaDU1WFRWZkNtYXRrMk8tLVFkNnIySlprVTFYV2k0U0NzLXRGZjZVY2hfTEhVbFVLVW81STY5MWF2ZS1QRkFGMWpZQmd5MVJKaTladktpNG4tTWdEMEFlQ2N0NHpDVENfTHllTC1sYjF2U2hUbkZNTFHSAdMBQVVfeXFMT2hYN1VWdXc5UE8zVUVFVVZVS0hGbzRzVS1pMmxQYXJFdUtqZ0FUTEU0Z09xdFNZemNfRFVEVldwWWdFY3Q0VzBkS3lFYkFMR0w1NW5vVkt3blg1OXc3aWhkeHkzOWE3c0dOQ18xRzlrNXVJUmxqeHpnUzhtbnpvWUhlQXJFU0RZODRjS29PUDNvRlNfMFNtWU4zNF8xMHhVQWN0bEU0dHJraUllQ3A3QjRlVjFZRTJqbmNYazIyTXNsbUdpVldoWUpENWVCcktuTTVjZw?oc=5"" target=""_blank"">ED conducts fresh raids in Anil Ambani group's Reliance Home Finance probe</a>&nbsp;&nbsp;<font color=""#6f6f6f"">newindianexpress.com</font>",https://news.google.com/rss/articles/CBMixgFBVV95cUxNeU8tTlkxNnhHZW1QdlhBb2xLT2xFeHlVTHBacWZBcWhSdy1pQ3p5UUlzWjV4bElBR0U5NTFxeU1iQ1A5ODFxTG9TSUlSNU9NTXgtZkRiaDU1WFRWZkNtYXRrMk8tLVFkNnIySlprVTFYV2k0U0NzLXRGZjZVY2hfTEhVbFVLVW81STY5MWF2ZS1QRkFGMWpZQmd5MVJKaTladktpNG4tTWdEMEFlQ2N0NHpDVENfTHllTC1sYjF2U2hUbkZNTFHSAdMBQVVfeXFMT2hYN1VWdXc5UE8zVUVFVVZVS0hGbzRzVS1pMmxQYXJFdUtqZ0FUTEU0Z09xdFNZemNfRFVEVldwWWdFY3Q0VzBkS3lFYkFMR0w1NW5vVkt3blg1OXc3aWhkeHkzOWE3c0dOQ18xRzlrNXVJUmxqeHpnUzhtbnpvWUhlQXJFU0RZODRjS29PUDNvRlNfMFNtWU4zNF8xMHhVQWN0bEU0dHJraUllQ3A3QjRlVjFZRTJqbmNYazIyTXNsbUdpVldoWUpENWVCcktuTTVjZw?oc=5,Google News - Risk,RSS,0.7,"Wed, 08 Jul 2026 07:00:00 GMT",2026-09-01T22:46:06.731134+00:00,0.5574,BULLISH,1,0.1,0.039018
dba59e6b72eff56451bb5dfecc3df8ed895e714f0bf6894c602153b9fb7820a3,Assembly discusses land allotted to Reliance in Nellore district - The Hindu,"<a href=""https://news.google.com/rss/articles/CBMi1AFBVV95cUxOYXlXTVFweTF2NVEwQ1JvQVlDU1I5dnE2bzdCUVdzMW5tZjVoTHJCYXBIdnNwV1F3Q2NMdjNWZU5kb1B2TnNCaVFvZmFzRDJUanNneVdWQkdIaXdxZXYxNEJuQm5EeExMcmpVSGh4M0RNdV9vUDR1X1FnY3lqejB0czkweVhoT3VvWDRNenRBMk5ZdWlxamFrMEhCZjJPanIwcUJ2QXVLamk5SVZNOUxlVUNKREFVRy1hSXNib1RmM3lUdnhiaXAyQ0lCOUNlN0JhS2FaeNIB2wFBVV95cUxPbFgzbGNoMVRzRlR0ZEFDR0JMdkxhQUgxUE1UNU0wMEhEaG9VdWM0aldZTHhwZ1RPcTBCRndBeHhGQlR6OUJYb1NWZDFXczJNNFJNZ2hxdGc4Z0ZSMVhKcjF4NkJmcVFOblBHOVA5Vks2djcwcng5WGpyMTNrdTZDNU5rbFlJTmxqZjUxU2JKWFpiYnZBeFVud1dXVUhXZm5IcmJpaHJkdVBibHZseFpHTFNrbGFiOEh3aGhMZjVFRUlxeE9UdWN2NS1OQXdPX1Z0OGRCeFo1VUtLVzQ?oc=5"" target=""_blank"">Assembly discusses land allotted to Reliance in Nellore district</a>&nbsp;&nbsp;<font color=""#6f6f6f"">The Hindu</font>",https://news.google.com/rss/articles/CBMi1AFBVV95cUxOYXlXTVFweTF2NVEwQ1JvQVlDU1I5dnE2bzdCUVdzMW5tZjVoTHJCYXBIdnNwV1F3Q2NMdjNWZU5kb1B2TnNCaVFvZmFzRDJUanNneVdWQkdIaXdxZXYxNEJuQm5EeExMcmpVSGh4M0RNdV9vUDR1X1FnY3lqejB0czkweVhoT3VvWDRNenRBMk5ZdWlxamFrMEhCZjJPanIwcUJ2QXVLamk5SVZNOUxlVUNKREFVRy1hSXNib1RmM3lUdnhiaXAyQ0lCOUNlN0JhS2FaeNIB2wFBVV95cUxPbFgzbGNoMVRzRlR0ZEFDR0JMdkxhQUgxUE1UNU0wMEhEaG9VdWM0aldZTHhwZ1RPcTBCRndBeHhGQlR6OUJYb1NWZDFXczJNNFJNZ2hxdGc4Z0ZSMVhKcjF4NkJmcVFOblBHOVA5Vks2djcwcng5WGpyMTNrdTZDNU5rbFlJTmxqZjUxU2JKWFpiYnZBeFVud1dXVUhXZm5IcmJpaHJkdVBibHZseFpHTFNrbGFiOEh3aGhMZjVFRUlxeE9UdWN2NS1OQXdPX1Z0OGRCeFo1VUtLVzQ?oc=5,Google News - Deals,RSS,0.7,"Mon, 10 Mar 2025 07:00:00 GMT",2026-09-01T22:46:06.163931+00:00,0.0,NEUTRAL,1,0.1,0.0
875234e1f68724993375acbc913e9cceacb21570ba49e04e990ed934ae2a852e,CBI files one more financial fraud case against industrialist Anil Ambani - newindianexpress.com,"<a href=""https://news.google.com/rss/articles/CBMiwgFBVV95cUxOdGFrQzFobGVtQzZNYXVRSnl2bVBnRVYzVlI5QlE4VXJWLXB6YjVkRmF6SGo2THdHcWw1WWg4VkRpaXJGbW5ZOFBrajZKVUFoc3dfWEo1c2d4akNWZ3o5Rlh5Z0ZIOURRR3h5ZUhjb2hFRDdhQ0NkTmlQSzFQclFZa25ZYkxzWGJVUVM3UWxmbE1lbFJDNDJTTlVzRkNlaWtxX0NvSV9LT2hoS01kZG1MWEltOHJ5RHJYYTF2MTUwT2Nrd9IBzwFBVV95cUxNUVhGb3BvamVidzRqXzZTQUZOWkc3VU9Vc3lwbGpsSTVlZ0lpUzBGaDNYLUFWc1daeVROd2dsOVBSOF8yeE9WT2xwMGlUNE4tTXhwNHhlcVZKbDU0akg5eFpCTDVhVGp0V1Nfd3ZKWGlUXzNPSG9sOElNZmxGZUU3Q0lfa3NNZ2VBRkg4bUZOcjR2T1lWcVVVV1FrTWVyTVp5Y3JReXZzVXlJdGEtR3lxN2NzT3pQTVhGU3NOUnhHbmlycVdqM28xTWt5d2NvdUE?oc=5"" target=""_blank"">CBI files one more financial fraud case against industrialist Anil Ambani</a>&nbsp;&nbsp;<font color=""#6f6f6f"">newindianexpress.com</font>",https://news.google.com/rss/articles/CBMiwgFBVV95cUxOdGFrQzFobGVtQzZNYXVRSnl2bVBnRVYzVlI5QlE4VXJWLXB6YjVkRmF6SGo2THdHcWw1WWg4VkRpaXJGbW5ZOFBrajZKVUFoc3dfWEo1c2d4akNWZ3o5Rlh5Z0ZIOURRR3h5ZUhjb2hFRDdhQ0NkTmlQSzFQclFZa25ZYkxzWGJVUVM3UWxmbE1lbFJDNDJTTlVzRkNlaWtxX0NvSV9LT2hoS01kZG1MWEltOHJ5RHJYYTF2MTUwT2Nrd9IBzwFBVV95cUxNUVhGb3BvamVidzRqXzZTQUZOWkc3VU9Vc3lwbGpsSTVlZ0lpUzBGaDNYLUFWc1daeVROd2dsOVBSOF8yeE9WT2xwMGlUNE4tTXhwNHhlcVZKbDU0akg5eFpCTDVhVGp0V1Nfd3ZKWGlUXzNPSG9sOElNZmxGZUU3Q0lfa3NNZ2VBRkg4bUZOcjR2T1lWcVVVV1FrTWVyTVp5Y3JReXZzVXlJdGEtR3lxN2NzT3pQTVhGU3NOUnhHbmlycVdqM28xTWt5d2NvdUE?oc=5,Google News - Results,RSS,0.7,"Sun, 08 Mar 2026 08:00:00 GMT",2026-09-01T22:46:05.711499+00:00,-0.8964000000000001,BEARISH,1,0.1,-0.06274800000000001
af4eb0302529c85adb3458e168cb503ea915b4b79141efefa4dc226ebf7c34f3,Reliance Group Clarifies Former Executives No Longer Associated - Construction World,"<a href=""https://news.google.com/rss/articles/CBMi0AFBVV95cUxQMmJFWW8yM0FpVmtYd3I2YWViMkNxRWZYeEZnWUEzc0tKWkdzaW9kQnkwdjVmY1hwWHRDeFRQQ0g0R2x3MzhHNTc4eGVjRkZQbXlZQXM0YUNpYldhajNjdEk0cmNQVGNfTHVRWXhCd19NWU4wWk04U29VQk1iYzZsZ1cydEoyU0kwblE2c2g5TUViRVIxMWZfMTJKRmp6Z2ZIY1JDTFFOcmlVOWs0QlA2TlFIVlU3cWhiTThJeThvaWxldnd1Z3FDZnJwa3I3aW53?oc=5"" target=""_blank"">Reliance Group Clarifies Former Executives No Longer Associated</a>&nbsp;&nbsp;<font color=""#6f6f6f"">Construction World</font>",https://news.google.com/rss/articles/CBMi0AFBVV95cUxQMmJFWW8yM0FpVmtYd3I2YWViMkNxRWZYeEZnWUEzc0tKWkdzaW9kQnkwdjVmY1hwWHRDeFRQQ0g0R2x3MzhHNTc4eGVjRkZQbXlZQXM0YUNpYldhajNjdEk0cmNQVGNfTHVRWXhCd19NWU4wWk04U29VQk1iYzZsZ1cydEoyU0kwblE2c2g5TUViRVIxMWZfMTJKRmp6Z2ZIY1JDTFFOcmlVOWs0QlA2TlFIVlU3cWhiTThJeThvaWxldnd1Z3FDZnJwa3I3aW53?oc=5,Google News - Deals,RSS,0.7,"Tue, 21 Apr 2026 07:00:00 GMT",2026-09-01T22:46:06.163590+00:00,-0.1531,NEUTRAL,1,0.1,-0.010717
1df38fefae6c9495d652b33cd1822b4fa96beba2e4c097f815a5f0a282435c20,"CBI arrests former CEOs of RCFL, RHFL in Reliance ADA Group cases - The Hindu","<a href=""https://news.google.com/rss/articles/CBMixgFBVV95cUxORDVnQlpqaTdiNlpvOG5QcFQxYU9XVTU5bHIxRVFLQ1RpWlBRUEpEX0NiYkx4RHU1NHF4SmZteUI5U3FFeUZPTEs5Y3l5Yk5tNEtuZDJ3ZXVKTFY5RTZYcGVVN29kSk1kVVkzc2pMbUdxeE5tWE1WdnQtTWZBM2V6TjRDY0RzWnRCUHBudUZLTjlHRF9icWgtVmEzWXVYRmFlbXdCR0Y4ZnZOaVlzRy01N2pnYkZPbWV1azZLNnZsMVZPdXRqVlHSAcwBQVVfeXFMT21SOFE3ZHRqUEk1TDRYN19EdlpCRTVicUxRU2dYNHBnbm44VmNmbUR4U0NYZEJuTENRUWpBT0QtT0hjNVBaQnZEMWg4c0JuMWxiTE1ENmFsQzVfVkdGcEx1YllneXhVYjZadVNqSU9id21xcmh5dnFSQ05DLUIyLXZaTGVfMVBXRDNhLWVQMUpkX0FlVmVDcEE0anQyR3h3cm9sdXpGeGN4YnB1MEt5TzBkd2dTZkhYSUhqSE9SZG1CMk5uSHNCMlpBbGVi?oc=5"" target=""_blank"">CBI arrests former CEOs of RCFL, RHFL in Reliance ADA Group cases</a>&nbsp;&nbsp;<font color=""#6f6f6f"">The Hindu</font>",https://news.google.com/rss/articles/CBMixgFBVV95cUxORDVnQlpqaTdiNlpvOG5QcFQxYU9XVTU5bHIxRVFLQ1RpWlBRUEpEX0NiYkx4RHU1NHF4SmZteUI5U3FFeUZPTEs5Y3l5Yk5tNEtuZDJ3ZXVKTFY5RTZYcGVVN29kSk1kVVkzc2pMbUdxeE5tWE1WdnQtTWZBM2V6TjRDY0RzWnRCUHBudUZLTjlHRF9icWgtVmEzWXVYRmFlbXdCR0Y4ZnZOaVlzRy01N2pnYkZPbWV1azZLNnZsMVZPdXRqVlHSAcwBQVVfeXFMT21SOFE3ZHRqUEk1TDRYN19EdlpCRTVicUxRU2dYNHBnbm44VmNmbUR4U0NYZEJuTENRUWpBT0QtT0hjNVBaQnZEMWg4c0JuMWxiTE1ENmFsQzVfVkdGcEx1YllneXhVYjZadVNqSU9id21xcmh5dnFSQ05DLUIyLXZaTGVfMVBXRDNhLWVQMUpkX0FlVmVDcEE0anQyR3h3cm9sdXpGeGN4YnB1MEt5TzBkd2dTZkhYSUhqSE9SZG1CMk5uSHNCMlpBbGVi?oc=5,Google News - Results,RSS,0.7,"Mon, 22 Jun 2026 07:00:00 GMT",2026-09-01T22:46:05.711454+00:00,-0.7003,BEARISH,1,0.1,-0.049021
6d3a52d5c9fad0264d97241ef58b7aa5684ddc4748063d91070af5ce8416f5bd,"CBI arrests former CEOs of RCFL, RHFL in Rs 7,623 crore bank fraud case - newindianexpress.com","<a href=""https://news.google.com/rss/articles/CBMiwAFBVV95cUxQSEJoN1AzYWM1bnFHV2luV2pJVFdrSVlHS05FMW9PUS1uRlhLOEFqRzVDVXZ0VU80WGNPV2dfSnVWbUZoRnRxSVJkeWZiTHZHSkFMcFBSMjhvWktFMGdDZXNpdTNwZmhEeHUtOXdlcmU2T3RLT01IZmo5VFBVdzE4cUNRN0VSRjIybnFhakVqb1Z4T0pvUEVIOFBwRHVJaXpDOEtZRElndHBwcTBnYnFtdzB2WVdqMldFdFkzckRBWUM?oc=5"" target=""_blank"">CBI arrests former CEOs of RCFL, RHFL in Rs 7,623 crore bank fraud case</a>&nbsp;&nbsp;<font color=""#6f6f6f"">newindianexpress.com</font>",https://news.google.com/rss/articles/CBMiwAFBVV95cUxQSEJoN1AzYWM1bnFHV2luV2pJVFdrSVlHS05FMW9PUS1uRlhLOEFqRzVDVXZ0VU80WGNPV2dfSnVWbUZoRnRxSVJkeWZiTHZHSkFMcFBSMjhvWktFMGdDZXNpdTNwZmhEeHUtOXdlcmU2T3RLT01IZmo5VFBVdzE4cUNRN0VSRjIybnFhakVqb1Z4T0pvUEVIOFBwRHVJaXpDOEtZRElndHBwcTBnYnFtdzB2WVdqMldFdFkzckRBWUM?oc=5,Google News - Results,RSS,0.7,"Mon, 22 Jun 2026 07:00:00 GMT",2026-09-01T22:46:05.711446+00:00,-0.9746,BEARISH,1,0.1,-0.06822199999999999
8e02fb805d804aa0ff8c64fdbf85b4e61e05fc892b0ff4fbe2a2192ea4ff5f32,Anil Ambani-Backed Power Company Jumps 17% to Become Top Nifty 500 Gainer After Announcing AI-Focused Subsidiary Restructuring - Dalal Street Investment Journal,"<a href=""https://news.google.com/rss/articles/CBMihAJBVV95cUxNaV8yNUhuQXlNaEwzZ1dGTXZHMl9TajZ2Sm0zZ0o5dVhrMkxRLVJZdnRDdmVQZzJSYjkyeU9PZUNZVjgwTW52YjlEbjNqb3VXdFhLM2NpbnhWLWlyM051WmxwVTlxSWJMbkdQSUk5SHNnVVJfUXZRMGV6MHB1RW4wYTM4NlNKVWRhYXA1WUI0YVlNUk5RNHF2R2ZQbTN5MVAyalZFbnpZeWMzRWtmRGlQSWt0TTFrVHBsWHBybXhQdTg2LV9vQkN6N1Bib3lSRjRXYWpSX1lmSXduVzZXdDdhcmZVcldHcXZBTUZpRDNhMjE4QjdOYTN1cWJOb3ZMZTJPVER4eQ?oc=5"" target=""_blank"">Anil Ambani-Backed Power Company Jumps 17% to Become Top Nifty 500 Gainer After Announcing AI-Focused Subsidiary Restructuring</a>&nbsp;&nbsp;<font color=""#6f6f6f"">Dalal Street Investment Journal</font>",https://news.google.com/rss/articles/CBMihAJBVV95cUxNaV8yNUhuQXlNaEwzZ1dGTXZHMl9TajZ2Sm0zZ0o5dVhrMkxRLVJZdnRDdmVQZzJSYjkyeU9PZUNZVjgwTW52YjlEbjNqb3VXdFhLM2NpbnhWLWlyM051WmxwVTlxSWJMbkdQSUk5SHNnVVJfUXZRMGV6MHB1RW4wYTM4NlNKVWRhYXA1WUI0YVlNUk5RNHF2R2ZQbTN5MVAyalZFbnpZeWMzRWtmRGlQSWt0TTFrVHBsWHBybXhQdTg2LV9vQkN6N1Bib3lSRjRXYWpSX1lmSXduVzZXdDdhcmZVcldHcXZBTUZpRDNhMjE4QjdOYTN1cWJOb3ZMZTJPVER4eQ?oc=5,Google News - Deals,RSS,0.7,"Wed, 01 Jul 2026 07:00:00 GMT",2026-09-01T22:46:06.163422+00:00,0.8406,BULLISH,1,0.1,0.058842
267e1d4ba75c927c646a30b08cff07e395c25e52de9108b7821c491b1024b5dd,Reliance Infrastructure hits 5% lower circuit; what is spooking investors? - Business Standard,"<a href=""https://news.google.com/rss/articles/CBMi3wFBVV95cUxNUzlLWjRGdFJvcFl6Ql9OaHBFcVg4dlotbVB4cWR0M2x0WnpxSXRNVnNVczkyR2FnVGFQek40bHRBYVlYeU5oYzVTanJ0TV9wVVNheV9XYVRjd3RBdVR6NmM1bWplbE42RzJvcHNrUVE5UElTeXF2RDRHZlpQTHZCSzlfRjVISXloV3puLWlXRUR4UjFiT3NDNllBdUZfbkFUamtGNkg3NUQyaGdDa3NZX0tsOUdsR1lpWHM4N1pzRWxOTGtvVEZoRS0tc1R2bGRGc3pUaEdURTBkSjhYOWxj0gHkAUFVX3lxTE84Qi12ZGNHYUlJQm8ycEVXVVdVZUpLOXBYVEV1OWNJdF9oWmJ2M2JRQ0Y3c2ZIY1B4dmhhUDNIQVR1N3JIOHR2Zl90bS1XMzFpbGQ0WU9OQWNaenhBNG9WT2FJMlRsMTN5NUpTeXZmX3NFN2pEUDVwSUZPVkNDcl80cW1FNmlpZzYxY1ctdldybGlrVTVMd284YnNaZ1RpbXNGTUlzS2NVTll6aGZlTXBiSThrcjYydUZRblI0ZDVTR1FwdmFRYXRvbVVCQ2tVNEM5M29ha1Bsa01SZGVyV2JBWUR5UA?oc=5"" target=""_blank"">Reliance Infrastructure hits 5% lower circuit; what is spooking investors?</a>&nbsp;&nbsp;<font color=""#6f6f6f"">Business Standard</font>",https://news.google.com/rss/articles/CBMi3wFBVV95cUxNUzlLWjRGdFJvcFl6Ql9OaHBFcVg4dlotbVB4cWR0M2x0WnpxSXRNVnNVczkyR2FnVGFQek40bHRBYVlYeU5oYzVTanJ0TV9wVVNheV9XYVRjd3RBdVR6NmM1bWplbE42RzJvcHNrUVE5UElTeXF2RDRHZlpQTHZCSzlfRjVISXloV3puLWlXRUR4UjFiT3NDNllBdUZfbkFUamtGNkg3NUQyaGdDa3NZX0tsOUdsR1lpWHM4N1pzRWxOTGtvVEZoRS0tc1R2bGRGc3pUaEdURTBkSjhYOWxj0gHkAUFVX3lxTE84Qi12ZGNHYUlJQm8ycEVXVVdVZUpLOXBYVEV1OWNJdF9oWmJ2M2JRQ0Y3c2ZIY1B4dmhhUDNIQVR1N3JIOHR2Zl90bS1XMzFpbGQ0WU9OQWNaenhBNG9WT2FJMlRsMTN5NUpTeXZmX3NFN2pEUDVwSUZPVkNDcl80cW1FNmlpZzYxY1ctdldybGlrVTVMd284YnNaZ1RpbXNGTUlzS2NVTll6aGZlTXBiSThrcjYydUZRblI0ZDVTR1FwdmFRYXRvbVVCQ2tVNEM5M29ha1Bsa01SZGVyV2JBWUR5UA?oc=5,Google News - Results,RSS,0.7,"Tue, 25 Nov 2025 08:00:00 GMT",2026-09-01T22:46:05.711732+00:00,-0.6046,BEARISH,1,0.1,-0.042322
